-- MySQL dump 10.13  Distrib 8.0.45, for Linux (x86_64)
--
-- Host: 127.0.0.1    Database: auth_db1
-- ------------------------------------------------------
-- Server version	12.1.2-MariaDB-ubu2404

/*!40101 SET @OLD_CHARACTER_SET_CLIENT=@@CHARACTER_SET_CLIENT */;
/*!40101 SET @OLD_CHARACTER_SET_RESULTS=@@CHARACTER_SET_RESULTS */;
/*!40101 SET @OLD_COLLATION_CONNECTION=@@COLLATION_CONNECTION */;
/*!50503 SET NAMES utf8mb4 */;
/*!40103 SET @OLD_TIME_ZONE=@@TIME_ZONE */;
/*!40103 SET TIME_ZONE='+00:00' */;
/*!40014 SET @OLD_UNIQUE_CHECKS=@@UNIQUE_CHECKS, UNIQUE_CHECKS=0 */;
/*!40014 SET @OLD_FOREIGN_KEY_CHECKS=@@FOREIGN_KEY_CHECKS, FOREIGN_KEY_CHECKS=0 */;
/*!40101 SET @OLD_SQL_MODE=@@SQL_MODE, SQL_MODE='NO_AUTO_VALUE_ON_ZERO' */;
/*!40111 SET @OLD_SQL_NOTES=@@SQL_NOTES, SQL_NOTES=0 */;

--
-- Table structure for table `Accessories`
--

DROP TABLE IF EXISTS `Accessories`;
/*!40101 SET @saved_cs_client     = @@character_set_client */;
/*!50503 SET character_set_client = utf8mb4 */;
CREATE TABLE `Accessories` (
  `product_id` int(11) NOT NULL,
  `accy_type` varchar(50) NOT NULL,
  `accy_descript` varchar(255) DEFAULT NULL,
  `accy_size` varchar(20) DEFAULT NULL,
  PRIMARY KEY (`product_id`),
  CONSTRAINT `1` FOREIGN KEY (`product_id`) REFERENCES `Product` (`product_id`)
) ENGINE=InnoDB DEFAULT CHARSET=utf8mb4 COLLATE=utf8mb4_uca1400_ai_ci;
/*!40101 SET character_set_client = @saved_cs_client */;

--
-- Dumping data for table `Accessories`
--

LOCK TABLES `Accessories` WRITE;
/*!40000 ALTER TABLE `Accessories` DISABLE KEYS */;
INSERT INTO `Accessories` VALUES (1,'Key Ring','Official club key ring merchandise','S/M'),(2,'Cushion','Official club cushion merchandise','S/M'),(3,'Scarf','Official club scarf merchandise','M/L'),(4,'Water Bottle','Official club hydration merchandise','Standard'),(5,'Water Bottle','Official club hydration merchandise','Large'),(6,'Pin Badge','Official club collectible pin','Standard'),(7,'Tote Bag','Official club tote bag merchandise','Large'),(8,'Water Bottle','Official club hydration merchandise','12 inch'),(9,'Pennant','Official club pennant merchandise','Small'),(10,'Key Ring','Official club key ring merchandise','Small'),(11,'Water Bottle','Official club hydration merchandise','One Size'),(12,'Scarf','Official club scarf merchandise','Small'),(13,'Scarf','Official club scarf merchandise','Large'),(14,'Wristband','Official club athletic wristband','Standard'),(15,'Key Ring','Official club key ring merchandise','12 inch'),(16,'Pennant','Official club pennant merchandise','One Size'),(17,'Tote Bag','Official club tote bag merchandise','12 inch'),(18,'Pin Badge','Official club collectible pin','Standard'),(19,'Water Bottle','Official club hydration merchandise','Small'),(20,'Pin Badge','Official club collectible pin','One Size'),(21,'Wristband','Official club athletic wristband','Small'),(22,'Cushion','Official club cushion merchandise','Large'),(23,'Scarf','Official club scarf merchandise','Standard'),(24,'Cushion','Official club cushion merchandise','Standard'),(25,'Scarf','Official club scarf merchandise','S/M'),(26,'Wristband','Official club athletic wristband','S/M'),(27,'Tote Bag','Official club tote bag merchandise','M/L'),(28,'Wristband','Official club athletic wristband','Standard'),(29,'Wristband','Official club athletic wristband','One Size'),(30,'Cushion','Official club cushion merchandise','Large'),(31,'Water Bottle','Official club hydration merchandise','M/L'),(32,'Pennant','Official club pennant merchandise','12 inch'),(33,'Pennant','Official club pennant merchandise','12 inch'),(34,'Pin Badge','Official club collectible pin','Standard'),(35,'Tote Bag','Official club tote bag merchandise','Small'),(36,'Wristband','Official club athletic wristband','S/M'),(37,'Wristband','Official club athletic wristband','Standard'),(38,'Pennant','Official club pennant merchandise','M/L'),(39,'Pin Badge','Official club collectible pin','M/L'),(40,'Key Ring','Official club key ring merchandise','S/M'),(41,'Scarf','Official club scarf merchandise','Large'),(42,'Water Bottle','Official club hydration merchandise','12 inch'),(43,'Key Ring','Official club key ring merchandise','M/L'),(44,'Water Bottle','Official club hydration merchandise','M/L'),(45,'Water Bottle','Official club hydration merchandise','12 inch'),(46,'Pin Badge','Official club collectible pin','Large'),(47,'Pin Badge','Official club collectible pin','Large'),(48,'Wristband','Official club athletic wristband','M/L'),(49,'Scarf','Official club scarf merchandise','Standard'),(50,'Pennant','Official club pennant merchandise','S/M'),(51,'Water Bottle','Official club hydration merchandise','S/M'),(52,'Cushion','Official club cushion merchandise','Standard'),(53,'Tote Bag','Official club tote bag merchandise','Standard'),(54,'Pennant','Official club pennant merchandise','12 inch'),(55,'Water Bottle','Official club hydration merchandise','Large'),(56,'Water Bottle','Official club hydration merchandise','Small'),(57,'Water Bottle','Official club hydration merchandise','Large'),(58,'Scarf','Official club scarf merchandise','12 inch'),(59,'Tote Bag','Official club tote bag merchandise','M/L'),(60,'Pennant','Official club pennant merchandise','S/M'),(61,'Pin Badge','Official club collectible pin','Large'),(62,'Wristband','Official club athletic wristband','Large'),(63,'Water Bottle','Official club hydration merchandise','S/M'),(64,'Tote Bag','Official club tote bag merchandise','Standard'),(65,'Wristband','Official club athletic wristband','Standard'),(66,'Tote Bag','Official club tote bag merchandise','Large'),(67,'Tote Bag','Official club tote bag merchandise','S/M'),(68,'Pennant','Official club pennant merchandise','12 inch'),(69,'Cushion','Official club cushion merchandise','Standard'),(70,'Water Bottle','Official club hydration merchandise','Small'),(71,'Pin Badge','Official club collectible pin','Standard'),(72,'Cushion','Official club cushion merchandise','Small'),(73,'Pin Badge','Official club collectible pin','Large'),(74,'Scarf','Official club scarf merchandise','S/M'),(75,'Pin Badge','Official club collectible pin','S/M'),(76,'Water Bottle','Official club hydration merchandise','Standard'),(77,'Cushion','Official club cushion merchandise','Large'),(78,'Key Ring','Official club key ring merchandise','M/L'),(79,'Pin Badge','Official club collectible pin','S/M'),(80,'Pin Badge','Official club collectible pin','Large'),(81,'Scarf','Official club scarf merchandise','S/M'),(82,'Key Ring','Official club key ring merchandise','M/L'),(83,'Water Bottle','Official club hydration merchandise','Standard'),(84,'Pennant','Official club pennant merchandise','Small'),(85,'Pin Badge','Official club collectible pin','M/L'),(86,'Water Bottle','Official club hydration merchandise','One Size'),(87,'Water Bottle','Official club hydration merchandise','One Size'),(88,'Tote Bag','Official club tote bag merchandise','12 inch'),(89,'Water Bottle','Official club hydration merchandise','One Size'),(90,'Key Ring','Official club key ring merchandise','One Size'),(91,'Water Bottle','Official club hydration merchandise','Large'),(92,'Key Ring','Official club key ring merchandise','Small'),(93,'Water Bottle','Official club hydration merchandise','One Size'),(94,'Tote Bag','Official club tote bag merchandise','12 inch'),(95,'Pin Badge','Official club collectible pin','12 inch'),(96,'Cushion','Official club cushion merchandise','M/L'),(97,'Cushion','Official club cushion merchandise','S/M'),(98,'Pin Badge','Official club collectible pin','Large'),(99,'Water Bottle','Official club hydration merchandise','Small'),(100,'Key Ring','Official club key ring merchandise','12 inch'),(101,'Water Bottle','Official club hydration merchandise','Standard'),(102,'Pennant','Official club pennant merchandise','12 inch'),(103,'Tote Bag','Official club tote bag merchandise','12 inch'),(104,'Pennant','Official club pennant merchandise','Standard'),(105,'Scarf','Official club scarf merchandise','12 inch'),(106,'Tote Bag','Official club tote bag merchandise','Small'),(107,'Key Ring','Official club key ring merchandise','M/L'),(108,'Key Ring','Official club key ring merchandise','One Size'),(109,'Pennant','Official club pennant merchandise','Large'),(110,'Pennant','Official club pennant merchandise','Large'),(111,'Water Bottle','Official club hydration merchandise','12 inch'),(112,'Key Ring','Official club key ring merchandise','One Size'),(113,'Pin Badge','Official club collectible pin','One Size'),(114,'Key Ring','Official club key ring merchandise','M/L'),(115,'Tote Bag','Official club tote bag merchandise','Small'),(116,'Wristband','Official club athletic wristband','Small'),(117,'Scarf','Official club scarf merchandise','M/L'),(118,'Pin Badge','Official club collectible pin','S/M'),(119,'Wristband','Official club athletic wristband','S/M'),(120,'Pennant','Official club pennant merchandise','Small'),(121,'Tote Bag','Official club tote bag merchandise','S/M'),(122,'Water Bottle','Official club hydration merchandise','One Size'),(123,'Cushion','Official club cushion merchandise','Standard'),(124,'Key Ring','Official club key ring merchandise','Large'),(125,'Water Bottle','Official club hydration merchandise','S/M'),(126,'Cushion','Official club cushion merchandise','Standard'),(127,'Wristband','Official club athletic wristband','S/M'),(128,'Cushion','Official club cushion merchandise','12 inch'),(129,'Scarf','Official club scarf merchandise','One Size'),(130,'Tote Bag','Official club tote bag merchandise','Small'),(131,'Pin Badge','Official club collectible pin','One Size'),(132,'Tote Bag','Official club tote bag merchandise','Standard'),(133,'Key Ring','Official club key ring merchandise','M/L'),(134,'Wristband','Official club athletic wristband','S/M'),(135,'Tote Bag','Official club tote bag merchandise','Large'),(136,'Scarf','Official club scarf merchandise','Small'),(137,'Cushion','Official club cushion merchandise','M/L'),(138,'Tote Bag','Official club tote bag merchandise','Large'),(139,'Tote Bag','Official club tote bag merchandise','12 inch'),(140,'Water Bottle','Official club hydration merchandise','Large'),(141,'Key Ring','Official club key ring merchandise','M/L'),(142,'Cushion','Official club cushion merchandise','One Size'),(143,'Pin Badge','Official club collectible pin','Large'),(144,'Water Bottle','Official club hydration merchandise','S/M'),(145,'Cushion','Official club cushion merchandise','One Size'),(146,'Cushion','Official club cushion merchandise','Small'),(147,'Cushion','Official club cushion merchandise','Small'),(148,'Pennant','Official club pennant merchandise','Large'),(149,'Pennant','Official club pennant merchandise','12 inch'),(150,'Pin Badge','Official club collectible pin','Large'),(151,'Water Bottle','Official club hydration merchandise','Standard'),(152,'Key Ring','Official club key ring merchandise','Large'),(153,'Cushion','Official club cushion merchandise','Large'),(154,'Wristband','Official club athletic wristband','Small'),(155,'Tote Bag','Official club tote bag merchandise','M/L'),(156,'Pennant','Official club pennant merchandise','Large'),(157,'Cushion','Official club cushion merchandise','M/L'),(158,'Scarf','Official club scarf merchandise','M/L'),(159,'Tote Bag','Official club tote bag merchandise','12 inch'),(160,'Cushion','Official club cushion merchandise','Large'),(161,'Tote Bag','Official club tote bag merchandise','S/M'),(162,'Scarf','Official club scarf merchandise','Small'),(163,'Cushion','Official club cushion merchandise','S/M'),(164,'Key Ring','Official club key ring merchandise','Small'),(165,'Pennant','Official club pennant merchandise','Standard'),(166,'Pin Badge','Official club collectible pin','Small'),(167,'Cushion','Official club cushion merchandise','Standard'),(168,'Water Bottle','Official club hydration merchandise','M/L'),(169,'Cushion','Official club cushion merchandise','M/L'),(170,'Tote Bag','Official club tote bag merchandise','Large'),(171,'Scarf','Official club scarf merchandise','Standard'),(172,'Water Bottle','Official club hydration merchandise','Standard'),(173,'Water Bottle','Official club hydration merchandise','Standard'),(174,'Key Ring','Official club key ring merchandise','Standard'),(175,'Wristband','Official club athletic wristband','12 inch'),(176,'Tote Bag','Official club tote bag merchandise','S/M'),(177,'Pennant','Official club pennant merchandise','S/M'),(178,'Cushion','Official club cushion merchandise','Standard'),(179,'Key Ring','Official club key ring merchandise','12 inch'),(180,'Pin Badge','Official club collectible pin','12 inch'),(181,'Tote Bag','Official club tote bag merchandise','12 inch'),(182,'Pennant','Official club pennant merchandise','One Size'),(183,'Pennant','Official club pennant merchandise','One Size'),(184,'Water Bottle','Official club hydration merchandise','S/M'),(185,'Water Bottle','Official club hydration merchandise','12 inch'),(186,'Pennant','Official club pennant merchandise','M/L'),(187,'Key Ring','Official club key ring merchandise','M/L'),(188,'Pennant','Official club pennant merchandise','One Size'),(189,'Scarf','Official club scarf merchandise','Standard'),(190,'Wristband','Official club athletic wristband','One Size'),(191,'Tote Bag','Official club tote bag merchandise','Standard'),(192,'Wristband','Official club athletic wristband','M/L'),(193,'Water Bottle','Official club hydration merchandise','S/M'),(194,'Pennant','Official club pennant merchandise','12 inch'),(195,'Cushion','Official club cushion merchandise','Large'),(196,'Pennant','Official club pennant merchandise','Small'),(197,'Water Bottle','Official club hydration merchandise','Standard'),(198,'Scarf','Official club scarf merchandise','S/M'),(199,'Tote Bag','Official club tote bag merchandise','Large'),(200,'Tote Bag','Official club tote bag merchandise','Small'),(201,'Pennant','Official club pennant merchandise','Large'),(202,'Pennant','Official club pennant merchandise','S/M'),(203,'Wristband','Official club athletic wristband','S/M'),(204,'Wristband','Official club athletic wristband','M/L'),(205,'Cushion','Official club cushion merchandise','S/M'),(206,'Pin Badge','Official club collectible pin','12 inch'),(207,'Pin Badge','Official club collectible pin','Small'),(208,'Key Ring','Official club key ring merchandise','One Size'),(209,'Cushion','Official club cushion merchandise','Standard'),(210,'Wristband','Official club athletic wristband','Small'),(211,'Cushion','Official club cushion merchandise','12 inch'),(212,'Pennant','Official club pennant merchandise','M/L'),(213,'Key Ring','Official club key ring merchandise','Small'),(214,'Cushion','Official club cushion merchandise','S/M'),(215,'Key Ring','Official club key ring merchandise','Small'),(216,'Pin Badge','Official club collectible pin','Standard'),(217,'Scarf','Official club scarf merchandise','S/M'),(218,'Tote Bag','Official club tote bag merchandise','S/M'),(219,'Key Ring','Official club key ring merchandise','Large'),(220,'Scarf','Official club scarf merchandise','Large'),(221,'Water Bottle','Official club hydration merchandise','Large'),(222,'Pin Badge','Official club collectible pin','M/L'),(223,'Pin Badge','Official club collectible pin','M/L'),(224,'Key Ring','Official club key ring merchandise','One Size'),(225,'Key Ring','Official club key ring merchandise','12 inch'),(226,'Wristband','Official club athletic wristband','One Size'),(227,'Pennant','Official club pennant merchandise','12 inch'),(228,'Cushion','Official club cushion merchandise','12 inch'),(229,'Tote Bag','Official club tote bag merchandise','M/L'),(230,'Pennant','Official club pennant merchandise','12 inch'),(231,'Wristband','Official club athletic wristband','Standard'),(232,'Pin Badge','Official club collectible pin','One Size'),(233,'Tote Bag','Official club tote bag merchandise','12 inch'),(234,'Scarf','Official club scarf merchandise','S/M'),(235,'Cushion','Official club cushion merchandise','12 inch'),(236,'Water Bottle','Official club hydration merchandise','S/M'),(237,'Tote Bag','Official club tote bag merchandise','M/L'),(238,'Water Bottle','Official club hydration merchandise','Small'),(239,'Key Ring','Official club key ring merchandise','M/L'),(240,'Scarf','Official club scarf merchandise','S/M'),(241,'Water Bottle','Official club hydration merchandise','S/M'),(242,'Pennant','Official club pennant merchandise','M/L'),(243,'Cushion','Official club cushion merchandise','12 inch'),(244,'Water Bottle','Official club hydration merchandise','One Size'),(245,'Tote Bag','Official club tote bag merchandise','Large'),(246,'Pin Badge','Official club collectible pin','Small'),(247,'Cushion','Official club cushion merchandise','M/L'),(248,'Tote Bag','Official club tote bag merchandise','Standard'),(249,'Tote Bag','Official club tote bag merchandise','Standard'),(250,'Wristband','Official club athletic wristband','12 inch'),(251,'Cushion','Official club cushion merchandise','Large'),(252,'Wristband','Official club athletic wristband','Standard'),(253,'Pin Badge','Official club collectible pin','M/L'),(254,'Pin Badge','Official club collectible pin','S/M'),(255,'Tote Bag','Official club tote bag merchandise','M/L'),(256,'Wristband','Official club athletic wristband','M/L'),(257,'Cushion','Official club cushion merchandise','Standard'),(258,'Pennant','Official club pennant merchandise','12 inch'),(259,'Cushion','Official club cushion merchandise','Standard'),(260,'Scarf','Official club scarf merchandise','12 inch'),(261,'Pennant','Official club pennant merchandise','S/M'),(262,'Tote Bag','Official club tote bag merchandise','M/L'),(263,'Tote Bag','Official club tote bag merchandise','Standard'),(264,'Key Ring','Official club key ring merchandise','Standard'),(265,'Wristband','Official club athletic wristband','M/L'),(266,'Cushion','Official club cushion merchandise','Standard'),(267,'Tote Bag','Official club tote bag merchandise','One Size'),(268,'Wristband','Official club athletic wristband','Standard'),(269,'Water Bottle','Official club hydration merchandise','Small'),(270,'Pin Badge','Official club collectible pin','Standard'),(271,'Water Bottle','Official club hydration merchandise','Small'),(272,'Cushion','Official club cushion merchandise','12 inch'),(273,'Pin Badge','Official club collectible pin','One Size'),(274,'Pin Badge','Official club collectible pin','Large'),(275,'Key Ring','Official club key ring merchandise','12 inch'),(276,'Scarf','Official club scarf merchandise','S/M'),(277,'Cushion','Official club cushion merchandise','12 inch'),(278,'Pennant','Official club pennant merchandise','12 inch'),(279,'Cushion','Official club cushion merchandise','12 inch'),(280,'Scarf','Official club scarf merchandise','One Size'),(281,'Key Ring','Official club key ring merchandise','Small'),(282,'Key Ring','Official club key ring merchandise','S/M'),(283,'Tote Bag','Official club tote bag merchandise','Small'),(284,'Wristband','Official club athletic wristband','M/L'),(285,'Tote Bag','Official club tote bag merchandise','Large'),(286,'Pin Badge','Official club collectible pin','12 inch'),(287,'Water Bottle','Official club hydration merchandise','12 inch'),(288,'Pennant','Official club pennant merchandise','Standard'),(289,'Pennant','Official club pennant merchandise','Standard'),(290,'Key Ring','Official club key ring merchandise','One Size'),(291,'Water Bottle','Official club hydration merchandise','12 inch'),(292,'Scarf','Official club scarf merchandise','12 inch'),(293,'Pin Badge','Official club collectible pin','Large'),(294,'Pennant','Official club pennant merchandise','M/L'),(295,'Water Bottle','Official club hydration merchandise','One Size'),(296,'Water Bottle','Official club hydration merchandise','12 inch'),(297,'Tote Bag','Official club tote bag merchandise','M/L'),(298,'Pin Badge','Official club collectible pin','M/L'),(299,'Tote Bag','Official club tote bag merchandise','12 inch'),(300,'Scarf','Official club scarf merchandise','S/M'),(301,'Tote Bag','Official club tote bag merchandise','Standard'),(302,'Water Bottle','Official club hydration merchandise','One Size'),(303,'Tote Bag','Official club tote bag merchandise','S/M'),(304,'Scarf','Official club scarf merchandise','Large'),(305,'Pennant','Official club pennant merchandise','Large'),(306,'Key Ring','Official club key ring merchandise','Standard'),(307,'Scarf','Official club scarf merchandise','Standard'),(308,'Scarf','Official club scarf merchandise','S/M'),(309,'Scarf','Official club scarf merchandise','One Size'),(310,'Tote Bag','Official club tote bag merchandise','Small'),(311,'Pin Badge','Official club collectible pin','12 inch'),(312,'Tote Bag','Official club tote bag merchandise','Standard'),(313,'Key Ring','Official club key ring merchandise','Small'),(314,'Pennant','Official club pennant merchandise','M/L'),(315,'Tote Bag','Official club tote bag merchandise','Large'),(316,'Pin Badge','Official club collectible pin','One Size'),(317,'Cushion','Official club cushion merchandise','One Size'),(318,'Wristband','Official club athletic wristband','M/L'),(319,'Pennant','Official club pennant merchandise','Small'),(320,'Pennant','Official club pennant merchandise','S/M'),(321,'Pennant','Official club pennant merchandise','Large'),(322,'Wristband','Official club athletic wristband','Standard'),(323,'Tote Bag','Official club tote bag merchandise','Large'),(324,'Pin Badge','Official club collectible pin','Large'),(325,'Scarf','Official club scarf merchandise','S/M'),(326,'Scarf','Official club scarf merchandise','Standard'),(327,'Pin Badge','Official club collectible pin','One Size'),(328,'Key Ring','Official club key ring merchandise','M/L'),(329,'Water Bottle','Official club hydration merchandise','One Size'),(330,'Tote Bag','Official club tote bag merchandise','Large'),(331,'Cushion','Official club cushion merchandise','M/L'),(332,'Key Ring','Official club key ring merchandise','12 inch'),(333,'Tote Bag','Official club tote bag merchandise','Large'),(334,'Water Bottle','Official club hydration merchandise','12 inch'),(335,'Cushion','Official club cushion merchandise','12 inch'),(336,'Scarf','Official club scarf merchandise','Large'),(337,'Tote Bag','Official club tote bag merchandise','M/L'),(338,'Pennant','Official club pennant merchandise','M/L'),(339,'Wristband','Official club athletic wristband','Small'),(340,'Tote Bag','Official club tote bag merchandise','Small'),(341,'Key Ring','Official club key ring merchandise','Standard'),(342,'Wristband','Official club athletic wristband','One Size'),(343,'Tote Bag','Official club tote bag merchandise','One Size'),(344,'Tote Bag','Official club tote bag merchandise','M/L'),(345,'Wristband','Official club athletic wristband','Small'),(346,'Cushion','Official club cushion merchandise','12 inch'),(347,'Pennant','Official club pennant merchandise','M/L'),(348,'Pin Badge','Official club collectible pin','Large'),(349,'Water Bottle','Official club hydration merchandise','Small'),(350,'Tote Bag','Official club tote bag merchandise','Large'),(351,'Pennant','Official club pennant merchandise','One Size'),(352,'Wristband','Official club athletic wristband','Small'),(353,'Pennant','Official club pennant merchandise','Standard'),(354,'Pennant','Official club pennant merchandise','M/L'),(355,'Key Ring','Official club key ring merchandise','S/M'),(356,'Key Ring','Official club key ring merchandise','Large'),(357,'Water Bottle','Official club hydration merchandise','Large'),(358,'Pennant','Official club pennant merchandise','12 inch'),(359,'Wristband','Official club athletic wristband','S/M'),(360,'Scarf','Official club scarf merchandise','Small'),(361,'Water Bottle','Official club hydration merchandise','One Size'),(362,'Wristband','Official club athletic wristband','Large'),(363,'Wristband','Official club athletic wristband','One Size'),(364,'Wristband','Official club athletic wristband','Standard'),(365,'Scarf','Official club scarf merchandise','Standard'),(366,'Tote Bag','Official club tote bag merchandise','12 inch'),(367,'Cushion','Official club cushion merchandise','12 inch'),(368,'Water Bottle','Official club hydration merchandise','12 inch'),(369,'Scarf','Official club scarf merchandise','12 inch'),(370,'Wristband','Official club athletic wristband','S/M'),(371,'Scarf','Official club scarf merchandise','One Size'),(372,'Wristband','Official club athletic wristband','M/L'),(373,'Scarf','Official club scarf merchandise','Large'),(374,'Wristband','Official club athletic wristband','M/L'),(375,'Scarf','Official club scarf merchandise','S/M'),(376,'Pin Badge','Official club collectible pin','12 inch'),(377,'Pennant','Official club pennant merchandise','Small'),(378,'Pennant','Official club pennant merchandise','Standard'),(379,'Water Bottle','Official club hydration merchandise','Standard'),(380,'Tote Bag','Official club tote bag merchandise','12 inch'),(381,'Scarf','Official club scarf merchandise','One Size'),(382,'Key Ring','Official club key ring merchandise','Small'),(383,'Wristband','Official club athletic wristband','Small'),(384,'Key Ring','Official club key ring merchandise','12 inch'),(385,'Key Ring','Official club key ring merchandise','Small'),(386,'Wristband','Official club athletic wristband','Small'),(387,'Key Ring','Official club key ring merchandise','Standard'),(388,'Scarf','Official club scarf merchandise','Large'),(389,'Key Ring','Official club key ring merchandise','Small'),(390,'Pin Badge','Official club collectible pin','Standard'),(391,'Scarf','Official club scarf merchandise','Standard'),(392,'Key Ring','Official club key ring merchandise','M/L'),(393,'Scarf','Official club scarf merchandise','Standard'),(394,'Tote Bag','Official club tote bag merchandise','One Size'),(395,'Pennant','Official club pennant merchandise','12 inch'),(396,'Key Ring','Official club key ring merchandise','S/M'),(397,'Scarf','Official club scarf merchandise','One Size'),(398,'Pin Badge','Official club collectible pin','M/L'),(399,'Pin Badge','Official club collectible pin','S/M'),(400,'Key Ring','Official club key ring merchandise','Small'),(401,'Pin Badge','Official club collectible pin','One Size'),(402,'Scarf','Official club scarf merchandise','12 inch'),(403,'Scarf','Official club scarf merchandise','Large'),(404,'Water Bottle','Official club hydration merchandise','Small'),(405,'Key Ring','Official club key ring merchandise','12 inch'),(406,'Water Bottle','Official club hydration merchandise','Standard'),(407,'Scarf','Official club scarf merchandise','Standard'),(408,'Pin Badge','Official club collectible pin','Large'),(409,'Cushion','Official club cushion merchandise','One Size'),(410,'Wristband','Official club athletic wristband','12 inch'),(411,'Wristband','Official club athletic wristband','Standard'),(412,'Pennant','Official club pennant merchandise','Small'),(413,'Wristband','Official club athletic wristband','Large'),(414,'Key Ring','Official club key ring merchandise','Standard'),(415,'Cushion','Official club cushion merchandise','One Size'),(416,'Cushion','Official club cushion merchandise','Large'),(417,'Pin Badge','Official club collectible pin','One Size'),(418,'Key Ring','Official club key ring merchandise','Large'),(419,'Cushion','Official club cushion merchandise','Standard'),(420,'Key Ring','Official club key ring merchandise','Large'),(421,'Water Bottle','Official club hydration merchandise','S/M'),(422,'Tote Bag','Official club tote bag merchandise','Large'),(423,'Water Bottle','Official club hydration merchandise','12 inch'),(424,'Scarf','Official club scarf merchandise','Small'),(425,'Scarf','Official club scarf merchandise','Large'),(426,'Cushion','Official club cushion merchandise','Standard'),(427,'Scarf','Official club scarf merchandise','Standard'),(428,'Key Ring','Official club key ring merchandise','Large'),(429,'Tote Bag','Official club tote bag merchandise','Small'),(430,'Key Ring','Official club key ring merchandise','Large'),(431,'Scarf','Official club scarf merchandise','12 inch'),(432,'Tote Bag','Official club tote bag merchandise','12 inch'),(433,'Key Ring','Official club key ring merchandise','12 inch'),(434,'Pennant','Official club pennant merchandise','Large'),(435,'Tote Bag','Official club tote bag merchandise','Small'),(436,'Water Bottle','Official club hydration merchandise','One Size'),(437,'Key Ring','Official club key ring merchandise','Small'),(438,'Key Ring','Official club key ring merchandise','12 inch'),(439,'Pennant','Official club pennant merchandise','M/L'),(440,'Tote Bag','Official club tote bag merchandise','Standard'),(441,'Pennant','Official club pennant merchandise','Large'),(442,'Water Bottle','Official club hydration merchandise','M/L'),(443,'Scarf','Official club scarf merchandise','One Size'),(444,'Key Ring','Official club key ring merchandise','M/L'),(445,'Pennant','Official club pennant merchandise','M/L'),(446,'Pin Badge','Official club collectible pin','Large'),(447,'Key Ring','Official club key ring merchandise','Small'),(448,'Cushion','Official club cushion merchandise','M/L'),(449,'Cushion','Official club cushion merchandise','Standard'),(450,'Pennant','Official club pennant merchandise','Standard'),(451,'Pin Badge','Official club collectible pin','S/M'),(452,'Cushion','Official club cushion merchandise','One Size'),(453,'Tote Bag','Official club tote bag merchandise','S/M'),(454,'Pennant','Official club pennant merchandise','S/M'),(455,'Scarf','Official club scarf merchandise','S/M'),(456,'Cushion','Official club cushion merchandise','Standard'),(457,'Pennant','Official club pennant merchandise','Standard'),(458,'Cushion','Official club cushion merchandise','One Size'),(459,'Scarf','Official club scarf merchandise','Standard'),(460,'Cushion','Official club cushion merchandise','One Size'),(461,'Key Ring','Official club key ring merchandise','Large'),(462,'Tote Bag','Official club tote bag merchandise','Standard'),(463,'Water Bottle','Official club hydration merchandise','Large'),(464,'Scarf','Official club scarf merchandise','Large'),(465,'Scarf','Official club scarf merchandise','Large'),(466,'Water Bottle','Official club hydration merchandise','M/L'),(467,'Pin Badge','Official club collectible pin','M/L'),(468,'Pennant','Official club pennant merchandise','One Size'),(469,'Water Bottle','Official club hydration merchandise','M/L'),(470,'Pennant','Official club pennant merchandise','12 inch'),(471,'Pennant','Official club pennant merchandise','12 inch'),(472,'Cushion','Official club cushion merchandise','Standard'),(473,'Key Ring','Official club key ring merchandise','Small'),(474,'Key Ring','Official club key ring merchandise','Standard'),(475,'Cushion','Official club cushion merchandise','M/L'),(476,'Cushion','Official club cushion merchandise','12 inch'),(477,'Pennant','Official club pennant merchandise','One Size'),(478,'Wristband','Official club athletic wristband','One Size'),(479,'Key Ring','Official club key ring merchandise','S/M'),(480,'Wristband','Official club athletic wristband','M/L'),(481,'Water Bottle','Official club hydration merchandise','Standard'),(482,'Cushion','Official club cushion merchandise','Large'),(483,'Cushion','Official club cushion merchandise','Large'),(484,'Water Bottle','Official club hydration merchandise','Small'),(485,'Tote Bag','Official club tote bag merchandise','One Size'),(486,'Scarf','Official club scarf merchandise','Large'),(487,'Key Ring','Official club key ring merchandise','M/L'),(488,'Wristband','Official club athletic wristband','Large'),(489,'Tote Bag','Official club tote bag merchandise','One Size'),(490,'Pennant','Official club pennant merchandise','Large'),(491,'Scarf','Official club scarf merchandise','S/M'),(492,'Pennant','Official club pennant merchandise','S/M'),(493,'Pennant','Official club pennant merchandise','One Size'),(494,'Wristband','Official club athletic wristband','Large'),(495,'Scarf','Official club scarf merchandise','12 inch'),(496,'Pin Badge','Official club collectible pin','M/L'),(497,'Cushion','Official club cushion merchandise','S/M'),(498,'Scarf','Official club scarf merchandise','S/M'),(499,'Scarf','Official club scarf merchandise','12 inch'),(500,'Tote Bag','Official club tote bag merchandise','Small');
/*!40000 ALTER TABLE `Accessories` ENABLE KEYS */;
UNLOCK TABLES;

--
-- Table structure for table `Customer`
--

DROP TABLE IF EXISTS `Customer`;
/*!40101 SET @saved_cs_client     = @@character_set_client */;
/*!50503 SET character_set_client = utf8mb4 */;
CREATE TABLE `Customer` (
  `customer_id` int(11) NOT NULL AUTO_INCREMENT,
  `cust_fname` varchar(100) NOT NULL,
  `cust_lname` varchar(100) NOT NULL,
  `cust_ph_num` varchar(30) DEFAULT NULL,
  `cust_address` varchar(250) NOT NULL,
  `cust_email` varchar(100) NOT NULL,
  PRIMARY KEY (`customer_id`)
) ENGINE=InnoDB AUTO_INCREMENT=521 DEFAULT CHARSET=utf8mb4 COLLATE=utf8mb4_uca1400_ai_ci;
/*!40101 SET character_set_client = @saved_cs_client */;

--
-- Dumping data for table `Customer`
--

LOCK TABLES `Customer` WRITE;
/*!40000 ALTER TABLE `Customer` DISABLE KEYS */;
INSERT INTO `Customer` VALUES (1,'James','Martinez','813-555-0101','101 Oak St, Tampa, FL 33601','james.martinez@email.com'),(2,'Sofia','Johnson','305-555-0202','220 Palm Ave, Miami, FL 33101','sofia.johnson@email.com'),(3,'Liam','Thompson','212-555-0303','55 Broadway, New York, NY 10006','liam.thompson@email.com'),(4,'Emma','Garcia','323-555-0404','876 Sunset Blvd, Los Angeles, CA 90028','emma.garcia@email.com'),(5,'Noah','Williams','312-555-0505','433 Michigan Ave, Chicago, IL 60601','noah.williams@email.com'),(6,'Olivia','Brown','404-555-0606','789 Peachtree St, Atlanta, GA 30308','olivia.brown@email.com'),(7,'Ethan','Davis','617-555-0707','12 Commonwealth Ave, Boston, MA 02215','ethan.davis@email.com'),(8,'Ava','Wilson','206-555-0808','301 Pike St, Seattle, WA 98101','ava.wilson@email.com'),(9,'Mason','Taylor','602-555-0909','500 N Central Ave, Phoenix, AZ 85004','mason.taylor@email.com'),(10,'Isabella','Anderson','832-555-1010','123 Main St, Houston, TX 77002','isabella.anderson@email.com'),(11,'Lucas','Thomas','720-555-1111','400 16th St, Denver, CO 80202','lucas.thomas@email.com'),(12,'Mia','Jackson','415-555-1212','1 Market St, San Francisco, CA 94105','mia.jackson@email.com'),(13,'Aiden','White','503-555-1313','200 SW Broadway, Portland, OR 97201','aiden.white@email.com'),(14,'Charlotte','Harris','702-555-1414','3700 Las Vegas Blvd, Las Vegas, NV 89109','charlotte.harris@email.com'),(15,'Jackson','Martin','919-555-1515','100 Fayetteville St, Raleigh, NC 27601','jackson.martin@email.com'),(16,'Amelia','Thompson','214-555-1616','1500 Marilla St, Dallas, TX 75201','amelia.thompson@email.com'),(17,'Logan','Moore','813-555-1717','4801 E Fowler Ave, Tampa, FL 33617','logan.moore@email.com'),(18,'Harper','Clark','305-555-1818','600 Brickell Ave, Miami, FL 33131','harper.clark@email.com'),(19,'Elijah','Rodriguez','407-555-1919','400 S Orange Ave, Orlando, FL 32801','elijah.rodriguez@email.com'),(20,'Abigail','Lewis','954-555-2020','1 E Broward Blvd, Fort Lauderdale, FL 33301','abigail.lewis@email.com'),(21,'Allison','Yu','631-555-7041','3818 Scott Circles Suite 062, Ginaside, OK 59028','allison.yu@hotmail.com'),(22,'Samantha','Obrien','059-555-0539','252 Mitchell Ports, North Robert, CO 80060','samantha.obrien@hotmail.com'),(23,'Brian','Dixon','726-555-7443','2763 Simmons Mission, Jacksonton, DE 68638','brian.dixon@gmail.com'),(24,'Kayla','Mendoza','396-555-3158','10110 Lawson Knoll Suite 478, Perezview, PR 37401','kayla.mendoza@hotmail.com'),(25,'Jason','Vasquez','320-555-0033','703 Daniel Mountains Apt. 832, Valenciahaven, LA 01060','jason.vasquez@gmail.com'),(26,'Brenda','Rogers','815-555-8950','53568 Anderson Centers Apt. 505, East Whitneyberg, HI 05123','brenda.rogers@yahoo.com'),(27,'Tyler','Rodriguez','109-555-5167','189 Robert Stream, Lake Ashlee, AS 19377','tyler.rodriguez@hotmail.com'),(28,'Heather','Morrison','399-555-7540','4368 Owen Creek, Port Danielle, IN 97735','heather.morrison@hotmail.com'),(29,'Paul','Ferguson','430-555-1398','Unit 9172 Box 9753, DPO AE 89993','paul.ferguson@hotmail.com'),(30,'Jose','Riddle','278-555-5395','800 Madison Ports Apt. 102, Woodwardchester, WV 16736','jose.riddle@gmail.com'),(31,'Dylan','Reed','609-555-1184','97439 Christopher Port Apt. 500, Nicholasfurt, IN 12137','dylan.reed@gmail.com'),(32,'Catherine','Turner','735-555-3220','0483 James Branch, East Nathan, MI 94425','catherine.turner@hotmail.com'),(33,'Daniel','Herrera','194-555-0093','44115 Daniel Fort, Taylorland, KY 66424','daniel.herrera@hotmail.com'),(34,'Richard','Fields','559-555-0859','32957 Ferguson Avenue Suite 004, Sarahbury, KY 54168','richard.fields@gmail.com'),(35,'Monica','Stephenson','943-555-3236','7433 Mcguire Turnpike Suite 562, Meganshire, MD 14863','monica.stephenson@yahoo.com'),(36,'Melissa','Hurst','413-555-2912','41173 Jenkins Summit, Harveyview, AZ 25411','melissa.hurst@hotmail.com'),(37,'Brittany','Watson','872-555-1599','0232 Parker Plain, Port Bruce, MO 02798','brittany.watson@hotmail.com'),(38,'Shannon','Johnson','469-555-0765','3880 Cody Springs, Gonzalezville, PW 12212','shannon.johnson@yahoo.com'),(39,'Jose','Barnes','105-555-4602','USNV Wilson, FPO AP 37299','jose.barnes@hotmail.com'),(40,'Gregory','Raymond','821-555-3441','029 Steven Run Apt. 762, Christianland, FL 77616','gregory.raymond@yahoo.com'),(41,'Michael','Novak','106-555-7124','9220 Baker Key, Johnsonton, PR 69884','michael.novak@yahoo.com'),(42,'Amanda','Rojas','072-555-6271','488 Allen Road Apt. 333, Charlesshire, UT 35778','amanda.rojas@yahoo.com'),(43,'Amy','Woodard','291-555-7908','92848 Martinez Mountains Suite 470, Danafort, IN 49802','amy.woodard@yahoo.com'),(44,'Mitchell','Greer','346-555-7462','899 Scott Isle, South Gregory, NY 12939','mitchell.greer@gmail.com'),(45,'Michael','Dalton','843-555-3478','08913 Lynch Stream, Russellburgh, CT 55916','michael.dalton@yahoo.com'),(46,'Joe','Ruiz','819-555-6345','99675 Katelyn Radial Suite 337, Port Rebeccachester, LA 12421','joe.ruiz@gmail.com'),(47,'Jay','Perez','887-555-5223','369 Frank Summit, West Robertfurt, CT 68247','jay.perez@yahoo.com'),(48,'Angela','Sanders','250-555-8597','2827 Moore Motorway, Summersfurt, FL 12569','angela.sanders@hotmail.com'),(49,'Kristina','Kennedy','782-555-1693','88380 Thomas Forks, East Connorshire, AK 69850','kristina.kennedy@gmail.com'),(50,'Brian','Boone','047-555-8914','699 Paul Forge, Lake Jacobberg, MS 10700','brian.boone@gmail.com'),(51,'Jeremy','Morgan','958-555-2595','1545 Deborah Lodge, North Peter, VI 83921','jeremy.morgan@yahoo.com'),(52,'Laura','Smith','375-555-3951','372 Tina Throughway Suite 875, Lake Bradleyhaven, WY 78541','laura.smith@gmail.com'),(53,'Amanda','Gardner','683-555-0643','4274 Taylor Via Apt. 470, Port Paulville, WA 83247','amanda.gardner@hotmail.com'),(54,'Jessica','Martinez','700-555-7258','809 Davis Walks, Theresamouth, AZ 78468','jessica.martinez@yahoo.com'),(55,'Deborah','Hunter','234-555-6822','93316 Katelyn Centers, North William, ME 16436','deborah.hunter@hotmail.com'),(56,'Robert','Morse','011-555-5602','222 Donna Flat, Emilybury, MI 56781','robert.morse@hotmail.com'),(57,'Steven','Houston','826-555-3302','889 Michael Isle, Port Kimberlyville, ME 57506','steven.houston@gmail.com'),(58,'Courtney','Marshall','192-555-9185','USS Miller, FPO AE 62162','courtney.marshall@hotmail.com'),(59,'Cynthia','Armstrong','645-555-4059','926 Joshua Turnpike, Port Heidifort, GA 17054','cynthia.armstrong@gmail.com'),(60,'Devin','Wu','849-555-3546','533 Keith Oval, Lake Donnatown, KS 71500','devin.wu@hotmail.com'),(61,'Robert','Davis','670-555-3856','96815 George Spring, Melissabury, IL 70501','robert.davis@hotmail.com'),(62,'Deborah','Page','771-555-0850','7584 Andrew Mountains, Owensview, DC 45902','deborah.page@gmail.com'),(63,'Rhonda','Lynch','615-555-7676','75597 Pierce Loop, Durantown, CA 34631','rhonda.lynch@gmail.com'),(64,'Joseph','Lin','625-555-3637','7490 Giles Island Suite 420, Paulborough, CT 43468','joseph.lin@hotmail.com'),(65,'Jake','Lynch','078-555-9999','202 Michael Mission Apt. 161, Andreaside, NH 65002','jake.lynch@gmail.com'),(66,'Martin','Gomez','711-555-3455','04625 Rodriguez Land Suite 025, Freyshire, HI 70220','martin.gomez@gmail.com'),(67,'Natasha','Juarez','865-555-6230','501 Jackson Streets, Sharonton, PR 19925','natasha.juarez@gmail.com'),(68,'Anthony','Mayer','029-555-3476','39950 Jones Ways, West Laura, AZ 27513','anthony.mayer@gmail.com'),(69,'Carly','Underwood','037-555-0083','888 Erica Fords, Hernandezbury, VI 56701','carly.underwood@hotmail.com'),(70,'Teresa','Gomez','685-555-5141','5242 Johnson Lodge Apt. 599, North Tom, VA 47503','teresa.gomez@yahoo.com'),(71,'Yolanda','Frank','722-555-5038','3570 Michael Plaza, South Jill, SD 43721','yolanda.frank@yahoo.com'),(72,'Lisa','Graham','964-555-0635','758 Shah Mountains, Antoniochester, GA 80088','lisa.graham@gmail.com'),(73,'Thomas','Allen','902-555-8068','170 Cindy Groves Apt. 574, Ericaland, NJ 13124','thomas.allen@gmail.com'),(74,'Travis','Williams','608-555-9103','3177 Dominic Underpass Suite 673, Hermanton, MS 50382','travis.williams@hotmail.com'),(75,'Daniel','Morris','396-555-0792','05937 Johnson Ford Suite 819, Lake Janet, NC 89369','daniel.morris@hotmail.com'),(76,'Adam','Gray','528-555-4191','239 Mitchell Summit, Davidfort, UT 89009','adam.gray@gmail.com'),(77,'Matthew','Smith','694-555-3716','5928 Sylvia Squares, Johnmouth, WY 74095','matthew.smith@gmail.com'),(78,'Jason','Pollard','674-555-2330','PSC 5857, Box 9216, APO AA 03144','jason.pollard@gmail.com'),(79,'Brian','Jackson','715-555-3425','751 Stein Motorway Suite 610, South Laurie, MP 46333','brian.jackson@gmail.com'),(80,'David','Washington','218-555-0939','0402 Bell Gardens, Port Dennisville, DC 81521','david.washington@yahoo.com'),(81,'Kelsey','Joyce','150-555-5103','8117 Miranda Overpass Suite 427, Lewiston, ID 29394','kelsey.joyce@gmail.com'),(82,'Felicia','Reyes','450-555-6462','28172 Martin Mall, Ronaldberg, AZ 97747','felicia.reyes@yahoo.com'),(83,'Autumn','Nguyen','761-555-5763','4495 John Well Apt. 543, South Michaelhaven, NM 56325','autumn.nguyen@gmail.com'),(84,'Donald','Martin','707-555-0633','1919 Deborah Streets, Carlsonhaven, CT 76644','donald.martin@hotmail.com'),(85,'Ashley','Anderson','399-555-8116','USNS Moore, FPO AP 85130','ashley.anderson@yahoo.com'),(86,'Carol','Herring','809-555-9890','86000 Chelsey Dam, Port Dawn, WA 63516','carol.herring@hotmail.com'),(87,'Carolyn','Nelson','089-555-0282','7639 Heather Forge, Tannerborough, DE 69316','carolyn.nelson@gmail.com'),(88,'Timothy','Woods','040-555-0121','94781 Mark Turnpike Suite 052, Davidshire, AL 49362','timothy.woods@gmail.com'),(89,'Robert','Haley','986-555-5608','88609 Jessica Center Apt. 647, West Sarahstad, KY 48654','robert.haley@hotmail.com'),(90,'John','Murphy','828-555-4898','5400 Simpson Meadow, Wardland, WY 21806','john.murphy@hotmail.com'),(91,'Richard','Johnson','850-555-6605','59603 Belinda Heights, Debraside, TX 32543','richard.johnson@hotmail.com'),(92,'Wendy','Flores','386-555-4180','01124 Travis Common, Whiteshire, MO 37609','wendy.flores@gmail.com'),(93,'Tim','Le','654-555-4646','73752 Crystal Lodge Suite 510, Michelleport, TN 77056','tim.le@gmail.com'),(94,'Debra','Hardy','952-555-9229','4251 Christopher Isle, South Wendy, MS 60512','debra.hardy@gmail.com'),(95,'Paul','Donaldson','489-555-2126','PSC 2633, Box 2874, APO AP 66856','paul.donaldson@yahoo.com'),(96,'Nicole','Brooks','652-555-6349','5908 Kelly Valleys Suite 278, Simsborough, PW 52486','nicole.brooks@yahoo.com'),(97,'Rachel','Johnson','787-555-3168','6096 Timothy Glens Suite 642, West Jason, NY 76036','rachel.johnson@yahoo.com'),(98,'Carla','Anderson','304-555-3312','664 Christopher Fords, West Sabrina, NY 11061','carla.anderson@yahoo.com'),(99,'Andrew','Mcdonald','042-555-8952','12260 William Drive Suite 799, Weberstad, PR 43090','andrew.mcdonald@gmail.com'),(100,'Julia','Chapman','332-555-6541','USNV Yates, FPO AA 49470','julia.chapman@gmail.com'),(101,'Jennifer','Torres','179-555-2477','1899 James Overpass, New Phillip, WV 63804','jennifer.torres@gmail.com'),(102,'Molly','Howard','391-555-4896','6646 Susan View, Allisonfurt, NY 24841','molly.howard@yahoo.com'),(103,'Jodi','Levine','293-555-8008','855 Amanda Canyon Suite 168, Lake Briana, WI 80288','jodi.levine@hotmail.com'),(104,'Wendy','White','461-555-0461','948 Smith Landing, Danielstad, FM 63891','wendy.white@gmail.com'),(105,'Christopher','Carter','542-555-8048','48714 Roberto Junctions Apt. 960, North William, MO 75307','christopher.carter@hotmail.com'),(106,'Christopher','Nelson','596-555-7200','0191 Christopher Mountains Apt. 085, Walkerport, NV 93624','christopher.nelson@hotmail.com'),(107,'Todd','Davis','760-555-3903','16109 Franklin Pine Suite 471, North Jasonview, OK 51822','todd.davis@gmail.com'),(108,'Shirley','West','184-555-1989','PSC 5487, Box 8582, APO AA 82686','shirley.west@gmail.com'),(109,'William','Anderson','559-555-7787','77198 Williams Brook Suite 479, South Christianmouth, SC 04457','william.anderson@yahoo.com'),(110,'David','Dominguez','393-555-2503','046 Lawson Lights, Orozcoville, IN 27503','david.dominguez@gmail.com'),(111,'Andrea','Ortega','115-555-0289','Unit 3712 Box 1340, DPO AE 39243','andrea.ortega@yahoo.com'),(112,'Xavier','Turner','615-555-4239','8927 Walls Radial Apt. 486, Lynnfort, VI 53912','xavier.turner@hotmail.com'),(113,'Laura','Skinner','243-555-8179','89637 Brown Trace Suite 247, Nelsonmouth, NH 76568','laura.skinner@gmail.com'),(114,'Crystal','Summers','896-555-9202','0363 Norris Lakes Apt. 767, West Lucasmouth, KS 25535','crystal.summers@yahoo.com'),(115,'Wayne','Barry','630-555-4201','5342 Michael Station, Hunterbury, CT 61768','wayne.barry@hotmail.com'),(116,'Michael','Ruiz','940-555-7341','Unit 1046 Box 8808, DPO AE 79388','michael.ruiz@yahoo.com'),(117,'Caitlyn','Wilson','017-555-9891','450 Allison Cliffs, Millerbury, IL 94315','caitlyn.wilson@hotmail.com'),(118,'Daniel','Mason','089-555-1989','PSC 7131, Box 7859, APO AE 92098','daniel.mason@yahoo.com'),(119,'Ryan','Mcmillan','501-555-5955','44402 Maria Island, South Christinaland, AL 95191','ryan.mcmillan@yahoo.com'),(120,'Jennifer','Tanner','019-555-1912','805 Hernandez Plains Apt. 311, Lake Karen, IA 88108','jennifer.tanner@gmail.com'),(121,'Sarah','Oneill','252-555-0229','89407 Williams Lake, Pageland, PR 76930','sarah.oneill@gmail.com'),(122,'Glenn','Rodriguez','643-555-8068','40655 James Run, East Christophertown, MN 19332','glenn.rodriguez@yahoo.com'),(123,'Michael','Gibson','864-555-5807','41970 Moore Road, New Jocelynberg, OK 09731','michael.gibson@gmail.com'),(124,'Tony','Robinson','709-555-0465','32528 Brittany Canyon Apt. 006, Theodoreland, MT 73932','tony.robinson@gmail.com'),(125,'Daniel','Garcia','543-555-9140','85585 Chen Bypass Apt. 105, East Allisonland, KY 03044','daniel.garcia@yahoo.com'),(126,'Robert','Hill','117-555-3619','745 Audrey Fords, Bryanton, WI 83202','robert.hill@hotmail.com'),(127,'Jennifer','Wang','340-555-5442','856 Martinez Ranch Apt. 140, East Laura, NJ 57995','jennifer.wang@yahoo.com'),(128,'Claudia','Velez','333-555-7361','70428 Sandra Springs Apt. 425, East Jillhaven, FM 21710','claudia.velez@gmail.com'),(129,'Dominique','Rodriguez','827-555-7037','57604 Harrington Crescent, Househaven, AS 12282','dominique.rodriguez@yahoo.com'),(130,'Tamara','Lee','700-555-3459','Unit 1175 Box 0357, DPO AA 71200','tamara.lee@yahoo.com'),(131,'Donald','Sexton','265-555-1446','941 Steven Hollow, New Paul, GU 86982','donald.sexton@yahoo.com'),(132,'Todd','Chaney','358-555-0662','8900 Martinez Falls, Walshmouth, TN 96177','todd.chaney@hotmail.com'),(133,'Lisa','Morgan','072-555-3604','60371 Elizabeth Way Apt. 223, Tashafort, AZ 02007','lisa.morgan@yahoo.com'),(134,'Katherine','Scott','691-555-7660','5770 Jones Passage, Joycetown, MT 87022','katherine.scott@yahoo.com'),(135,'Elizabeth','Thomas','919-555-0727','1754 Melissa Wells Apt. 456, West Tonyhaven, IL 45952','elizabeth.thomas@hotmail.com'),(136,'Jason','Garcia','741-555-9477','USCGC Owens, FPO AA 99154','jason.garcia@hotmail.com'),(137,'Alexander','Murphy','829-555-1536','Unit 7067 Box 8079, DPO AE 62812','alexander.murphy@gmail.com'),(138,'James','Becker','331-555-1042','143 Watts Spur Apt. 626, South Samuel, MS 01534','james.becker@yahoo.com'),(139,'Sydney','Wu','563-555-5350','Unit 4785 Box 2871, DPO AA 45652','sydney.wu@gmail.com'),(140,'Cassandra','Brown','956-555-0197','261 Garcia Loaf Suite 207, Jasonland, CO 32941','cassandra.brown@hotmail.com'),(141,'Felicia','Warner','599-555-6879','33423 Katherine Islands, Jeanton, MN 22316','felicia.warner@yahoo.com'),(142,'Diana','Williams','827-555-8225','584 Wolfe Wall, Haroldfort, MH 64855','diana.williams@gmail.com'),(143,'Edward','Hunter','201-555-9946','94086 Thomas Tunnel Suite 071, East Jessica, MD 35373','edward.hunter@hotmail.com'),(144,'Donna','Ramos','370-555-4752','17734 Hill Springs Apt. 786, Suzannemouth, VT 66806','donna.ramos@yahoo.com'),(145,'Adam','Fox','069-555-9115','598 Lewis Shores, Douglasberg, MT 90584','adam.fox@hotmail.com'),(146,'Richard','Cervantes','158-555-2839','046 Jones Park Apt. 332, Christopherchester, MO 66674','richard.cervantes@gmail.com'),(147,'Alicia','Robles','646-555-9797','535 William Key Suite 392, Beckerbury, NM 24600','alicia.robles@hotmail.com'),(148,'Joseph','Woods','818-555-7125','3117 Lawrence Mission Apt. 714, East Markborough, AK 65187','joseph.woods@yahoo.com'),(149,'Nancy','Mason','787-555-0645','574 Austin Lake, South Jessica, WI 20723','nancy.mason@hotmail.com'),(150,'Patrick','Bullock','712-555-5141','4270 John Valleys Suite 254, South John, MS 72970','patrick.bullock@hotmail.com'),(151,'Brandi','Turner','312-555-6722','177 Briana Camp, Lake Meghanside, SD 76364','brandi.turner@hotmail.com'),(152,'Sheila','Koch','015-555-6074','Unit 3749 Box 5400, DPO AE 45106','sheila.koch@gmail.com'),(153,'Samantha','Leonard','944-555-1856','8608 Welch Dale, Annashire, NY 16398','samantha.leonard@hotmail.com'),(154,'Vanessa','Hunter','315-555-6635','759 Simmons Tunnel Suite 521, Websterchester, NJ 40842','vanessa.hunter@hotmail.com'),(155,'Erika','Spencer','043-555-7097','PSC 5288, Box 2415, APO AA 39371','erika.spencer@hotmail.com'),(156,'Karen','Lee','784-555-6665','3301 Bean Springs, Juanberg, AK 48877','karen.lee@hotmail.com'),(157,'Gina','Richard','565-555-4785','Unit 9066 Box 9104, DPO AP 76599','gina.richard@gmail.com'),(158,'Christopher','Santiago','323-555-0717','3655 Hogan Freeway, Port Maureen, NJ 54405','christopher.santiago@yahoo.com'),(159,'Mary','Parks','348-555-3047','905 Raymond Plaza Suite 355, Piercemouth, GU 44453','mary.parks@gmail.com'),(160,'James','Schmidt','771-555-7655','614 Victoria Hill, Adamville, LA 15250','james.schmidt@yahoo.com'),(161,'Nathaniel','Ryan','253-555-2955','116 Gregory Way, South Jeffreyhaven, MN 40353','nathaniel.ryan@yahoo.com'),(162,'James','Buckley','885-555-0914','89671 Kim Forges, North Laurie, VT 37163','james.buckley@yahoo.com'),(163,'Scott','Huang','493-555-9071','1759 Delacruz Shoals, Josephhaven, FM 98511','scott.huang@hotmail.com'),(164,'Joshua','Mitchell','839-555-3415','34107 Vazquez Knoll, New Stevenburgh, NY 12985','joshua.mitchell@gmail.com'),(165,'Anthony','Collier','840-555-7546','18947 Raymond Crest, Megantown, DC 68784','anthony.collier@hotmail.com'),(166,'Morgan','Miller','319-555-3596','6101 Graham Mountains, Port Ernest, UT 87750','morgan.miller@hotmail.com'),(167,'Peter','Perkins','917-555-0820','78348 William Dam, Mcdonaldborough, PA 19810','peter.perkins@yahoo.com'),(168,'Dawn','Jackson','754-555-0026','1432 Warren Ports, Paynestad, RI 38231','dawn.jackson@gmail.com'),(169,'Nicholas','Burke','879-555-0397','092 Brown Stravenue Suite 823, Pruittfurt, NM 56197','nicholas.burke@hotmail.com'),(170,'Alison','Morales','556-555-7238','69637 Megan Skyway, West Dawn, TX 70229','alison.morales@hotmail.com'),(171,'Eric','Patrick','892-555-9933','73715 Jessica Loop, Lake Michelle, CA 04905','eric.patrick@yahoo.com'),(172,'Angela','Harris','945-555-3257','819 Ferrell Course Suite 508, Danielletown, CT 87897','angela.harris@yahoo.com'),(173,'Robert','Freeman','725-555-5752','203 Taylor Neck Apt. 837, Trevinofort, MH 62827','robert.freeman@gmail.com'),(174,'Amy','Weber','961-555-0042','2338 Michael Lock, Jeffreyside, ID 77877','amy.weber@yahoo.com'),(175,'Chelsea','Butler','662-555-2553','84681 Tony Tunnel Apt. 438, Harrisonbury, MP 24134','chelsea.butler@yahoo.com'),(176,'Natasha','Middleton','963-555-1200','6266 Lin Bridge Suite 829, New Tamarabury, NE 13391','natasha.middleton@hotmail.com'),(177,'Kimberly','Romero','015-555-2774','8986 Erica Corner Apt. 417, Port Joshua, OH 82321','kimberly.romero@yahoo.com'),(178,'Jennifer','Smith','254-555-1888','4627 Shawn Stravenue, Cheyennestad, OK 46716','jennifer.smith@yahoo.com'),(179,'Patricia','Ballard','941-555-0673','64562 Jennifer Forges Suite 820, Matthewport, AR 64225','patricia.ballard@yahoo.com'),(180,'John','Galvan','339-555-3488','45303 Ramos Flats, Lewishaven, WV 40210','john.galvan@hotmail.com'),(181,'Mary','Reed','892-555-4357','778 Todd Glens, Port Reginald, DC 58210','mary.reed@yahoo.com'),(182,'Eric','Martin','333-555-6040','86629 Tami Run Apt. 835, Marcusside, PW 27930','eric.martin@yahoo.com'),(183,'Marilyn','Cunningham','963-555-0504','0463 Collins Glen, East Morgan, MH 82979','marilyn.cunningham@hotmail.com'),(184,'Wendy','Mcconnell','804-555-5448','0368 Ralph Place, East Loriland, LA 10109','wendy.mcconnell@yahoo.com'),(185,'Derek','Jensen','815-555-8875','19910 Alvarado Hills, Geneberg, MP 28679','derek.jensen@yahoo.com'),(186,'Thomas','Montes','668-555-5757','7093 Haynes Station Apt. 754, West Ambermouth, MA 17177','thomas.montes@hotmail.com'),(187,'Lisa','Ruiz','723-555-1553','762 Sandra Springs, New Leslie, FM 04627','lisa.ruiz@hotmail.com'),(188,'Janice','Swanson','196-555-5438','2986 Sarah Squares, Lake Frankmouth, MT 84967','janice.swanson@yahoo.com'),(189,'Janice','Stephens','509-555-4583','416 Willis Island, Sarahborough, WA 43358','janice.stephens@gmail.com'),(190,'Jeffrey','Jacobson','434-555-9362','159 Anderson Path Apt. 130, East Cindy, NY 49093','jeffrey.jacobson@gmail.com'),(191,'Brandi','Jackson','006-555-1756','7355 Megan Turnpike, Carolton, GA 24964','brandi.jackson@yahoo.com'),(192,'Richard','George','693-555-6620','154 Carr Lodge Suite 076, Brownland, GU 19621','richard.george@hotmail.com'),(193,'Paul','Lopez','754-555-4693','Unit 8801 Box 2853, DPO AA 86582','paul.lopez@yahoo.com'),(194,'Jason','Powers','347-555-8761','9513 Brett Walks, Port Sabrina, PR 78385','jason.powers@hotmail.com'),(195,'John','Garcia','212-555-5388','09677 Herman Alley, Penamouth, WY 59775','john.garcia@gmail.com'),(196,'Phillip','Woods','073-555-6611','USNS Hahn, FPO AP 90745','phillip.woods@yahoo.com'),(197,'William','Graham','677-555-6510','79574 Hernandez Landing Suite 808, Sullivanside, CT 07717','william.graham@gmail.com'),(198,'Kevin','Ortiz','996-555-8835','2807 Garcia Mill, New Kimberlytown, HI 04308','kevin.ortiz@gmail.com'),(199,'Megan','Hall','201-555-5139','33239 Abigail Isle, Lake David, MT 03666','megan.hall@gmail.com'),(200,'Anthony','Moore','945-555-9072','0158 Kevin Squares Suite 397, West Katrinafort, CT 51803','anthony.moore@hotmail.com'),(201,'Bridget','Mcguire','154-555-6363','Unit 2302 Box 1810, DPO AA 82808','bridget.mcguire@gmail.com'),(202,'Lisa','Alexander','645-555-6405','24481 Laura Ramp, South Judy, CO 83513','lisa.alexander@hotmail.com'),(203,'Olivia','May','238-555-7373','381 Karen Rapids, Henrytown, NM 95638','olivia.may@yahoo.com'),(204,'Christopher','Miller','140-555-5604','2243 George Viaduct Suite 948, Hessville, WI 38404','christopher.miller@yahoo.com'),(205,'Logan','Johnson','643-555-3855','71912 Nichols Valleys Suite 845, New William, UT 60957','logan.johnson@hotmail.com'),(206,'Meredith','Palmer','865-555-1562','156 Conner Station, South Kevinton, NH 11649','meredith.palmer@yahoo.com'),(207,'Morgan','Joseph','795-555-2721','625 Emily Canyon Apt. 057, Lake Seanside, CO 65699','morgan.joseph@gmail.com'),(208,'David','Nguyen','763-555-8825','USCGC Armstrong, FPO AP 88668','david.nguyen@gmail.com'),(209,'David','Johnson','500-555-2082','63110 Daugherty Mountains, Rodriguezbury, MO 42811','david.johnson@gmail.com'),(210,'Ronald','Castillo','265-555-8766','6856 Caitlyn Row, Lake Katherinemouth, VA 96282','ronald.castillo@hotmail.com'),(211,'Darrell','Klein','871-555-5348','379 Lambert Ferry Apt. 797, Walshtown, AS 98501','darrell.klein@gmail.com'),(212,'Kenneth','Peterson','907-555-7385','09133 Escobar Landing, South Nicolebury, VI 13635','kenneth.peterson@gmail.com'),(213,'John','Simon','400-555-0284','08229 Silva Springs Apt. 875, Lopezbury, UT 75349','john.simon@gmail.com'),(214,'Noah','Stevens','213-555-0205','46092 Rush Freeway, Jeffreychester, PA 31072','noah.stevens@hotmail.com'),(215,'Jeremy','Burke','398-555-1480','73902 Thomas Freeway Suite 215, North Denise, TN 58050','jeremy.burke@gmail.com'),(216,'Stanley','Henderson','774-555-3790','757 Mary Walks Apt. 464, Lake Hannah, DC 06910','stanley.henderson@yahoo.com'),(217,'David','Wong','040-555-5551','53149 Martin Mews, Petersport, CO 74125','david.wong@hotmail.com'),(218,'Courtney','Dixon','124-555-8677','Unit 2503 Box 7926, DPO AA 05418','courtney.dixon@gmail.com'),(219,'Robert','Smith','816-555-6748','USS Gilbert, FPO AA 96991','robert.smith@yahoo.com'),(220,'Teresa','Williams','617-555-6622','128 Jacqueline Prairie Suite 520, South Bryan, AL 51661','teresa.williams@gmail.com'),(221,'Jason','Mcintosh','985-555-3527','953 Cindy Union, Lake Robert, ID 42370','jason.mcintosh@hotmail.com'),(222,'Kristen','Hoover','879-555-9356','3553 Alexa Manors, Ericshire, OR 82132','kristen.hoover@hotmail.com'),(223,'Melissa','Taylor','010-555-8739','7017 Wong Groves, Baileyberg, ND 75234','melissa.taylor@yahoo.com'),(224,'Jamie','Hoffman','700-555-1354','398 Nguyen Greens, East Daniel, AZ 16595','jamie.hoffman@yahoo.com'),(225,'Matthew','Jones','999-555-8815','53576 Smith Ports Suite 742, South Danny, AZ 29937','matthew.jones@hotmail.com'),(226,'Eric','Howe','415-555-2587','822 Ortiz Mountain Apt. 843, Zacharyshire, PA 51660','eric.howe@gmail.com'),(227,'Natalie','Cooper','579-555-9051','9712 Ashley Lodge, Robertfort, AS 00847','natalie.cooper@yahoo.com'),(228,'Melissa','White','712-555-4488','7539 Christopher Trace, Lake Theresaborough, AZ 09325','melissa.white@gmail.com'),(229,'Monique','Robles','668-555-3893','2846 Foster Crossing, Jamesbury, ID 26621','monique.robles@hotmail.com'),(230,'Rodney','Nash','567-555-9152','3931 Franco Club Apt. 366, New Tamarahaven, WY 95178','rodney.nash@gmail.com'),(231,'John','Ewing','692-555-8159','5229 Deborah Garden, North Katherinefurt, AS 73895','john.ewing@yahoo.com'),(232,'Kimberly','Wolfe','196-555-0564','81184 Howard Rue Suite 020, North Johnmouth, PR 71136','kimberly.wolfe@yahoo.com'),(233,'Julie','Nelson','968-555-9273','211 Crawford Squares, New Judyton, NC 46013','julie.nelson@gmail.com'),(234,'Jordan','Ferguson','184-555-1190','8886 Lindsay Field, Jesseborough, NJ 41871','jordan.ferguson@yahoo.com'),(235,'Dawn','Briggs','696-555-2421','20434 Oneill Keys Apt. 124, Hernandezbury, UT 94127','dawn.briggs@yahoo.com'),(236,'Candace','Simpson','358-555-0122','68383 Smith Islands Apt. 530, New Charles, CT 43012','candace.simpson@yahoo.com'),(237,'Philip','Cervantes','462-555-4015','39410 Kristie Pike, Teresamouth, MH 06776','philip.cervantes@gmail.com'),(238,'Katie','Hodges','000-555-4705','798 Mcdaniel Harbor, Lake Kirsten, MN 94949','katie.hodges@yahoo.com'),(239,'Robert','Brown','498-555-0483','67561 Jennifer Hill Apt. 660, New Nicoleton, NC 41017','robert.brown@yahoo.com'),(240,'Brian','Walker','343-555-7744','USS Castillo, FPO AE 18246','brian.walker@gmail.com'),(241,'Travis','Friedman','003-555-8066','USCGC Smith, FPO AE 24795','travis.friedman@yahoo.com'),(242,'Eric','Kelly','656-555-0899','567 Elizabeth Spur Suite 421, Adamshire, PR 33075','eric.kelly@gmail.com'),(243,'Shannon','Perkins','734-555-6422','929 Shelly Junctions Apt. 857, Lake Biancaton, KS 03979','shannon.perkins@yahoo.com'),(244,'Eileen','Mitchell','698-555-8513','1087 Fuentes Streets, North Cynthiaview, TN 37507','eileen.mitchell@hotmail.com'),(245,'Aaron','Howell','124-555-0109','PSC 4458, Box 2918, APO AP 16573','aaron.howell@hotmail.com'),(246,'Jack','Waters','440-555-0740','0417 Rogers Via Apt. 229, East Andrew, OH 01786','jack.waters@hotmail.com'),(247,'Richard','Dickerson','757-555-2662','832 David Valleys, North Melissa, DC 78391','richard.dickerson@hotmail.com'),(248,'Tyler','Barr','944-555-8771','45893 Lindsay Mission, Bridgeston, MT 10355','tyler.barr@yahoo.com'),(249,'Michelle','Paul','013-555-4497','864 Jessica Shoals Suite 480, Port Keith, OR 23565','michelle.paul@gmail.com'),(250,'Robert','Wallace','437-555-5354','282 David Landing, Myersburgh, OH 50429','robert.wallace@gmail.com'),(251,'Tammy','Martinez','148-555-6374','USNV Hubbard, FPO AP 02036','tammy.martinez@hotmail.com'),(252,'Heidi','Barnes','613-555-6769','1078 Tyler Ville, South Emilyhaven, NE 46948','heidi.barnes@yahoo.com'),(253,'Justin','Morgan','599-555-9844','97777 Ruiz Extension Suite 898, Barkerton, NJ 39208','justin.morgan@hotmail.com'),(254,'Jason','Diaz','308-555-1244','945 Dudley Gardens Apt. 187, North Gabrielamouth, ID 36918','jason.diaz@gmail.com'),(255,'Timothy','Conway','122-555-7469','109 Mason Village, Molinaside, MI 16856','timothy.conway@hotmail.com'),(256,'Sarah','Mosley','422-555-4939','259 Webster Square, West Melissaville, NJ 73182','sarah.mosley@yahoo.com'),(257,'Ebony','Ray','428-555-7747','13266 Aguilar Pike, New Jillian, MI 37953','ebony.ray@yahoo.com'),(258,'Heather','Reed','653-555-6525','467 Abbott Locks Apt. 248, South Joelfort, CA 84956','heather.reed@gmail.com'),(259,'Jose','Hall','340-555-1699','9550 Mccullough Junction, Rileyberg, WI 38649','jose.hall@yahoo.com'),(260,'Jennifer','Rush','898-555-2867','94971 Sheryl Glen, Lake Michelleton, MN 25819','jennifer.rush@gmail.com'),(261,'Brenda','Price','339-555-3580','08322 Amanda Ville, South Nicolefurt, GU 08735','brenda.price@hotmail.com'),(262,'Dillon','Thompson','481-555-5237','669 Lam Shoal Apt. 640, Jerryport, NC 09669','dillon.thompson@hotmail.com'),(263,'Karen','Hart','582-555-9914','15858 Foster Knoll, Jameshaven, SC 67944','karen.hart@gmail.com'),(264,'Stephen','Carter','587-555-0302','802 Bell Flat, West Richardchester, FM 42141','stephen.carter@gmail.com'),(265,'Tracy','Adams','787-555-4367','320 Kenneth Villages Suite 334, East Michellehaven, OH 52067','tracy.adams@gmail.com'),(266,'Erin','Joseph','804-555-4533','308 Salas Spur, Davischester, PA 86987','erin.joseph@yahoo.com'),(267,'Richard','Gonzalez','823-555-1118','50622 Nelson Curve Suite 811, Powellville, MA 87974','richard.gonzalez@yahoo.com'),(268,'Teresa','Mitchell','772-555-7112','80657 Ward Prairie, Margaretmouth, KS 56778','teresa.mitchell@hotmail.com'),(269,'Ryan','Juarez','003-555-3743','Unit 8958 Box 6235, DPO AA 85937','ryan.juarez@gmail.com'),(270,'Sandra','Hopkins','699-555-5930','84794 Stewart Plain, Jonesland, CT 20286','sandra.hopkins@gmail.com'),(271,'David','Bates','978-555-3054','Unit 8156 Box 8798, DPO AE 39365','david.bates@gmail.com'),(272,'Regina','York','338-555-6082','03257 Kathleen Village, Savageshire, NH 57374','regina.york@hotmail.com'),(273,'Monica','Hodges','843-555-1992','PSC 2990, Box 0709, APO AP 49071','monica.hodges@yahoo.com'),(274,'Brian','Bennett','092-555-2321','0181 Christie Rest Apt. 469, Hamiltonbury, UT 98920','brian.bennett@yahoo.com'),(275,'Jacob','Whitney','286-555-4014','541 Michele Cape, Christophermouth, IA 96299','jacob.whitney@hotmail.com'),(276,'Shannon','Jones','018-555-8420','253 Jonathan Tunnel Suite 940, Maloneborough, FM 49412','shannon.jones@hotmail.com'),(277,'Mark','Robinson','318-555-3688','239 Williams Shoal, Michaelville, IA 65147','mark.robinson@yahoo.com'),(278,'Aaron','Huynh','772-555-8754','5155 Gina Viaduct, North Marcus, AS 22284','aaron.huynh@yahoo.com'),(279,'Alex','Sanchez','525-555-2113','6564 Peggy Circle, Port Joanne, VI 41456','alex.sanchez@yahoo.com'),(280,'Brendan','Knight','692-555-1872','1456 Stephenson Trail Apt. 076, North Donaldchester, VT 49424','brendan.knight@yahoo.com'),(281,'Joseph','Richardson','357-555-3277','5925 Hernandez Mall, Port Matthew, DC 98943','joseph.richardson@hotmail.com'),(282,'Jennifer','Carpenter','555-555-8767','94122 Mora Stravenue Suite 279, Jeffreyfort, AR 97344','jennifer.carpenter@gmail.com'),(283,'Michael','Castro','225-555-7988','9150 Rose Lake Suite 293, South Brittany, MS 28732','michael.castro@hotmail.com'),(284,'Kristen','Peck','846-555-2804','0912 Schroeder Track Suite 558, Lake Elizabeth, CT 16354','kristen.peck@hotmail.com'),(285,'Kyle','Thomas','502-555-8157','0459 Stephen Locks Suite 863, East Keithburgh, ND 04064','kyle.thomas@yahoo.com'),(286,'Mary','Turner','368-555-5978','912 Ryan Avenue, New Johnathanton, NE 87988','mary.turner@hotmail.com'),(287,'Kyle','Garcia','608-555-1257','11545 Lopez Wall Apt. 214, Albertchester, ME 42073','kyle.garcia@yahoo.com'),(288,'Robert','Harris','098-555-3966','06907 Brittany Falls Apt. 237, East Kathleen, AZ 73371','robert.harris@gmail.com'),(289,'Christopher','Choi','832-555-4508','2100 Chelsea Wall Suite 456, West Albertview, NC 81645','christopher.choi@gmail.com'),(290,'George','Craig','342-555-3506','5467 Payne Station Suite 200, Port Johnhaven, CO 80858','george.craig@hotmail.com'),(291,'Stephanie','Lee','986-555-1196','43550 Henderson Avenue, Lake Williamstad, ND 61857','stephanie.lee@gmail.com'),(292,'Patrick','Fisher','483-555-9154','05992 Pacheco Ramp Suite 614, New Vickihaven, IA 82887','patrick.fisher@yahoo.com'),(293,'Jonathan','Levine','762-555-2765','64569 Katrina Garden, East Jacob, UT 95150','jonathan.levine@yahoo.com'),(294,'Calvin','Jones','059-555-8504','171 Lance River Apt. 245, Harmonberg, ID 22541','calvin.jones@yahoo.com'),(295,'Joshua','Steele','292-555-8263','91310 Thornton Pines Apt. 235, North Heatherview, MN 56621','joshua.steele@hotmail.com'),(296,'Elizabeth','Smith','728-555-5693','753 Jackson Highway Suite 077, Lake Kevin, AK 66248','elizabeth.smith@gmail.com'),(297,'Kimberly','Jacobs','285-555-9019','0059 Nguyen Well Apt. 710, Leeland, KS 53408','kimberly.jacobs@hotmail.com'),(298,'Jeffery','Morrison','576-555-7067','USNS Simon, FPO AP 10808','jeffery.morrison@gmail.com'),(299,'Scott','Sullivan','555-555-8355','13149 Ellen Lodge Suite 405, Amandachester, SD 02127','scott.sullivan@gmail.com'),(300,'Steven','Morris','105-555-4942','PSC 8334, Box 4815, APO AE 77411','steven.morris@gmail.com'),(301,'Jonathan','Anderson','426-555-4651','4768 Jones Valley Suite 406, Dianeton, IL 52951','jonathan.anderson@gmail.com'),(302,'Michael','Johnson','341-555-1529','9112 Hernandez Point, Nancyville, IL 91034','michael.johnson@gmail.com'),(303,'Jason','Nelson','468-555-4052','71789 Gaines Springs Suite 939, New Williamside, NH 03156','jason.nelson@yahoo.com'),(304,'Andrea','Jones','491-555-8872','6880 Porter Lodge Suite 827, Port Matthew, MN 07990','andrea.jones@yahoo.com'),(305,'Cindy','Morgan','772-555-3165','706 Nelson Knolls Apt. 498, Port Julie, FL 13507','cindy.morgan@yahoo.com'),(306,'Timothy','Roberts','798-555-5466','0465 Adam Hills Suite 050, East Alfredmouth, OR 44372','timothy.roberts@yahoo.com'),(307,'Keith','Coleman','554-555-7214','2986 Ashley River, Rayville, VI 21829','keith.coleman@hotmail.com'),(308,'Miguel','Santos','849-555-7915','255 Schwartz Place, Andrewsmouth, NV 58582','miguel.santos@yahoo.com'),(309,'Matthew','Gutierrez','620-555-7497','39498 Fowler Key Suite 561, West Alisonport, MS 87191','matthew.gutierrez@hotmail.com'),(310,'Amanda','Oconnell','116-555-9767','26779 Penny Green Suite 612, Adamsmouth, PW 48842','amanda.oconnell@yahoo.com'),(311,'David','Singh','781-555-1224','81571 Scott Spur, Lake Chadbury, CO 92442','david.singh@hotmail.com'),(312,'Allison','Frank','842-555-6496','768 Victor Shoal, Mikeland, VI 12616','allison.frank@gmail.com'),(313,'Amber','Gross','148-555-4559','33134 Greg Square, Jameston, RI 60694','amber.gross@gmail.com'),(314,'Janet','Webb','260-555-9135','968 Patterson Mills, Maryport, AL 29046','janet.webb@gmail.com'),(315,'Jason','Jones','288-555-2170','96874 Alexandra Roads, Angelatown, CT 22173','jason.jones@yahoo.com'),(316,'Joseph','Mason','150-555-7755','0240 Kyle Wells Apt. 626, New John, SD 88466','joseph.mason@yahoo.com'),(317,'Gregory','Curtis','033-555-3566','03317 Lauren Club, New Patriciaville, AR 65503','gregory.curtis@hotmail.com'),(318,'Sheri','Gonzalez','029-555-0408','54652 Gordon Radial Apt. 123, Lake Janetchester, OH 67137','sheri.gonzalez@gmail.com'),(319,'Pamela','Sanchez','842-555-3587','26559 Carlson Garden Suite 246, Deckerville, MT 86653','pamela.sanchez@hotmail.com'),(320,'Matthew','Santana','803-555-8113','Unit 2836 Box 5278, DPO AA 37435','matthew.santana@yahoo.com'),(321,'Robin','Johnston','633-555-5043','735 Bryan Parkway, Simmonston, LA 85990','robin.johnston@yahoo.com'),(322,'Aaron','Melton','979-555-4283','642 Michael Land, Torrestown, OR 50362','aaron.melton@gmail.com'),(323,'Benjamin','Arellano','472-555-8731','2023 Smith Trace Apt. 730, Johnchester, MA 49881','benjamin.arellano@gmail.com'),(324,'James','Martin','095-555-6849','0232 Wendy Stravenue Apt. 433, Autumnport, VT 59021','james.martin@yahoo.com'),(325,'Megan','Castillo','061-555-9635','768 Anthony Inlet, Davidport, WA 10432','megan.castillo@gmail.com'),(326,'Robert','Bennett','163-555-0973','Unit 5573 Box 4655, DPO AA 50766','robert.bennett@gmail.com'),(327,'William','Mullins','325-555-7053','49466 Sheri Mountain Apt. 183, West Johnshire, GU 30706','william.mullins@hotmail.com'),(328,'Danielle','Martinez','013-555-1349','3194 William Island Suite 723, East Stacy, AR 27189','danielle.martinez@yahoo.com'),(329,'Barry','Hunter','483-555-5056','20322 Sydney Divide, Leehaven, SD 66847','barry.hunter@gmail.com'),(330,'Vincent','Ford','815-555-5174','083 Katrina Orchard, Hicksside, CA 89479','vincent.ford@hotmail.com'),(331,'Mary','Ramirez','193-555-7941','573 Troy Court, Bullockside, MO 83429','mary.ramirez@gmail.com'),(332,'Kenneth','Cruz','672-555-3634','41853 Christopher Spurs Suite 209, Kevinville, KS 24621','kenneth.cruz@hotmail.com'),(333,'Megan','Cervantes','623-555-0192','6444 Reeves Street Suite 503, Williamstown, VI 25209','megan.cervantes@hotmail.com'),(334,'Rita','Walker','135-555-8338','6359 Myers Groves, Kimberlyhaven, GA 73702','rita.walker@yahoo.com'),(335,'Lisa','Raymond','541-555-2442','49543 Tyler Groves Suite 097, Johnnyton, LA 68852','lisa.raymond@yahoo.com'),(336,'Christopher','Novak','329-555-9006','50027 Jade Throughway, South Chadtown, MS 49599','christopher.novak@yahoo.com'),(337,'Colleen','Morris','990-555-7599','8232 Pamela Corners, West Gabriellaton, ND 68002','colleen.morris@yahoo.com'),(338,'Michael','Johnson','088-555-9877','959 Murray Ways, North Robertmouth, MT 82862','michael.johnson@yahoo.com'),(339,'Kevin','Mendoza','614-555-0420','083 Benjamin Mission Apt. 446, Port Markview, CA 37508','kevin.mendoza@gmail.com'),(340,'Keith','Newman','313-555-8354','69350 Eaton Estate Suite 332, New Jasmine, AK 93044','keith.newman@gmail.com'),(341,'Kayla','Gill','100-555-8776','1142 Shawn Port Suite 073, Dillonbury, TX 44705','kayla.gill@yahoo.com'),(342,'Rhonda','Randolph','522-555-1554','PSC 9049, Box 1499, APO AA 81272','rhonda.randolph@gmail.com'),(343,'Elaine','Hayes','341-555-9363','4707 Monique Forest Suite 461, West Anthonyshire, CO 63246','elaine.hayes@hotmail.com'),(344,'Duane','Yoder','122-555-6928','97833 Courtney Lane, Jonesshire, AL 24276','duane.yoder@gmail.com'),(345,'Leah','Wright','568-555-2914','590 Rachel Estate Apt. 874, Vargasview, DC 43571','leah.wright@hotmail.com'),(346,'Mark','Randall','187-555-5258','57500 Jonathan Throughway, Whitetown, AS 10761','mark.randall@yahoo.com'),(347,'Kimberly','Ingram','294-555-5291','923 Patricia Terrace, West Breannaview, WY 79090','kimberly.ingram@gmail.com'),(348,'Glenn','Maxwell','151-555-3845','558 Richard Hollow, Hogantown, TN 82299','glenn.maxwell@hotmail.com'),(349,'Christopher','Lee','960-555-6605','296 Katherine Light, Zacharyfort, IL 60908','christopher.lee@hotmail.com'),(350,'Andre','Cruz','176-555-4411','46236 Dixon Crossroad, North Jasonview, OH 14923','andre.cruz@hotmail.com'),(351,'Michael','Howard','674-555-2009','640 Moore Street Apt. 558, Simpsonton, AK 13049','michael.howard@gmail.com'),(352,'Anthony','Hernandez','792-555-6600','110 Diane Mountain Apt. 866, Port Melindashire, MH 92929','anthony.hernandez@yahoo.com'),(353,'Tyler','Barnes','272-555-1809','93099 Lang Hill Apt. 055, Wilsonport, WV 21340','tyler.barnes@hotmail.com'),(354,'Kyle','Mitchell','123-555-0745','28428 Smith Curve Apt. 713, East Kimberlyberg, TX 43127','kyle.mitchell@gmail.com'),(355,'Sharon','Brown','918-555-6555','539 Rodriguez Ports, East Anthonyton, SC 21457','sharon.brown@hotmail.com'),(356,'Jason','Carter','330-555-5729','94422 Sean Fall, Alexisbury, DE 06751','jason.carter@yahoo.com'),(357,'Dustin','Clark','253-555-9743','PSC 7059, Box 0275, APO AA 14743','dustin.clark@hotmail.com'),(358,'Teresa','Mcneil','746-555-7996','77751 Jordan Squares Apt. 029, Floresside, MI 54671','teresa.mcneil@gmail.com'),(359,'Melissa','Thomas','307-555-5051','79740 Torres Place, Kristenberg, MH 15076','melissa.thomas@gmail.com'),(360,'Candace','Ford','197-555-8496','4203 Nicole Stravenue, Heatherfort, CA 79888','candace.ford@gmail.com'),(361,'Joel','Perez','893-555-2071','7841 Natasha Shoal, Smithborough, ME 90259','joel.perez@hotmail.com'),(362,'Dustin','Figueroa','012-555-8284','49430 Miller Rapids Suite 650, East James, OH 31263','dustin.figueroa@gmail.com'),(363,'Kimberly','Mcdaniel','485-555-0227','625 Burnett Ridge, Harrellshire, AK 07661','kimberly.mcdaniel@gmail.com'),(364,'Matthew','Sharp','486-555-9216','PSC 1434, Box 9463, APO AA 37579','matthew.sharp@gmail.com'),(365,'Jonathan','Gonzalez','628-555-5046','876 Walter Views, Teresaburgh, VI 69623','jonathan.gonzalez@yahoo.com'),(366,'Peter','Thompson','232-555-7495','682 Simmons Spring Suite 966, Kelseyshire, AZ 76996','peter.thompson@hotmail.com'),(367,'Brian','Powers','728-555-0515','738 Dana Skyway, North Ericmouth, MP 34789','brian.powers@gmail.com'),(368,'Amanda','Johnson','621-555-1950','6603 Smith Island, North Danielletown, NM 58050','amanda.johnson@hotmail.com'),(369,'Megan','Garcia','214-555-2547','071 Berger Junctions, Morganton, ME 92942','megan.garcia@yahoo.com'),(370,'Julian','Holland','987-555-9689','6750 Amy Stravenue Suite 068, Cantuview, FM 47317','julian.holland@yahoo.com'),(371,'Tiffany','Cook','669-555-8517','75343 Mckinney Mission, Anthonyville, GU 27574','tiffany.cook@yahoo.com'),(372,'Shane','Moore','403-555-0546','455 Amber Mount Suite 079, Bushland, MP 34567','shane.moore@yahoo.com'),(373,'Peggy','Hayes','217-555-3397','895 Shannon Crest, North Alison, KY 91687','peggy.hayes@gmail.com'),(374,'Brian','Walker','264-555-0864','774 Amanda Landing, Oliviahaven, WI 26723','brian.walker@hotmail.com'),(375,'Zachary','Kramer','914-555-2049','6453 Joshua Pine, North Patrickland, WY 22980','zachary.kramer@gmail.com'),(376,'Zachary','Scott','348-555-7708','2539 Long Road Apt. 680, Delacruzstad, RI 17819','zachary.scott@hotmail.com'),(377,'Erik','Webb','513-555-5846','698 Catherine Ways, Port Jonathanton, PA 84266','erik.webb@gmail.com'),(378,'Kelsey','Day','544-555-2296','435 Mcmahon Parks, Davidmouth, RI 19126','kelsey.day@hotmail.com'),(379,'Shaun','Griffin','002-555-0032','2143 Turner Ville, Hannahbury, NV 03504','shaun.griffin@yahoo.com'),(380,'Rachel','Watson','867-555-5607','552 Sanchez Pike Apt. 506, Munozview, GU 34719','rachel.watson@hotmail.com'),(381,'Ashley','Schmidt','897-555-6891','1847 Kyle Estates, East Juliechester, MO 98793','ashley.schmidt@yahoo.com'),(382,'Dorothy','James','287-555-6401','054 Cummings Drive, East Paul, NY 68283','dorothy.james@gmail.com'),(383,'Gary','Hansen','881-555-2293','60417 Sherman Circle, West Neilchester, FM 21699','gary.hansen@gmail.com'),(384,'Philip','Sloan','435-555-1072','59283 Keith Lodge Suite 459, Freemanchester, GA 62067','philip.sloan@yahoo.com'),(385,'Christopher','Jones','574-555-3191','2275 Hughes Junctions Suite 505, West Christopherfurt, NM 75608','christopher.jones@gmail.com'),(386,'Felicia','Thomas','740-555-9714','5853 Jones Loop Apt. 114, Lake Ross, CT 07227','felicia.thomas@gmail.com'),(387,'Rebecca','Garcia','379-555-2260','970 Reese Mall Suite 390, New Suzannetown, AK 08742','rebecca.garcia@hotmail.com'),(388,'Rachael','Saunders','004-555-8328','375 Julia Islands, Port Jennifer, WV 66516','rachael.saunders@yahoo.com'),(389,'James','Smith','095-555-7296','4460 Pamela Parkway, Timothystad, NC 27749','james.smith@gmail.com'),(390,'Christopher','Lin','635-555-7476','PSC 9989, Box 1024, APO AE 80439','christopher.lin@yahoo.com'),(391,'James','Alvarez','717-555-5902','PSC 3028, Box 5275, APO AP 09691','james.alvarez@gmail.com'),(392,'David','Matthews','814-555-3254','71137 Scott Field Apt. 496, Lake Carlosstad, PA 66863','david.matthews@yahoo.com'),(393,'Elizabeth','Merritt','680-555-4013','089 Jeremiah Centers, North Crystalberg, DC 22337','elizabeth.merritt@yahoo.com'),(394,'Jennifer','Carr','474-555-0978','403 Nicole Island, Jordanport, WA 50642','jennifer.carr@hotmail.com'),(395,'Theresa','Park','010-555-8228','319 Michael Meadow, South Troyshire, MN 60146','theresa.park@yahoo.com'),(396,'Christopher','Lopez','732-555-5931','8262 Kendra Mountain Suite 201, Sheltonmouth, MI 37691','christopher.lopez@yahoo.com'),(397,'Heidi','Kennedy','700-555-1240','97755 Christopher Brook Suite 254, New Jamesburgh, NE 55560','heidi.kennedy@yahoo.com'),(398,'Karen','Davila','944-555-7867','974 Cook Common Suite 190, Port Nicholasstad, OK 56431','karen.davila@yahoo.com'),(399,'Amanda','Moore','488-555-7916','91781 Thomas Junction Suite 478, Chadville, MS 61634','amanda.moore@gmail.com'),(400,'Brian','Butler','856-555-7459','36628 Victor Crescent Apt. 009, Nicoleborough, PA 36499','brian.butler@yahoo.com'),(401,'Sandra','Calderon','533-555-6333','62520 Crawford Fork Apt. 845, North Shelby, AK 47810','sandra.calderon@hotmail.com'),(402,'Gregory','George','036-555-5132','513 Guerrero Isle Suite 589, Hunterside, AL 83804','gregory.george@gmail.com'),(403,'Vanessa','Key','818-555-7042','26434 Trevino Highway, Jonesmouth, WI 30427','vanessa.key@hotmail.com'),(404,'William','Hicks','480-555-9652','PSC 7673, Box 0030, APO AA 45341','william.hicks@hotmail.com'),(405,'Heather','Marquez','853-555-3963','62481 Peter Islands Suite 868, Port Adamberg, NV 25185','heather.marquez@yahoo.com'),(406,'Peter','James','367-555-9153','9827 Joseph Prairie Apt. 748, Moorebury, MP 30783','peter.james@gmail.com'),(407,'Jennifer','Chandler','931-555-4725','98645 Vazquez Underpass Suite 750, Christopherfurt, WA 02058','jennifer.chandler@hotmail.com'),(408,'Ashley','Grimes','798-555-6906','16574 Deleon Valley, Watsonside, WY 69422','ashley.grimes@hotmail.com'),(409,'Stephen','Reid','038-555-2783','7651 Ashley Landing Apt. 600, Fletcherfurt, AL 74507','stephen.reid@hotmail.com'),(410,'Matthew','Rangel','978-555-8429','5422 Sarah Road Apt. 117, Judithside, ME 35041','matthew.rangel@yahoo.com'),(411,'Jacob','Velasquez','280-555-0493','296 Joyce Plains, North Isabella, IA 64218','jacob.velasquez@gmail.com'),(412,'Angel','Russell','811-555-6138','95928 Joan Knolls Apt. 089, Lopezmouth, HI 25226','angel.russell@yahoo.com'),(413,'Laura','Robles','002-555-1402','4369 Andrew Passage, Danielstad, NY 32132','laura.robles@yahoo.com'),(414,'Paul','Bell','164-555-9239','57131 Sean Brooks Suite 908, Port Jennifer, UT 11443','paul.bell@yahoo.com'),(415,'Emily','Archer','000-555-8961','8796 Renee Parks, Oconnorfort, IL 04227','emily.archer@gmail.com'),(416,'Matthew','Ortiz','661-555-1252','USNS Reed, FPO AA 49491','matthew.ortiz@yahoo.com'),(417,'Michael','Griffith','410-555-7126','983 Ochoa Station Apt. 833, East Joann, MA 84684','michael.griffith@yahoo.com'),(418,'Amanda','Wallace','419-555-8784','91125 Laura Mountain Apt. 500, New Cynthia, WV 76539','amanda.wallace@hotmail.com'),(419,'Katherine','Rodriguez','895-555-0068','043 Stone Canyon, South Tonyashire, OH 43835','katherine.rodriguez@yahoo.com'),(420,'Melissa','Thompson','006-555-1369','509 Chase Point Suite 632, Nelsonmouth, OR 88651','melissa.thompson@hotmail.com'),(421,'Phillip','Perkins','297-555-5103','Unit 7185 Box 3359, DPO AA 02593','phillip.perkins@yahoo.com'),(422,'Michelle','Morgan','150-555-4970','USCGC Allen, FPO AE 66260','michelle.morgan@hotmail.com'),(423,'Jon','Miller','154-555-4432','7491 Jimenez Hill Suite 705, Bryantchester, IA 43337','jon.miller@gmail.com'),(424,'Lawrence','Cox','177-555-4892','PSC 3847, Box 9503, APO AP 77728','lawrence.cox@hotmail.com'),(425,'Alexander','Hoover','246-555-3707','72455 Williams Trafficway, South Jeffrey, KY 91727','alexander.hoover@yahoo.com'),(426,'Melissa','Allen','986-555-7747','78602 Derrick Garden Suite 207, Allisonport, MT 47885','melissa.allen@gmail.com'),(427,'Jason','Abbott','939-555-9899','70299 Darius Prairie, Martinville, CO 91213','jason.abbott@gmail.com'),(428,'Michelle','Pena','244-555-5809','77061 Morris Plains, Dianaburgh, FM 49510','michelle.pena@hotmail.com'),(429,'Sheila','Davila','947-555-7055','5050 Chan Port Apt. 228, Port Aliciashire, NM 89530','sheila.davila@hotmail.com'),(430,'Benjamin','Buck','957-555-4253','4728 Morgan Roads, Lake Jeffrey, AZ 47662','benjamin.buck@hotmail.com'),(431,'Ronnie','Davis','212-555-7422','3219 Derrick Summit, South Laurenstad, TX 31696','ronnie.davis@gmail.com'),(432,'Amanda','Graham','522-555-7072','586 Nicole Brooks, Howardton, IA 86953','amanda.graham@hotmail.com'),(433,'James','Johnson','217-555-3492','USNV Cox, FPO AA 76056','james.johnson@gmail.com'),(434,'Joy','Holmes','603-555-3387','USNS Brown, FPO AA 78479','joy.holmes@hotmail.com'),(435,'Rebecca','Morales','467-555-2619','94981 Peters Points Apt. 657, Robertfurt, UT 07740','rebecca.morales@yahoo.com'),(436,'Chelsey','Harrison','126-555-8908','47485 Stephanie Tunnel Suite 605, Brooksstad, DE 95269','chelsey.harrison@yahoo.com'),(437,'Tamara','Smith','876-555-4003','683 James River Apt. 463, Lake Ralphchester, MS 79195','tamara.smith@gmail.com'),(438,'Deborah','Miles','343-555-8130','3379 Duane Station Apt. 699, East Ericside, LA 57388','deborah.miles@yahoo.com'),(439,'Mark','Barnes','959-555-9235','6765 Mary Stream, Hoffmanborough, VT 18856','mark.barnes@yahoo.com'),(440,'Shane','Elliott','746-555-3456','12484 Jackson Street, South Melissaberg, KY 12401','shane.elliott@gmail.com'),(441,'Edward','Frye','149-555-6258','13071 Pitts Wall Apt. 493, Lake Jacqueline, FM 42557','edward.frye@gmail.com'),(442,'Kenneth','Fischer','309-555-4286','4821 Jonathan Passage Suite 972, East Ryanshire, MT 93469','kenneth.fischer@gmail.com'),(443,'Ashlee','Harris','899-555-3463','133 Ryan Brooks, Lake Wesley, DC 79230','ashlee.harris@hotmail.com'),(444,'James','Weaver','778-555-4301','6200 Stephanie Glen, Karinabury, MT 65883','james.weaver@gmail.com'),(445,'Mark','Gibson','843-555-6340','PSC 3853, Box 9301, APO AP 87783','mark.gibson@hotmail.com'),(446,'Shannon','Knight','132-555-6574','Unit 3867 Box 8606, DPO AE 03048','shannon.knight@hotmail.com'),(447,'Brian','Hoover','167-555-6088','2421 Murray Parks, Lake Melissamouth, DE 90348','brian.hoover@yahoo.com'),(448,'Chad','Taylor','651-555-3100','4992 Brandt Creek Apt. 442, Port William, MA 53024','chad.taylor@hotmail.com'),(449,'Jennifer','Vaughn','899-555-1231','2056 Marilyn Coves Suite 109, East Lisatown, NY 12799','jennifer.vaughn@hotmail.com'),(450,'Marie','Saunders','473-555-3556','58265 Cole Groves Apt. 149, Taylortown, AL 56527','marie.saunders@hotmail.com'),(451,'Wendy','Henderson','660-555-7120','834 Michael Unions, Carlamouth, WV 77465','wendy.henderson@hotmail.com'),(452,'Frank','Anderson','370-555-3031','815 Lauren Center Apt. 323, Saratown, AL 52534','frank.anderson@gmail.com'),(453,'Danielle','Garrison','045-555-6028','1953 Ronald Glen Apt. 356, Tanyaview, MS 38187','danielle.garrison@gmail.com'),(454,'Carlos','Winters','274-555-6634','60959 Allen Port Suite 342, Danielstad, MT 18051','carlos.winters@gmail.com'),(455,'Adrian','Davis','449-555-0696','Unit 5977 Box 1682, DPO AP 32670','adrian.davis@hotmail.com'),(456,'Charles','Williams','063-555-1848','USNV Salazar, FPO AE 30551','charles.williams@hotmail.com'),(457,'Julian','Jones','646-555-8949','588 Sullivan Camp, Kellytown, LA 61952','julian.jones@hotmail.com'),(458,'Matthew','Hart','897-555-8438','4373 Taylor Lane, South Shelly, IN 13914','matthew.hart@hotmail.com'),(459,'Kevin','Webster','468-555-7628','667 Leah Street Apt. 539, Edwardport, PA 09153','kevin.webster@hotmail.com'),(460,'Kayla','Johnson','264-555-8508','9397 Tonya Mews, Port Jill, LA 53378','kayla.johnson@hotmail.com'),(461,'Mark','Mccann','097-555-7296','595 Carlos Circles, North Alexanderview, WV 03513','mark.mccann@gmail.com'),(462,'Joshua','Scott','296-555-3878','378 Brian Wells, Lake Brianton, RI 38852','joshua.scott@hotmail.com'),(463,'Brooke','Yang','636-555-9746','7756 Sarah Corners Apt. 617, Watsonfort, FM 38883','brooke.yang@hotmail.com'),(464,'Daniel','Shaffer','146-555-0989','Unit 9066 Box 5365, DPO AP 28660','daniel.shaffer@hotmail.com'),(465,'Nancy','Davis','604-555-3078','125 Adam Isle Suite 019, Cynthiafurt, UT 28411','nancy.davis@yahoo.com'),(466,'Michael','Johnson','874-555-5743','29966 Yvonne Path Suite 964, East Shellyfurt, MA 74237','michael.johnson@yahoo.com'),(467,'Diane','Petersen','115-555-6094','48247 Torres Garden Suite 006, South Brandonville, WY 73312','diane.petersen@hotmail.com'),(468,'Ashley','Johnson','097-555-8308','090 April Island, North Rachel, AL 75735','ashley.johnson@yahoo.com'),(469,'Matthew','Miller','671-555-6223','181 Elizabeth Mall, New Kayla, WA 47046','matthew.miller@hotmail.com'),(470,'James','Craig','192-555-4187','308 Felicia Summit, New Jenniferfort, IN 65430','james.craig@yahoo.com'),(471,'William','Miller','969-555-3093','830 Rhonda Manor, South Ericstad, DC 72528','william.miller@yahoo.com'),(472,'Richard','Parrish','700-555-3263','PSC 4261, Box 0071, APO AP 11312','richard.parrish@gmail.com'),(473,'Dillon','Steele','281-555-7675','02549 Mcdaniel Locks Suite 381, Frederickbury, SC 76893','dillon.steele@yahoo.com'),(474,'Mark','Stephens','198-555-4750','USNS Brown, FPO AA 14774','mark.stephens@hotmail.com'),(475,'James','Wilson','727-555-0192','7030 Gentry Court, Ritterchester, NJ 45185','james.wilson@yahoo.com'),(476,'Michael','Martinez','346-555-2451','477 Shawn Lodge Suite 365, Myersburgh, PA 32972','michael.martinez@gmail.com'),(477,'David','Hampton','905-555-2594','812 Gaines Village, Matthewfort, TN 19101','david.hampton@yahoo.com'),(478,'Lauren','Baker','132-555-7548','085 Meyers Loaf, North Yvetteshire, CO 17777','lauren.baker@gmail.com'),(479,'Nathaniel','Gonzalez','352-555-0796','152 Tran Bridge Apt. 078, Lake Bryan, VT 12710','nathaniel.gonzalez@yahoo.com'),(480,'Danielle','Soto','226-555-6628','318 Leonard Flat, Pagefurt, OR 80855','danielle.soto@gmail.com'),(481,'Edward','Cowan','758-555-4114','682 Maria Keys Suite 327, North Mark, MA 09588','edward.cowan@yahoo.com'),(482,'Sydney','Wilson','635-555-6741','28338 Williams Grove, New Jamieport, PR 18230','sydney.wilson@gmail.com'),(483,'Julia','Ford','438-555-5881','0797 Carlos Turnpike, Port Davidborough, OK 06929','julia.ford@gmail.com'),(484,'Destiny','Hernandez','195-555-7880','9522 Hoover Union, North Bianca, AS 01510','destiny.hernandez@hotmail.com'),(485,'Brandon','Ellis','304-555-5707','52297 Christy Circle Apt. 696, Roseview, AZ 91266','brandon.ellis@hotmail.com'),(486,'Joshua','Johnson','651-555-0149','00786 Aaron Trail Apt. 738, Port Cameronmouth, CO 84620','joshua.johnson@gmail.com'),(487,'Nicole','Garcia','178-555-6301','6925 Kimberly Walk, New Jennifer, SD 19493','nicole.garcia@hotmail.com'),(488,'Audrey','Robbins','933-555-8404','897 Warner Prairie, Port Anthony, MI 29357','audrey.robbins@hotmail.com'),(489,'Gregory','Lang','647-555-9363','85560 Eric Squares Apt. 437, East Danielland, IA 37879','gregory.lang@gmail.com'),(490,'Sherry','Jones','168-555-9949','35063 Theresa Square Suite 100, Deborahton, NM 73477','sherry.jones@yahoo.com'),(491,'Dylan','Fuller','143-555-7305','70552 Gregory Shores Apt. 316, North Jenniferburgh, CO 12799','dylan.fuller@gmail.com'),(492,'Sherri','Davis','577-555-6257','249 Kaylee Circles, Obrienfurt, VA 25864','sherri.davis@yahoo.com'),(493,'Roger','Brown','472-555-6223','5323 Brian Street, Port Edwardmouth, NE 37981','roger.brown@hotmail.com'),(494,'David','Reyes','267-555-8229','2440 Dougherty Loop, South Tina, LA 79980','david.reyes@hotmail.com'),(495,'Samantha','Melendez','216-555-8114','459 Singh Vista, Moorefurt, GA 04654','samantha.melendez@gmail.com'),(496,'Sarah','Price','230-555-2061','3692 Martin Spring, West Sarah, TN 87385','sarah.price@yahoo.com'),(497,'Savannah','Williams','350-555-1653','215 Garrett Curve, West Rebecca, NY 23764','savannah.williams@hotmail.com'),(498,'Jennifer','Stephens','709-555-3633','0000 Giles Club, South Kylehaven, MH 98192','jennifer.stephens@gmail.com'),(499,'Jill','Smith','038-555-4241','303 Joan Park Suite 902, Lake Geoffreyburgh, MD 15842','jill.smith@gmail.com'),(500,'Tiffany','Perry','355-555-0149','22345 Ramsey Villages Apt. 113, Sparkstown, PW 00508','tiffany.perry@yahoo.com'),(501,'Kristin','Mcintosh','159-555-1747','66945 Todd Parkways, North Emily, VI 80294','kristin.mcintosh@yahoo.com'),(502,'Brett','Mooney','144-555-6992','0579 May Trail, Port Miranda, OR 56972','brett.mooney@hotmail.com'),(503,'Pamela','Silva','064-555-6093','690 Barry Ways, Michaelshire, IL 65792','pamela.silva@hotmail.com'),(504,'Sonya','Walker','199-555-7033','694 Moyer Trail, Davenportberg, OR 31323','sonya.walker@yahoo.com'),(505,'Jason','Douglas','535-555-4463','270 James Rest, Lake Katelynberg, KY 13977','jason.douglas@gmail.com'),(506,'Edgar','Green','826-555-9576','5829 Stanley Dam Apt. 606, South Kristen, MS 27134','edgar.green@hotmail.com'),(507,'Sean','Buchanan','241-555-5753','35097 Terri Canyon Apt. 539, Stacyburgh, MA 78955','sean.buchanan@yahoo.com'),(508,'Angela','Leonard','071-555-7472','906 Bryce Mission Suite 607, West Anna, NH 16523','angela.leonard@yahoo.com'),(509,'Adam','Velasquez','150-555-9884','PSC 7928, Box 8271, APO AP 76549','adam.velasquez@hotmail.com'),(510,'James','Klein','546-555-7929','184 Sherman Cliffs, Nicholasport, VI 96237','james.klein@yahoo.com'),(511,'Stephen','Harris','451-555-2727','37462 Eaton Squares, Bauerport, MO 96764','stephen.harris@yahoo.com'),(512,'Kevin','Mckay','120-555-0182','8009 Kelly Junction Apt. 194, West Karenton, VI 91292','kevin.mckay@yahoo.com'),(513,'Carmen','Huffman','630-555-7457','5990 Tracy Common, New Maureentown, FM 61907','carmen.huffman@hotmail.com'),(514,'Leonard','Cox','169-555-5439','8375 Smith Cape Apt. 188, Lake Kristenberg, TX 47722','leonard.cox@yahoo.com'),(515,'Cody','Blair','913-555-0965','570 Robert Canyon Suite 136, Fieldsbury, WV 82216','cody.blair@hotmail.com'),(516,'Raymond','Mendoza','297-555-7454','095 Karen Key, North Casey, ME 63241','raymond.mendoza@yahoo.com'),(517,'Bryan','Chang','318-555-3131','1268 Ramos Forest Suite 178, Ramirezstad, FL 01513','bryan.chang@hotmail.com'),(518,'Erica','Perez','034-555-7785','1191 Johnson Key Apt. 878, Marymouth, DC 97142','erica.perez@yahoo.com'),(519,'Julie','Sullivan','412-555-0484','4804 Robert Fork Suite 709, Duncanchester, PA 73808','julie.sullivan@gmail.com'),(520,'Grant','Johnson','630-555-7509','678 Steven Road Apt. 127, Lake Ginaport, PW 78241','grant.johnson@yahoo.com');
/*!40000 ALTER TABLE `Customer` ENABLE KEYS */;
UNLOCK TABLES;

--
-- Table structure for table `Footwear`
--

DROP TABLE IF EXISTS `Footwear`;
/*!40101 SET @saved_cs_client     = @@character_set_client */;
/*!50503 SET character_set_client = utf8mb4 */;
CREATE TABLE `Footwear` (
  `product_id` int(11) NOT NULL,
  `foot_size` varchar(10) NOT NULL,
  `foot_cleat_type` varchar(50) NOT NULL,
  `foot_color` varchar(50) DEFAULT NULL,
  PRIMARY KEY (`product_id`),
  CONSTRAINT `1` FOREIGN KEY (`product_id`) REFERENCES `Product` (`product_id`)
) ENGINE=InnoDB DEFAULT CHARSET=utf8mb4 COLLATE=utf8mb4_uca1400_ai_ci;
/*!40101 SET character_set_client = @saved_cs_client */;

--
-- Dumping data for table `Footwear`
--

LOCK TABLES `Footwear` WRITE;
/*!40000 ALTER TABLE `Footwear` DISABLE KEYS */;
INSERT INTO `Footwear` VALUES (1,'8','IC','Navy/White'),(2,'6.5','TF','Pink/White'),(3,'13','FG','Red/Black'),(4,'13','IC','Black/Red'),(5,'11.5','AG','Blue/Gold'),(6,'6.5','AG','Pink/White'),(7,'10','AG','Pink/White'),(8,'10.5','IC','Blue/White'),(9,'10.5','FG','Blue/Gold'),(10,'11','IC','Blue/Gold'),(11,'6','FG','Red/White'),(12,'8','AG','White/Silver'),(13,'12','FG','Red/White'),(14,'7.5','IC','Pink/White'),(15,'10.5','AG','Volt/Black'),(16,'7.5','TF','Orange/Black'),(17,'8.5','TF','Black/Red'),(18,'9','SG','Red/Black'),(19,'7','TF','Yellow/Blue'),(20,'10','IC','Pink/White'),(21,'8','IC','Blue/White'),(22,'6.5','FG','Black/Black'),(23,'7.5','SG','Pink/White'),(24,'7','FG','Red/White'),(25,'10','IC','Navy/White'),(26,'12','FG','White/Silver'),(27,'6.5','IC','Yellow/Blue'),(28,'11.5','IC','Blue/White'),(29,'6.5','SG','Pink/White'),(30,'13','AG','Pink/White'),(31,'7','IC','White/Silver'),(32,'12','FG','Volt/Black'),(33,'7','IC','Navy/White'),(34,'8.5','FG','Black/Red'),(35,'11','IC','Navy/White'),(36,'9.5','SG','White/Silver'),(37,'8.5','FG','Orange/Black'),(38,'13','SG','Yellow/Blue'),(39,'12','SG','Navy/White'),(40,'8.5','TF','Yellow/Blue'),(41,'10.5','AG','Red/Black'),(42,'9.5','IC','Black/Red'),(43,'10','FG','Red/Black'),(44,'9','IC','Blue/Gold'),(45,'7.5','FG','Volt/Black'),(46,'7','FG','Orange/Black'),(47,'9','SG','Black/Red'),(48,'12','SG','Blue/Gold'),(49,'12.5','FG','White/Silver'),(50,'9','FG','Red/Black'),(51,'8','AG','Black/Red'),(52,'8.5','TF','Red/White'),(53,'9.5','IC','White/Silver'),(54,'10','TF','Red/Black'),(55,'10.5','SG','Pink/White'),(56,'7.5','TF','White/Silver'),(57,'10','SG','Volt/Black'),(58,'10.5','TF','Yellow/Blue'),(59,'10','IC','Orange/Black'),(60,'7','TF','Red/White'),(61,'12.5','IC','Red/White'),(62,'6.5','SG','Black/Red'),(63,'12','TF','Pink/White'),(64,'6.5','AG','Black/Black'),(65,'9','IC','Red/White'),(66,'9.5','AG','Yellow/Blue'),(67,'11','FG','Blue/Gold'),(68,'6.5','FG','Red/White'),(69,'8','SG','Blue/White'),(70,'6','SG','Volt/Black'),(71,'10.5','FG','White/Silver'),(72,'9','AG','Blue/White'),(73,'12.5','FG','Pink/White'),(74,'9.5','SG','White/Silver'),(75,'9.5','AG','Black/Black'),(76,'8','TF','Black/Black'),(77,'8','IC','Navy/White'),(78,'12','AG','Navy/White'),(79,'12','TF','Orange/Black'),(80,'6','FG','White/Silver'),(81,'8.5','AG','Blue/White'),(82,'12.5','FG','Pink/White'),(83,'7','TF','Red/White'),(84,'7','TF','Red/Black'),(85,'6.5','FG','Red/White'),(86,'8','TF','Navy/White'),(87,'12','FG','Orange/Black'),(88,'8.5','IC','Volt/Black'),(89,'11','IC','Red/White'),(90,'7','TF','White/Silver'),(91,'7.5','SG','Red/White'),(92,'13','TF','Orange/Black'),(93,'11','TF','Orange/Black'),(94,'12.5','IC','Volt/Black'),(95,'9.5','FG','Red/Black'),(96,'10','FG','Red/White'),(97,'11','IC','Blue/White'),(98,'7.5','TF','Red/Black'),(99,'11','AG','White/Silver'),(100,'9.5','IC','Blue/White'),(101,'11.5','SG','Black/Black'),(102,'6','SG','Red/Black'),(103,'9','TF','Orange/Black'),(104,'11','AG','Volt/Black'),(105,'12.5','FG','White/Silver'),(106,'13','FG','Red/White'),(107,'8.5','TF','Navy/White'),(108,'11.5','AG','Volt/Black'),(109,'7.5','TF','White/Silver'),(110,'12.5','AG','Yellow/Blue'),(111,'11.5','FG','Black/Red'),(112,'13','IC','Yellow/Blue'),(113,'12','AG','Red/Black'),(114,'11.5','IC','Pink/White'),(115,'12','AG','White/Silver'),(116,'10','IC','Red/Black'),(117,'12.5','IC','Navy/White'),(118,'11','AG','Volt/Black'),(119,'6.5','FG','Volt/Black'),(120,'12','IC','Navy/White'),(121,'10','AG','Red/Black'),(122,'9.5','IC','Black/Black'),(123,'6.5','IC','Volt/Black'),(124,'8.5','SG','Black/Black'),(125,'10.5','TF','White/Silver'),(126,'10.5','SG','Black/Black'),(127,'6','SG','Navy/White'),(128,'10','AG','Red/White'),(129,'10.5','IC','Black/Red'),(130,'12','FG','Orange/Black'),(131,'12.5','TF','Yellow/Blue'),(132,'12','FG','Blue/Gold'),(133,'8.5','TF','Pink/White'),(134,'6.5','FG','Black/Red'),(135,'10.5','TF','Navy/White'),(136,'12','AG','Black/Red'),(137,'13','FG','Black/Black'),(138,'7','AG','Volt/Black'),(139,'9.5','SG','Navy/White'),(140,'9','AG','Orange/Black'),(141,'6.5','IC','Red/Black'),(142,'6.5','IC','Red/White'),(143,'7.5','SG','White/Silver'),(144,'11','TF','Black/Black'),(145,'10.5','AG','Pink/White'),(146,'11.5','AG','Pink/White'),(147,'8','SG','Blue/Gold'),(148,'12','IC','Black/Red'),(149,'6.5','IC','Orange/Black'),(150,'9','AG','Navy/White'),(151,'13','IC','Blue/White'),(152,'8.5','AG','Pink/White'),(153,'8.5','AG','Volt/Black'),(154,'12.5','FG','Blue/Gold'),(155,'6.5','TF','Red/White'),(156,'13','SG','Blue/Gold'),(157,'8.5','SG','Blue/Gold'),(158,'7','FG','Red/White'),(159,'9.5','TF','White/Silver'),(160,'8.5','AG','Black/Red'),(161,'11.5','TF','White/Silver'),(162,'11.5','FG','Blue/White'),(163,'6','IC','Red/Black'),(164,'8.5','AG','Black/Black'),(165,'10','SG','Blue/Gold'),(166,'12','IC','Blue/Gold'),(167,'7.5','TF','Yellow/Blue'),(168,'11.5','AG','Pink/White'),(169,'10.5','AG','Pink/White'),(170,'7.5','IC','White/Silver'),(171,'8.5','SG','Pink/White'),(172,'10','TF','Orange/Black'),(173,'7','FG','Red/Black'),(174,'12.5','FG','Blue/Gold'),(175,'9.5','FG','Orange/Black'),(176,'10','FG','Blue/White'),(177,'6.5','AG','Blue/White'),(178,'13','IC','Red/White'),(179,'9.5','TF','White/Silver'),(180,'9','TF','White/Silver'),(181,'6.5','FG','Yellow/Blue'),(182,'11','IC','Black/Black'),(183,'12.5','IC','Orange/Black'),(184,'7','AG','Volt/Black'),(185,'11.5','SG','Orange/Black'),(186,'6','FG','Red/Black'),(187,'7.5','IC','Blue/White'),(188,'12.5','TF','White/Silver'),(189,'11','FG','Black/Black'),(190,'6','FG','Blue/White'),(191,'6.5','AG','Pink/White'),(192,'13','FG','Volt/Black'),(193,'12','SG','Black/Red'),(194,'12','SG','Navy/White'),(195,'12','AG','Red/Black'),(196,'12.5','FG','Navy/White'),(197,'10','FG','Blue/White'),(198,'7.5','AG','Yellow/Blue'),(199,'10','TF','White/Silver'),(200,'10','FG','Orange/Black'),(201,'11.5','IC','Pink/White'),(202,'13','TF','Navy/White'),(203,'10.5','FG','White/Silver'),(204,'7','IC','Orange/Black'),(205,'6','AG','Red/White'),(206,'10.5','SG','Black/Red'),(207,'12','TF','White/Silver'),(208,'7','AG','Navy/White'),(209,'13','SG','Blue/Gold'),(210,'8','AG','Black/Black'),(211,'12.5','TF','Yellow/Blue'),(212,'7.5','SG','Yellow/Blue'),(213,'13','AG','Volt/Black'),(214,'9','TF','Red/White'),(215,'9','FG','Navy/White'),(216,'11.5','AG','Black/Black'),(217,'6.5','AG','Black/Red'),(218,'6','AG','White/Silver'),(219,'9','FG','Red/White'),(220,'10','IC','Black/Red'),(221,'8','IC','Yellow/Blue'),(222,'10','AG','Yellow/Blue'),(223,'10.5','TF','Red/White'),(224,'7.5','IC','Volt/Black'),(225,'12.5','FG','Red/White'),(226,'9','SG','Volt/Black'),(227,'8','SG','Blue/Gold'),(228,'6','SG','Navy/White'),(229,'8.5','IC','Yellow/Blue'),(230,'8.5','IC','Pink/White'),(231,'8','TF','Blue/White'),(232,'11.5','SG','Blue/White'),(233,'7.5','TF','Pink/White'),(234,'12.5','TF','Red/White'),(235,'10.5','TF','Red/White'),(236,'6','SG','Black/Black'),(237,'9','IC','Navy/White'),(238,'6.5','TF','Black/Red'),(239,'10.5','SG','Black/Black'),(240,'8.5','TF','Red/Black'),(241,'7','FG','Red/White'),(242,'8','AG','Pink/White'),(243,'12.5','SG','Orange/Black'),(244,'9','TF','Orange/Black'),(245,'6','AG','Navy/White'),(246,'7','IC','Blue/Gold'),(247,'9.5','FG','Navy/White'),(248,'9.5','SG','Blue/White'),(249,'10','IC','Navy/White'),(250,'12','IC','Pink/White'),(251,'12.5','FG','Navy/White'),(252,'8.5','IC','Blue/White'),(253,'13','TF','Black/Black'),(254,'6.5','IC','Black/Black'),(255,'12','SG','Volt/Black'),(256,'12','AG','Pink/White'),(257,'10.5','FG','Orange/Black'),(258,'6','AG','Red/White'),(259,'8.5','FG','Red/Black'),(260,'10','AG','Black/Black'),(261,'12','AG','Red/White'),(262,'8','FG','Navy/White'),(263,'11.5','SG','Pink/White'),(264,'11.5','FG','Black/Black'),(265,'6.5','IC','Black/Red'),(266,'12.5','TF','Orange/Black'),(267,'6.5','TF','Volt/Black'),(268,'7','FG','Navy/White'),(269,'12','SG','Navy/White'),(270,'9','FG','Pink/White'),(271,'10.5','IC','Black/Black'),(272,'6','AG','Navy/White'),(273,'8','FG','Black/Red'),(274,'9.5','FG','Black/Red'),(275,'10.5','TF','Red/Black'),(276,'8.5','IC','Black/Red'),(277,'11','SG','Pink/White'),(278,'7.5','AG','Pink/White'),(279,'6.5','TF','Pink/White'),(280,'9.5','IC','Red/Black'),(281,'11.5','FG','Navy/White'),(282,'7','IC','Black/Red'),(283,'8','TF','Volt/Black'),(284,'10','SG','Pink/White'),(285,'11','SG','Red/White'),(286,'9','IC','Navy/White'),(287,'12.5','TF','Red/Black'),(288,'9','TF','Red/Black'),(289,'7','AG','Navy/White'),(290,'13','TF','Red/Black'),(291,'7.5','AG','White/Silver'),(292,'8.5','IC','Blue/Gold'),(293,'10','IC','Blue/Gold'),(294,'9','FG','Yellow/Blue'),(295,'7','SG','Red/Black'),(296,'7.5','AG','Blue/White'),(297,'7.5','IC','Pink/White'),(298,'9','TF','Volt/Black'),(299,'13','FG','Pink/White'),(300,'12.5','TF','Black/Red'),(301,'8.5','AG','Pink/White'),(302,'12','IC','White/Silver'),(303,'8.5','SG','Blue/Gold'),(304,'12.5','AG','Black/Black'),(305,'9','SG','Navy/White'),(306,'12.5','TF','Blue/Gold'),(307,'8','SG','Pink/White'),(308,'12.5','AG','Volt/Black'),(309,'11','TF','Navy/White'),(310,'9','IC','Red/Black'),(311,'13','IC','Blue/White'),(312,'8.5','AG','Orange/Black'),(313,'10.5','SG','Volt/Black'),(314,'11','TF','Blue/Gold'),(315,'7.5','FG','Navy/White'),(316,'6','FG','White/Silver'),(317,'7','TF','Black/Black'),(318,'12.5','IC','Navy/White'),(319,'11.5','AG','Volt/Black'),(320,'12.5','IC','Navy/White'),(321,'10','TF','Navy/White'),(322,'7','SG','Blue/White'),(323,'7','SG','Pink/White'),(324,'6','IC','Blue/White'),(325,'7','IC','Red/White'),(326,'6','TF','Pink/White'),(327,'12.5','AG','Volt/Black'),(328,'7','IC','Yellow/Blue'),(329,'12.5','FG','Blue/Gold'),(330,'9.5','TF','Black/Red'),(331,'8.5','SG','Black/Black'),(332,'6','TF','Blue/White'),(333,'9.5','FG','Volt/Black'),(334,'10.5','AG','Black/Black'),(335,'8','FG','Black/Black'),(336,'8.5','FG','Blue/White'),(337,'8','FG','Red/White'),(338,'11.5','FG','Pink/White'),(339,'10','TF','Blue/White'),(340,'11.5','FG','Volt/Black'),(341,'6.5','SG','Blue/Gold'),(342,'11','TF','Red/White'),(343,'10','TF','Blue/Gold'),(344,'7.5','TF','Blue/White'),(345,'11','TF','Black/Black'),(346,'7','FG','Black/Red'),(347,'9.5','AG','Blue/White'),(348,'13','FG','Black/Black'),(349,'10','TF','Red/Black'),(350,'8.5','IC','Black/Red'),(351,'11','SG','Blue/White'),(352,'7.5','IC','Black/Black'),(353,'10','IC','Yellow/Blue'),(354,'11','AG','Yellow/Blue'),(355,'13','FG','Black/Red'),(356,'7.5','IC','Black/Red'),(357,'9.5','AG','Red/Black'),(358,'9','AG','Black/Red'),(359,'6','IC','White/Silver'),(360,'7','FG','Black/Red'),(361,'8','TF','Navy/White'),(362,'13','SG','Pink/White'),(363,'7','IC','Yellow/Blue'),(364,'10','AG','Yellow/Blue'),(365,'7.5','SG','Red/White'),(366,'6','AG','Red/Black'),(367,'9','AG','Pink/White'),(368,'11.5','FG','Blue/Gold'),(369,'11.5','AG','Blue/White'),(370,'9.5','FG','Volt/Black'),(371,'7','SG','Black/Red'),(372,'9.5','FG','White/Silver'),(373,'6','TF','White/Silver'),(374,'6','AG','Black/Red'),(375,'7.5','FG','Black/Black'),(376,'9','SG','Orange/Black'),(377,'8','IC','White/Silver'),(378,'10.5','FG','Black/Red'),(379,'6','FG','Red/White'),(380,'11.5','FG','Yellow/Blue'),(381,'11','FG','Orange/Black'),(382,'12.5','SG','Red/Black'),(383,'12.5','TF','Red/Black'),(384,'6.5','AG','Red/White'),(385,'7.5','AG','Black/Black'),(386,'9.5','SG','White/Silver'),(387,'8','TF','Blue/White'),(388,'10.5','IC','Volt/Black'),(389,'7','IC','Pink/White'),(390,'9','SG','Pink/White'),(391,'7','SG','Red/Black'),(392,'10.5','AG','Pink/White'),(393,'11.5','TF','Navy/White'),(394,'10','FG','White/Silver'),(395,'12','SG','Red/White'),(396,'6','SG','Red/Black'),(397,'10.5','IC','White/Silver'),(398,'6','IC','Blue/Gold'),(399,'8','IC','Orange/Black'),(400,'9','SG','Navy/White'),(401,'13','IC','Volt/Black'),(402,'8','IC','Navy/White'),(403,'13','IC','Pink/White'),(404,'7.5','SG','Blue/Gold'),(405,'8.5','AG','Yellow/Blue'),(406,'13','TF','Black/Black'),(407,'10','FG','Blue/White'),(408,'12','SG','Red/White'),(409,'13','SG','Orange/Black'),(410,'9','SG','White/Silver'),(411,'8','FG','Pink/White'),(412,'12','IC','Black/Black'),(413,'12','FG','Pink/White'),(414,'12.5','TF','Yellow/Blue'),(415,'8','SG','Yellow/Blue'),(416,'6.5','FG','Black/Black'),(417,'6.5','TF','Blue/White'),(418,'13','IC','Black/Red'),(419,'11.5','AG','Blue/White'),(420,'11','SG','Orange/Black'),(421,'10.5','FG','Volt/Black'),(422,'10.5','AG','Yellow/Blue'),(423,'9.5','SG','White/Silver'),(424,'12','FG','Blue/White'),(425,'10.5','TF','Red/Black'),(426,'7','TF','Red/Black'),(427,'9','IC','Black/Black'),(428,'9.5','FG','Black/Red'),(429,'7.5','IC','Volt/Black'),(430,'12.5','AG','Volt/Black'),(431,'12.5','FG','Orange/Black'),(432,'9','TF','Yellow/Blue'),(433,'7','IC','Blue/Gold'),(434,'11.5','AG','Pink/White'),(435,'6','FG','Black/Black'),(436,'13','SG','Black/Black'),(437,'8.5','SG','Volt/Black'),(438,'8','AG','Black/Black'),(439,'6.5','IC','Red/Black'),(440,'7.5','FG','Orange/Black'),(441,'10','FG','Black/Red'),(442,'7.5','SG','Black/Black'),(443,'9.5','IC','Pink/White'),(444,'12.5','IC','Pink/White'),(445,'9.5','AG','Blue/White'),(446,'9','TF','Yellow/Blue'),(447,'9.5','FG','White/Silver'),(448,'13','IC','Navy/White'),(449,'11','TF','Black/Black'),(450,'8.5','FG','Yellow/Blue'),(451,'10','IC','Black/Black'),(452,'11.5','TF','Red/Black'),(453,'6','FG','Red/White'),(454,'13','IC','Navy/White'),(455,'7','AG','Orange/Black'),(456,'10','FG','Orange/Black'),(457,'6.5','AG','Navy/White'),(458,'12.5','FG','Orange/Black'),(459,'12.5','SG','White/Silver'),(460,'12.5','TF','Black/Red'),(461,'10.5','AG','Red/White'),(462,'11.5','FG','Black/Red'),(463,'10','AG','Black/Black'),(464,'10.5','FG','White/Silver'),(465,'11.5','FG','Blue/White'),(466,'6','FG','Pink/White'),(467,'11','AG','Pink/White'),(468,'11','AG','Orange/Black'),(469,'12.5','SG','Yellow/Blue'),(470,'8.5','FG','Volt/Black'),(471,'10','FG','Volt/Black'),(472,'6.5','IC','Blue/Gold'),(473,'7.5','SG','Red/Black'),(474,'6.5','TF','Yellow/Blue'),(475,'11','FG','Red/White'),(476,'7','TF','Red/White'),(477,'12','SG','Red/White'),(478,'10.5','FG','Black/Black'),(479,'7.5','IC','Black/Black'),(480,'7.5','AG','White/Silver'),(481,'7.5','TF','Red/White'),(482,'10','SG','Volt/Black'),(483,'12.5','IC','Pink/White'),(484,'11.5','IC','Orange/Black'),(485,'7.5','AG','White/Silver'),(486,'7','TF','Red/White'),(487,'13','IC','Yellow/Blue'),(488,'7.5','IC','Red/White'),(489,'6.5','IC','White/Silver'),(490,'8.5','TF','Black/Red'),(491,'9','AG','Orange/Black'),(492,'13','TF','Blue/White'),(493,'9.5','TF','Volt/Black'),(494,'9','SG','Black/Black'),(495,'11','FG','Volt/Black'),(496,'13','AG','Blue/White'),(497,'10.5','IC','Volt/Black'),(498,'9','IC','Red/White'),(499,'12','TF','Orange/Black'),(500,'6','TF','Yellow/Blue');
/*!40000 ALTER TABLE `Footwear` ENABLE KEYS */;
UNLOCK TABLES;

--
-- Table structure for table `Inventory`
--

DROP TABLE IF EXISTS `Inventory`;
/*!40101 SET @saved_cs_client     = @@character_set_client */;
/*!50503 SET character_set_client = utf8mb4 */;
CREATE TABLE `Inventory` (
  `invent_id` int(11) NOT NULL AUTO_INCREMENT,
  `invent_quantity` int(11) NOT NULL DEFAULT 0,
  `invent_update_date` date DEFAULT NULL,
  `invent_location` varchar(100) DEFAULT NULL,
  `product_id` int(11) NOT NULL,
  PRIMARY KEY (`invent_id`),
  KEY `product_id` (`product_id`),
  CONSTRAINT `1` FOREIGN KEY (`product_id`) REFERENCES `Product` (`product_id`)
) ENGINE=InnoDB AUTO_INCREMENT=501 DEFAULT CHARSET=utf8mb4 COLLATE=utf8mb4_uca1400_ai_ci;
/*!40101 SET character_set_client = @saved_cs_client */;

--
-- Dumping data for table `Inventory`
--

LOCK TABLES `Inventory` WRITE;
/*!40000 ALTER TABLE `Inventory` DISABLE KEYS */;
INSERT INTO `Inventory` VALUES (1,142,'2024-08-01','Warehouse A - Shelf 1',1),(2,98,'2024-08-01','Warehouse A - Shelf 2',2),(3,215,'2024-08-01','Warehouse A - Shelf 3',3),(4,176,'2024-08-01','Warehouse A - Shelf 4',4),(5,203,'2024-08-01','Warehouse A - Shelf 5',5),(6,189,'2024-08-01','Warehouse B - Shelf 1',6),(7,221,'2024-08-01','Warehouse B - Shelf 2',7),(8,167,'2024-08-01','Warehouse B - Shelf 3',8),(9,134,'2024-08-01','Warehouse B - Shelf 4',9),(10,45,'2024-08-01','Warehouse C - Shelf 1',10),(11,62,'2024-08-01','Warehouse C - Shelf 2',11),(12,58,'2024-08-01','Warehouse C - Shelf 3',12),(13,71,'2024-08-01','Warehouse C - Shelf 4',13),(14,44,'2024-08-01','Warehouse C - Shelf 5',14),(15,53,'2024-08-01','Warehouse C - Shelf 6',15),(16,310,'2024-08-01','Warehouse D - Shelf 1',16),(17,287,'2024-08-01','Warehouse D - Shelf 2',17),(18,265,'2024-08-01','Warehouse D - Shelf 3',18),(19,341,'2024-08-01','Warehouse D - Shelf 4',19),(20,198,'2024-08-01','Warehouse D - Shelf 5',20),(21,356,'2023-02-02','Warehouse D - Shelf 11',21),(22,36,'2024-03-14','Warehouse B - Shelf 5',22),(23,65,'2023-12-31','Warehouse C - Shelf 5',23),(24,64,'2024-09-04','Warehouse B - Shelf 5',24),(25,426,'2024-06-24','Warehouse B - Shelf 12',25),(26,327,'2024-05-24','Warehouse B - Shelf 14',26),(27,56,'2023-11-09','Warehouse B - Shelf 6',27),(28,364,'2023-08-13','Warehouse E - Shelf 8',28),(29,457,'2023-03-17','Warehouse A - Shelf 4',29),(30,369,'2023-08-15','Warehouse A - Shelf 6',30),(31,452,'2024-11-30','Warehouse D - Shelf 18',31),(32,150,'2024-10-09','Warehouse B - Shelf 17',32),(33,161,'2023-02-20','Warehouse D - Shelf 1',33),(34,468,'2023-06-05','Warehouse A - Shelf 20',34),(35,269,'2023-08-04','Warehouse C - Shelf 14',35),(36,30,'2024-12-20','Warehouse C - Shelf 8',36),(37,150,'2023-09-15','Warehouse C - Shelf 5',37),(38,150,'2023-01-29','Warehouse C - Shelf 9',38),(39,218,'2023-12-22','Warehouse D - Shelf 2',39),(40,346,'2024-03-06','Warehouse B - Shelf 20',40),(41,261,'2024-01-10','Warehouse A - Shelf 13',41),(42,256,'2024-12-05','Warehouse C - Shelf 1',42),(43,263,'2024-09-22','Warehouse C - Shelf 8',43),(44,22,'2023-08-01','Warehouse A - Shelf 14',44),(45,414,'2024-04-17','Warehouse C - Shelf 14',45),(46,317,'2023-03-31','Warehouse B - Shelf 3',46),(47,107,'2024-03-07','Warehouse A - Shelf 3',47),(48,261,'2024-08-27','Warehouse D - Shelf 11',48),(49,166,'2023-05-28','Warehouse C - Shelf 19',49),(50,127,'2023-02-07','Warehouse A - Shelf 12',50),(51,48,'2024-05-02','Warehouse D - Shelf 19',51),(52,19,'2024-12-22','Warehouse A - Shelf 13',52),(53,54,'2024-10-11','Warehouse C - Shelf 7',53),(54,362,'2023-11-24','Warehouse A - Shelf 17',54),(55,207,'2023-09-10','Warehouse A - Shelf 1',55),(56,221,'2024-09-26','Warehouse A - Shelf 15',56),(57,50,'2023-01-17','Warehouse C - Shelf 3',57),(58,231,'2024-02-20','Warehouse B - Shelf 11',58),(59,53,'2023-10-19','Warehouse B - Shelf 7',59),(60,313,'2023-09-05','Warehouse C - Shelf 9',60),(61,279,'2024-10-12','Warehouse D - Shelf 1',61),(62,163,'2023-07-07','Warehouse D - Shelf 14',62),(63,24,'2023-10-28','Warehouse D - Shelf 6',63),(64,75,'2023-11-06','Warehouse D - Shelf 9',64),(65,350,'2023-05-06','Warehouse C - Shelf 6',65),(66,389,'2024-11-09','Warehouse D - Shelf 14',66),(67,232,'2024-06-29','Warehouse E - Shelf 14',67),(68,176,'2023-02-03','Warehouse D - Shelf 7',68),(69,204,'2024-03-09','Warehouse C - Shelf 5',69),(70,414,'2023-02-18','Warehouse D - Shelf 10',70),(71,249,'2023-02-24','Warehouse A - Shelf 16',71),(72,338,'2024-07-05','Warehouse E - Shelf 7',72),(73,343,'2023-09-09','Warehouse D - Shelf 6',73),(74,432,'2023-09-16','Warehouse C - Shelf 6',74),(75,383,'2023-08-16','Warehouse B - Shelf 13',75),(76,29,'2023-11-24','Warehouse C - Shelf 15',76),(77,429,'2023-06-30','Warehouse B - Shelf 20',77),(78,231,'2023-03-12','Warehouse C - Shelf 5',78),(79,81,'2023-02-21','Warehouse E - Shelf 12',79),(80,448,'2023-08-01','Warehouse D - Shelf 2',80),(81,209,'2023-10-09','Warehouse B - Shelf 15',81),(82,334,'2023-07-31','Warehouse A - Shelf 9',82),(83,138,'2023-01-13','Warehouse A - Shelf 16',83),(84,232,'2023-10-06','Warehouse D - Shelf 15',84),(85,448,'2024-06-06','Warehouse A - Shelf 8',85),(86,382,'2023-07-22','Warehouse D - Shelf 8',86),(87,35,'2024-03-12','Warehouse E - Shelf 5',87),(88,70,'2023-03-28','Warehouse A - Shelf 14',88),(89,132,'2024-08-19','Warehouse D - Shelf 3',89),(90,33,'2023-06-28','Warehouse D - Shelf 9',90),(91,111,'2024-07-20','Warehouse A - Shelf 5',91),(92,53,'2024-07-11','Warehouse D - Shelf 18',92),(93,258,'2023-05-22','Warehouse A - Shelf 11',93),(94,337,'2024-03-09','Warehouse B - Shelf 10',94),(95,217,'2023-01-21','Warehouse E - Shelf 5',95),(96,283,'2024-07-07','Warehouse D - Shelf 16',96),(97,166,'2024-12-27','Warehouse E - Shelf 16',97),(98,32,'2024-01-24','Warehouse A - Shelf 13',98),(99,285,'2023-05-07','Warehouse C - Shelf 16',99),(100,182,'2024-05-09','Warehouse D - Shelf 4',100),(101,198,'2023-01-16','Warehouse C - Shelf 17',101),(102,472,'2023-08-24','Warehouse C - Shelf 6',102),(103,476,'2023-01-15','Warehouse E - Shelf 16',103),(104,418,'2023-09-21','Warehouse B - Shelf 9',104),(105,319,'2024-05-21','Warehouse C - Shelf 13',105),(106,476,'2024-04-14','Warehouse A - Shelf 6',106),(107,141,'2023-05-01','Warehouse C - Shelf 10',107),(108,233,'2024-05-15','Warehouse A - Shelf 8',108),(109,7,'2023-05-21','Warehouse A - Shelf 17',109),(110,370,'2023-07-17','Warehouse E - Shelf 5',110),(111,414,'2024-10-20','Warehouse C - Shelf 5',111),(112,221,'2023-08-04','Warehouse D - Shelf 9',112),(113,289,'2023-06-24','Warehouse A - Shelf 17',113),(114,164,'2024-11-04','Warehouse E - Shelf 12',114),(115,63,'2023-10-22','Warehouse A - Shelf 19',115),(116,98,'2023-04-27','Warehouse E - Shelf 6',116),(117,448,'2023-04-27','Warehouse A - Shelf 5',117),(118,244,'2023-11-24','Warehouse E - Shelf 11',118),(119,303,'2024-10-12','Warehouse E - Shelf 6',119),(120,303,'2024-04-26','Warehouse C - Shelf 4',120),(121,469,'2024-05-29','Warehouse A - Shelf 11',121),(122,167,'2023-04-15','Warehouse D - Shelf 8',122),(123,9,'2024-10-27','Warehouse D - Shelf 1',123),(124,12,'2023-04-07','Warehouse C - Shelf 6',124),(125,41,'2023-10-08','Warehouse D - Shelf 3',125),(126,142,'2023-11-20','Warehouse D - Shelf 14',126),(127,266,'2024-01-21','Warehouse E - Shelf 14',127),(128,448,'2024-12-25','Warehouse C - Shelf 6',128),(129,93,'2023-05-06','Warehouse A - Shelf 17',129),(130,152,'2023-06-19','Warehouse D - Shelf 1',130),(131,44,'2023-12-18','Warehouse B - Shelf 20',131),(132,139,'2024-12-08','Warehouse D - Shelf 16',132),(133,442,'2023-05-23','Warehouse B - Shelf 11',133),(134,324,'2024-09-24','Warehouse C - Shelf 20',134),(135,219,'2023-04-28','Warehouse E - Shelf 3',135),(136,28,'2023-07-21','Warehouse A - Shelf 1',136),(137,11,'2023-04-14','Warehouse D - Shelf 9',137),(138,251,'2023-10-12','Warehouse E - Shelf 19',138),(139,433,'2023-08-07','Warehouse A - Shelf 2',139),(140,230,'2024-01-22','Warehouse D - Shelf 18',140),(141,104,'2023-02-05','Warehouse B - Shelf 20',141),(142,307,'2024-05-26','Warehouse E - Shelf 9',142),(143,463,'2023-08-09','Warehouse A - Shelf 18',143),(144,463,'2024-03-03','Warehouse A - Shelf 1',144),(145,411,'2023-04-02','Warehouse B - Shelf 11',145),(146,412,'2024-02-11','Warehouse D - Shelf 10',146),(147,408,'2024-03-10','Warehouse B - Shelf 4',147),(148,217,'2024-03-04','Warehouse A - Shelf 6',148),(149,38,'2024-11-09','Warehouse A - Shelf 9',149),(150,422,'2024-03-24','Warehouse C - Shelf 6',150),(151,348,'2023-10-13','Warehouse E - Shelf 12',151),(152,81,'2023-05-08','Warehouse C - Shelf 12',152),(153,196,'2023-07-12','Warehouse B - Shelf 18',153),(154,99,'2023-10-28','Warehouse E - Shelf 11',154),(155,429,'2023-01-20','Warehouse E - Shelf 1',155),(156,471,'2023-04-05','Warehouse C - Shelf 5',156),(157,236,'2023-09-13','Warehouse E - Shelf 11',157),(158,276,'2023-11-08','Warehouse C - Shelf 19',158),(159,320,'2023-02-03','Warehouse A - Shelf 15',159),(160,454,'2024-12-08','Warehouse A - Shelf 4',160),(161,315,'2023-10-02','Warehouse A - Shelf 5',161),(162,57,'2024-04-26','Warehouse A - Shelf 19',162),(163,432,'2023-12-10','Warehouse C - Shelf 7',163),(164,321,'2023-01-19','Warehouse E - Shelf 16',164),(165,103,'2023-06-20','Warehouse A - Shelf 19',165),(166,262,'2023-07-08','Warehouse C - Shelf 12',166),(167,409,'2024-10-20','Warehouse A - Shelf 17',167),(168,245,'2024-07-26','Warehouse A - Shelf 15',168),(169,329,'2023-04-18','Warehouse B - Shelf 7',169),(170,351,'2023-01-20','Warehouse C - Shelf 2',170),(171,36,'2024-10-08','Warehouse D - Shelf 12',171),(172,368,'2024-09-11','Warehouse A - Shelf 11',172),(173,242,'2024-08-14','Warehouse A - Shelf 18',173),(174,286,'2024-07-09','Warehouse C - Shelf 15',174),(175,126,'2024-05-27','Warehouse E - Shelf 10',175),(176,213,'2023-10-22','Warehouse A - Shelf 16',176),(177,182,'2024-06-02','Warehouse E - Shelf 13',177),(178,112,'2023-04-19','Warehouse A - Shelf 17',178),(179,292,'2024-05-05','Warehouse A - Shelf 2',179),(180,60,'2023-12-02','Warehouse A - Shelf 6',180),(181,394,'2023-04-27','Warehouse A - Shelf 10',181),(182,302,'2024-04-26','Warehouse A - Shelf 15',182),(183,437,'2024-09-11','Warehouse E - Shelf 14',183),(184,395,'2024-03-21','Warehouse E - Shelf 8',184),(185,402,'2023-05-23','Warehouse C - Shelf 2',185),(186,62,'2023-09-07','Warehouse D - Shelf 6',186),(187,374,'2023-08-27','Warehouse A - Shelf 16',187),(188,458,'2024-02-08','Warehouse E - Shelf 15',188),(189,299,'2024-10-09','Warehouse C - Shelf 3',189),(190,474,'2024-12-11','Warehouse C - Shelf 16',190),(191,75,'2024-10-08','Warehouse A - Shelf 15',191),(192,43,'2023-01-05','Warehouse B - Shelf 10',192),(193,452,'2023-05-14','Warehouse E - Shelf 19',193),(194,317,'2024-10-31','Warehouse C - Shelf 14',194),(195,475,'2024-08-13','Warehouse D - Shelf 14',195),(196,381,'2024-03-25','Warehouse B - Shelf 6',196),(197,330,'2023-07-04','Warehouse A - Shelf 9',197),(198,477,'2024-05-15','Warehouse E - Shelf 2',198),(199,264,'2024-02-08','Warehouse B - Shelf 15',199),(200,332,'2024-12-14','Warehouse C - Shelf 6',200),(201,401,'2023-06-08','Warehouse C - Shelf 15',201),(202,195,'2024-06-17','Warehouse B - Shelf 1',202),(203,407,'2024-05-30','Warehouse C - Shelf 5',203),(204,296,'2024-05-08','Warehouse B - Shelf 12',204),(205,119,'2023-06-12','Warehouse D - Shelf 15',205),(206,413,'2023-06-17','Warehouse D - Shelf 15',206),(207,346,'2024-10-25','Warehouse E - Shelf 1',207),(208,254,'2023-10-06','Warehouse D - Shelf 4',208),(209,46,'2024-11-05','Warehouse C - Shelf 5',209),(210,62,'2024-01-04','Warehouse B - Shelf 11',210),(211,166,'2023-12-22','Warehouse B - Shelf 8',211),(212,74,'2023-10-02','Warehouse A - Shelf 2',212),(213,347,'2023-10-29','Warehouse A - Shelf 3',213),(214,303,'2024-12-06','Warehouse C - Shelf 3',214),(215,387,'2024-01-22','Warehouse A - Shelf 9',215),(216,131,'2024-07-26','Warehouse E - Shelf 16',216),(217,200,'2023-05-05','Warehouse C - Shelf 13',217),(218,359,'2023-07-15','Warehouse E - Shelf 7',218),(219,63,'2024-07-29','Warehouse C - Shelf 9',219),(220,351,'2024-02-19','Warehouse A - Shelf 7',220),(221,3,'2023-11-20','Warehouse B - Shelf 18',221),(222,460,'2024-11-13','Warehouse A - Shelf 10',222),(223,343,'2024-05-23','Warehouse B - Shelf 15',223),(224,435,'2023-08-04','Warehouse C - Shelf 7',224),(225,52,'2024-07-07','Warehouse A - Shelf 16',225),(226,446,'2023-12-23','Warehouse C - Shelf 7',226),(227,96,'2023-07-31','Warehouse C - Shelf 18',227),(228,41,'2024-06-08','Warehouse A - Shelf 8',228),(229,154,'2023-02-23','Warehouse B - Shelf 14',229),(230,218,'2023-07-01','Warehouse C - Shelf 9',230),(231,38,'2024-02-26','Warehouse D - Shelf 20',231),(232,47,'2023-06-12','Warehouse E - Shelf 2',232),(233,98,'2024-03-21','Warehouse E - Shelf 9',233),(234,169,'2023-10-27','Warehouse A - Shelf 4',234),(235,422,'2023-11-07','Warehouse D - Shelf 1',235),(236,81,'2024-12-24','Warehouse D - Shelf 8',236),(237,403,'2023-11-23','Warehouse E - Shelf 8',237),(238,114,'2023-03-25','Warehouse A - Shelf 10',238),(239,36,'2023-11-15','Warehouse E - Shelf 4',239),(240,473,'2023-02-24','Warehouse A - Shelf 14',240),(241,312,'2024-09-13','Warehouse B - Shelf 20',241),(242,271,'2024-05-06','Warehouse A - Shelf 8',242),(243,141,'2023-05-12','Warehouse A - Shelf 15',243),(244,67,'2024-07-30','Warehouse B - Shelf 1',244),(245,108,'2024-11-28','Warehouse A - Shelf 18',245),(246,407,'2023-10-20','Warehouse B - Shelf 14',246),(247,91,'2024-04-15','Warehouse E - Shelf 12',247),(248,404,'2024-01-23','Warehouse A - Shelf 13',248),(249,447,'2024-06-15','Warehouse D - Shelf 7',249),(250,200,'2023-02-01','Warehouse E - Shelf 20',250),(251,464,'2024-04-20','Warehouse C - Shelf 11',251),(252,83,'2024-02-14','Warehouse D - Shelf 4',252),(253,110,'2024-05-19','Warehouse B - Shelf 18',253),(254,130,'2024-01-06','Warehouse B - Shelf 20',254),(255,115,'2023-10-13','Warehouse A - Shelf 3',255),(256,176,'2023-06-01','Warehouse D - Shelf 12',256),(257,220,'2024-05-26','Warehouse A - Shelf 15',257),(258,374,'2024-11-24','Warehouse A - Shelf 2',258),(259,253,'2024-12-21','Warehouse A - Shelf 16',259),(260,301,'2024-12-19','Warehouse C - Shelf 18',260),(261,164,'2023-02-23','Warehouse E - Shelf 6',261),(262,301,'2023-12-30','Warehouse D - Shelf 10',262),(263,10,'2024-02-15','Warehouse A - Shelf 18',263),(264,99,'2024-10-13','Warehouse D - Shelf 12',264),(265,93,'2024-09-20','Warehouse C - Shelf 1',265),(266,326,'2024-01-03','Warehouse C - Shelf 15',266),(267,376,'2023-11-28','Warehouse D - Shelf 20',267),(268,4,'2024-04-12','Warehouse D - Shelf 20',268),(269,63,'2023-11-14','Warehouse B - Shelf 10',269),(270,212,'2024-10-19','Warehouse A - Shelf 11',270),(271,456,'2024-04-30','Warehouse B - Shelf 3',271),(272,430,'2023-02-19','Warehouse E - Shelf 9',272),(273,145,'2024-03-20','Warehouse C - Shelf 19',273),(274,368,'2024-09-05','Warehouse E - Shelf 3',274),(275,122,'2024-08-01','Warehouse E - Shelf 16',275),(276,285,'2024-01-01','Warehouse C - Shelf 9',276),(277,359,'2024-07-12','Warehouse A - Shelf 10',277),(278,25,'2024-09-19','Warehouse A - Shelf 2',278),(279,435,'2023-05-16','Warehouse B - Shelf 6',279),(280,440,'2023-08-21','Warehouse D - Shelf 12',280),(281,416,'2023-11-28','Warehouse D - Shelf 10',281),(282,102,'2024-10-28','Warehouse C - Shelf 11',282),(283,156,'2023-01-24','Warehouse E - Shelf 3',283),(284,304,'2023-11-17','Warehouse C - Shelf 10',284),(285,439,'2023-02-20','Warehouse C - Shelf 9',285),(286,282,'2023-05-06','Warehouse C - Shelf 4',286),(287,414,'2024-03-05','Warehouse E - Shelf 9',287),(288,391,'2024-11-05','Warehouse E - Shelf 5',288),(289,392,'2023-04-13','Warehouse A - Shelf 13',289),(290,389,'2023-11-12','Warehouse D - Shelf 5',290),(291,314,'2023-03-14','Warehouse D - Shelf 18',291),(292,39,'2024-08-08','Warehouse D - Shelf 10',292),(293,269,'2023-05-31','Warehouse C - Shelf 17',293),(294,207,'2024-10-04','Warehouse D - Shelf 8',294),(295,403,'2024-01-16','Warehouse E - Shelf 11',295),(296,191,'2023-05-14','Warehouse A - Shelf 9',296),(297,102,'2024-12-25','Warehouse C - Shelf 20',297),(298,402,'2024-06-15','Warehouse B - Shelf 10',298),(299,188,'2023-03-23','Warehouse C - Shelf 7',299),(300,9,'2024-09-15','Warehouse D - Shelf 19',300),(301,463,'2023-01-22','Warehouse C - Shelf 4',301),(302,78,'2024-11-08','Warehouse B - Shelf 14',302),(303,292,'2024-07-09','Warehouse C - Shelf 8',303),(304,341,'2024-05-17','Warehouse A - Shelf 20',304),(305,426,'2024-10-06','Warehouse B - Shelf 5',305),(306,63,'2023-06-30','Warehouse E - Shelf 12',306),(307,450,'2024-01-06','Warehouse C - Shelf 7',307),(308,290,'2024-03-14','Warehouse B - Shelf 19',308),(309,134,'2023-08-06','Warehouse A - Shelf 12',309),(310,465,'2024-06-12','Warehouse A - Shelf 5',310),(311,271,'2023-10-13','Warehouse A - Shelf 19',311),(312,458,'2024-12-17','Warehouse E - Shelf 18',312),(313,235,'2023-06-17','Warehouse C - Shelf 14',313),(314,175,'2024-11-12','Warehouse E - Shelf 4',314),(315,363,'2023-07-29','Warehouse B - Shelf 6',315),(316,383,'2023-02-13','Warehouse D - Shelf 15',316),(317,170,'2024-08-01','Warehouse A - Shelf 16',317),(318,43,'2024-09-15','Warehouse E - Shelf 12',318),(319,46,'2023-08-06','Warehouse E - Shelf 5',319),(320,72,'2024-03-09','Warehouse C - Shelf 13',320),(321,476,'2024-01-31','Warehouse E - Shelf 6',321),(322,475,'2023-07-05','Warehouse E - Shelf 19',322),(323,259,'2024-01-31','Warehouse B - Shelf 8',323),(324,168,'2024-09-12','Warehouse C - Shelf 11',324),(325,145,'2024-10-10','Warehouse E - Shelf 3',325),(326,205,'2023-06-27','Warehouse B - Shelf 6',326),(327,136,'2023-02-12','Warehouse E - Shelf 9',327),(328,421,'2023-07-21','Warehouse E - Shelf 14',328),(329,170,'2023-04-29','Warehouse C - Shelf 16',329),(330,57,'2023-07-12','Warehouse D - Shelf 18',330),(331,392,'2023-09-06','Warehouse A - Shelf 5',331),(332,142,'2024-10-28','Warehouse B - Shelf 14',332),(333,280,'2024-09-08','Warehouse C - Shelf 17',333),(334,386,'2023-11-16','Warehouse B - Shelf 10',334),(335,255,'2024-07-09','Warehouse D - Shelf 10',335),(336,342,'2024-08-20','Warehouse A - Shelf 6',336),(337,180,'2023-05-14','Warehouse C - Shelf 16',337),(338,17,'2024-10-30','Warehouse E - Shelf 1',338),(339,140,'2023-05-13','Warehouse E - Shelf 3',339),(340,363,'2024-09-06','Warehouse A - Shelf 4',340),(341,250,'2024-06-06','Warehouse E - Shelf 13',341),(342,455,'2023-03-17','Warehouse E - Shelf 19',342),(343,170,'2024-05-23','Warehouse A - Shelf 16',343),(344,458,'2023-09-21','Warehouse A - Shelf 18',344),(345,442,'2023-04-02','Warehouse B - Shelf 6',345),(346,425,'2024-12-23','Warehouse B - Shelf 2',346),(347,338,'2023-09-30','Warehouse E - Shelf 10',347),(348,29,'2023-12-11','Warehouse A - Shelf 10',348),(349,263,'2024-02-28','Warehouse C - Shelf 18',349),(350,69,'2023-12-14','Warehouse C - Shelf 16',350),(351,129,'2023-03-06','Warehouse E - Shelf 7',351),(352,10,'2024-02-27','Warehouse E - Shelf 18',352),(353,266,'2024-03-18','Warehouse D - Shelf 2',353),(354,66,'2023-04-17','Warehouse A - Shelf 9',354),(355,128,'2024-02-21','Warehouse E - Shelf 13',355),(356,141,'2023-08-01','Warehouse D - Shelf 19',356),(357,9,'2023-06-18','Warehouse C - Shelf 19',357),(358,452,'2023-04-30','Warehouse B - Shelf 17',358),(359,84,'2024-02-16','Warehouse E - Shelf 17',359),(360,48,'2024-02-28','Warehouse E - Shelf 20',360),(361,340,'2023-04-22','Warehouse A - Shelf 14',361),(362,327,'2023-04-18','Warehouse E - Shelf 9',362),(363,86,'2024-08-02','Warehouse A - Shelf 7',363),(364,249,'2024-05-01','Warehouse D - Shelf 8',364),(365,382,'2023-05-13','Warehouse E - Shelf 13',365),(366,101,'2024-10-17','Warehouse E - Shelf 12',366),(367,415,'2024-07-17','Warehouse A - Shelf 3',367),(368,114,'2023-09-15','Warehouse B - Shelf 14',368),(369,401,'2024-01-26','Warehouse A - Shelf 17',369),(370,97,'2023-03-14','Warehouse B - Shelf 15',370),(371,348,'2023-01-12','Warehouse C - Shelf 10',371),(372,220,'2024-10-08','Warehouse A - Shelf 7',372),(373,434,'2024-08-08','Warehouse D - Shelf 8',373),(374,119,'2024-07-29','Warehouse B - Shelf 17',374),(375,110,'2023-09-14','Warehouse C - Shelf 10',375),(376,319,'2023-02-08','Warehouse E - Shelf 20',376),(377,114,'2023-07-07','Warehouse C - Shelf 10',377),(378,416,'2024-11-26','Warehouse B - Shelf 17',378),(379,202,'2024-07-16','Warehouse E - Shelf 11',379),(380,354,'2024-02-16','Warehouse D - Shelf 7',380),(381,24,'2024-01-22','Warehouse C - Shelf 6',381),(382,471,'2024-11-23','Warehouse E - Shelf 3',382),(383,70,'2024-12-25','Warehouse D - Shelf 4',383),(384,448,'2023-04-19','Warehouse B - Shelf 6',384),(385,16,'2023-05-28','Warehouse C - Shelf 14',385),(386,35,'2024-10-11','Warehouse E - Shelf 11',386),(387,44,'2024-04-06','Warehouse A - Shelf 14',387),(388,140,'2024-01-20','Warehouse C - Shelf 10',388),(389,408,'2023-10-02','Warehouse D - Shelf 17',389),(390,191,'2024-12-14','Warehouse B - Shelf 11',390),(391,154,'2023-09-20','Warehouse E - Shelf 15',391),(392,64,'2024-06-12','Warehouse E - Shelf 18',392),(393,140,'2023-10-05','Warehouse B - Shelf 3',393),(394,450,'2023-02-22','Warehouse B - Shelf 3',394),(395,78,'2024-07-15','Warehouse A - Shelf 5',395),(396,454,'2024-04-17','Warehouse A - Shelf 6',396),(397,175,'2023-04-11','Warehouse E - Shelf 7',397),(398,19,'2024-02-26','Warehouse B - Shelf 6',398),(399,101,'2024-03-30','Warehouse E - Shelf 16',399),(400,430,'2023-03-22','Warehouse D - Shelf 10',400),(401,455,'2023-02-12','Warehouse E - Shelf 9',401),(402,127,'2024-09-02','Warehouse D - Shelf 4',402),(403,309,'2024-04-10','Warehouse C - Shelf 20',403),(404,342,'2024-07-29','Warehouse A - Shelf 5',404),(405,367,'2024-10-28','Warehouse E - Shelf 5',405),(406,471,'2023-03-31','Warehouse C - Shelf 14',406),(407,37,'2023-05-17','Warehouse A - Shelf 10',407),(408,386,'2023-05-13','Warehouse C - Shelf 14',408),(409,150,'2023-01-17','Warehouse A - Shelf 8',409),(410,104,'2024-06-15','Warehouse B - Shelf 9',410),(411,39,'2023-06-02','Warehouse B - Shelf 4',411),(412,16,'2023-04-22','Warehouse A - Shelf 15',412),(413,138,'2023-02-01','Warehouse D - Shelf 19',413),(414,395,'2024-12-07','Warehouse B - Shelf 8',414),(415,58,'2023-12-01','Warehouse C - Shelf 15',415),(416,146,'2024-05-01','Warehouse D - Shelf 12',416),(417,360,'2024-08-04','Warehouse D - Shelf 14',417),(418,431,'2024-06-15','Warehouse E - Shelf 20',418),(419,66,'2023-04-07','Warehouse E - Shelf 14',419),(420,182,'2023-05-24','Warehouse B - Shelf 7',420),(421,422,'2023-05-02','Warehouse A - Shelf 1',421),(422,90,'2024-09-03','Warehouse C - Shelf 6',422),(423,213,'2023-02-21','Warehouse C - Shelf 1',423),(424,136,'2024-02-01','Warehouse E - Shelf 4',424),(425,131,'2023-07-01','Warehouse D - Shelf 7',425),(426,211,'2023-05-09','Warehouse C - Shelf 10',426),(427,332,'2023-12-21','Warehouse E - Shelf 8',427),(428,376,'2023-05-07','Warehouse E - Shelf 18',428),(429,132,'2024-06-12','Warehouse C - Shelf 13',429),(430,233,'2023-05-29','Warehouse B - Shelf 7',430),(431,125,'2023-01-17','Warehouse B - Shelf 3',431),(432,164,'2023-08-26','Warehouse E - Shelf 17',432),(433,174,'2023-05-27','Warehouse B - Shelf 12',433),(434,470,'2023-11-23','Warehouse A - Shelf 1',434),(435,44,'2024-12-24','Warehouse B - Shelf 10',435),(436,13,'2024-03-05','Warehouse C - Shelf 2',436),(437,105,'2024-03-06','Warehouse A - Shelf 3',437),(438,385,'2023-05-06','Warehouse B - Shelf 11',438),(439,389,'2023-09-30','Warehouse D - Shelf 19',439),(440,309,'2023-04-29','Warehouse E - Shelf 18',440),(441,373,'2023-10-22','Warehouse B - Shelf 4',441),(442,112,'2023-01-22','Warehouse E - Shelf 8',442),(443,33,'2023-10-09','Warehouse B - Shelf 3',443),(444,220,'2024-03-26','Warehouse A - Shelf 16',444),(445,33,'2023-09-06','Warehouse A - Shelf 12',445),(446,350,'2023-04-26','Warehouse A - Shelf 9',446),(447,122,'2023-03-05','Warehouse B - Shelf 10',447),(448,412,'2024-05-22','Warehouse A - Shelf 20',448),(449,51,'2023-12-13','Warehouse E - Shelf 14',449),(450,122,'2024-08-24','Warehouse A - Shelf 12',450),(451,358,'2023-12-12','Warehouse C - Shelf 15',451),(452,176,'2023-01-31','Warehouse A - Shelf 13',452),(453,188,'2024-12-21','Warehouse B - Shelf 5',453),(454,219,'2023-10-08','Warehouse B - Shelf 15',454),(455,305,'2024-07-23','Warehouse E - Shelf 10',455),(456,358,'2024-07-14','Warehouse A - Shelf 4',456),(457,305,'2024-05-20','Warehouse B - Shelf 18',457),(458,254,'2023-08-06','Warehouse C - Shelf 7',458),(459,102,'2023-11-20','Warehouse E - Shelf 13',459),(460,440,'2023-09-07','Warehouse C - Shelf 11',460),(461,161,'2023-08-28','Warehouse D - Shelf 7',461),(462,193,'2023-07-25','Warehouse C - Shelf 2',462),(463,232,'2024-12-07','Warehouse A - Shelf 8',463),(464,265,'2023-12-20','Warehouse B - Shelf 10',464),(465,412,'2023-04-20','Warehouse D - Shelf 12',465),(466,272,'2023-05-10','Warehouse E - Shelf 13',466),(467,212,'2023-01-22','Warehouse C - Shelf 5',467),(468,453,'2024-04-04','Warehouse C - Shelf 9',468),(469,133,'2023-09-13','Warehouse E - Shelf 19',469),(470,54,'2023-02-11','Warehouse B - Shelf 6',470),(471,177,'2024-10-26','Warehouse B - Shelf 12',471),(472,211,'2023-03-16','Warehouse C - Shelf 18',472),(473,391,'2024-10-05','Warehouse D - Shelf 2',473),(474,47,'2023-03-06','Warehouse B - Shelf 2',474),(475,395,'2023-12-31','Warehouse E - Shelf 4',475),(476,9,'2023-09-18','Warehouse E - Shelf 1',476),(477,258,'2024-10-24','Warehouse A - Shelf 6',477),(478,131,'2024-06-02','Warehouse B - Shelf 1',478),(479,107,'2024-02-19','Warehouse C - Shelf 20',479),(480,391,'2024-02-20','Warehouse A - Shelf 6',480),(481,454,'2024-08-10','Warehouse A - Shelf 18',481),(482,430,'2024-08-12','Warehouse A - Shelf 12',482),(483,197,'2023-11-04','Warehouse D - Shelf 3',483),(484,59,'2023-01-22','Warehouse E - Shelf 12',484),(485,306,'2023-01-10','Warehouse D - Shelf 5',485),(486,146,'2024-06-08','Warehouse D - Shelf 7',486),(487,248,'2023-04-05','Warehouse B - Shelf 14',487),(488,93,'2023-10-26','Warehouse B - Shelf 5',488),(489,55,'2024-04-12','Warehouse B - Shelf 12',489),(490,111,'2023-09-21','Warehouse B - Shelf 18',490),(491,112,'2024-08-02','Warehouse D - Shelf 12',491),(492,306,'2023-02-03','Warehouse A - Shelf 15',492),(493,166,'2023-09-22','Warehouse E - Shelf 3',493),(494,19,'2023-09-12','Warehouse E - Shelf 9',494),(495,414,'2024-02-27','Warehouse D - Shelf 11',495),(496,225,'2024-06-19','Warehouse D - Shelf 1',496),(497,391,'2024-01-23','Warehouse C - Shelf 1',497),(498,419,'2024-06-28','Warehouse B - Shelf 6',498),(499,88,'2023-12-21','Warehouse E - Shelf 2',499),(500,350,'2023-07-13','Warehouse C - Shelf 10',500);
/*!40000 ALTER TABLE `Inventory` ENABLE KEYS */;
UNLOCK TABLES;

--
-- Table structure for table `Invoice`
--

DROP TABLE IF EXISTS `Invoice`;
/*!40101 SET @saved_cs_client     = @@character_set_client */;
/*!50503 SET character_set_client = utf8mb4 */;
CREATE TABLE `Invoice` (
  `invoice_id` int(11) NOT NULL AUTO_INCREMENT,
  `inv_date` datetime DEFAULT NULL,
  `inv_status` varchar(50) NOT NULL,
  `customer_id` int(11) NOT NULL,
  `payment_id` int(11) NOT NULL,
  PRIMARY KEY (`invoice_id`),
  KEY `customer_id` (`customer_id`),
  KEY `payment_id` (`payment_id`),
  CONSTRAINT `1` FOREIGN KEY (`customer_id`) REFERENCES `Customer` (`customer_id`),
  CONSTRAINT `2` FOREIGN KEY (`payment_id`) REFERENCES `Payment` (`payment_id`)
) ENGINE=InnoDB AUTO_INCREMENT=501 DEFAULT CHARSET=utf8mb4 COLLATE=utf8mb4_uca1400_ai_ci;
/*!40101 SET character_set_client = @saved_cs_client */;

--
-- Dumping data for table `Invoice`
--

LOCK TABLES `Invoice` WRITE;
/*!40000 ALTER TABLE `Invoice` DISABLE KEYS */;
INSERT INTO `Invoice` VALUES (1,'2024-01-10 10:14:00','Delivered',1,1),(2,'2024-01-12 14:29:00','Delivered',2,2),(3,'2024-01-15 08:59:00','Delivered',3,3),(4,'2024-01-20 16:44:00','Delivered',4,4),(5,'2024-02-01 11:19:00','Delivered',5,5),(6,'2024-02-05 12:59:00','Delivered',6,6),(7,'2024-02-10 08:29:00','Delivered',7,7),(8,'2024-02-14 17:14:00','Delivered',8,8),(9,'2024-02-20 11:59:00','Delivered',9,9),(10,'2024-03-01 10:44:00','Delivered',10,10),(11,'2024-03-05 15:29:00','Delivered',11,11),(12,'2024-03-10 09:14:00','Delivered',12,12),(13,'2024-03-15 13:59:00','Delivered',13,13),(14,'2024-03-20 11:29:00','Delivered',14,14),(15,'2024-03-25 15:59:00','Delivered',15,15),(16,'2024-04-01 09:59:00','Delivered',16,16),(17,'2024-04-05 13:44:00','Shipped',17,17),(18,'2024-04-10 08:14:00','Processing',18,18),(19,'2024-04-15 14:59:00','Processing',19,19),(20,'2024-04-20 12:29:00','Pending',20,20),(21,'2024-05-22 21:55:10','Shipped',329,21),(22,'2024-04-15 22:05:06','Delivered',340,22),(23,'2024-10-15 13:42:14','Delivered',17,23),(24,'2024-05-17 15:30:46','Cancelled',279,24),(25,'2023-01-08 18:41:32','Processing',362,25),(26,'2023-04-05 08:44:04','Delivered',444,26),(27,'2023-01-23 23:38:48','Cancelled',177,27),(28,'2024-09-18 21:03:25','Shipped',269,28),(29,'2023-11-12 17:45:14','Shipped',179,29),(30,'2024-12-17 23:13:23','Processing',390,30),(31,'2024-02-22 19:42:28','Cancelled',346,31),(32,'2024-08-05 07:34:33','Cancelled',329,32),(33,'2024-10-27 04:52:04','Cancelled',348,33),(34,'2024-06-12 09:20:41','Shipped',466,34),(35,'2024-05-27 11:52:51','Delivered',53,35),(36,'2023-11-29 02:42:44','Processing',412,36),(37,'2024-08-03 14:03:13','Processing',445,37),(38,'2023-02-22 04:35:16','Processing',202,38),(39,'2023-11-21 13:30:51','Delivered',107,39),(40,'2023-02-12 01:18:12','Processing',219,40),(41,'2023-08-06 03:24:54','Processing',294,41),(42,'2024-05-29 12:17:34','Cancelled',390,42),(43,'2024-02-10 12:49:30','Processing',46,43),(44,'2023-09-09 06:30:39','Delivered',201,44),(45,'2024-02-15 06:39:14','Processing',209,45),(46,'2023-10-01 12:24:04','Delivered',161,46),(47,'2023-05-10 03:00:20','Shipped',300,47),(48,'2024-02-04 04:02:23','Shipped',108,48),(49,'2024-09-08 11:01:15','Delivered',286,49),(50,'2023-11-20 18:12:03','Processing',429,50),(51,'2024-05-22 12:49:05','Shipped',161,51),(52,'2024-12-09 07:29:15','Cancelled',98,52),(53,'2023-01-24 02:38:54','Delivered',11,53),(54,'2023-04-15 10:23:29','Cancelled',419,54),(55,'2024-07-06 03:30:59','Processing',453,55),(56,'2024-01-14 16:42:39','Shipped',464,56),(57,'2024-04-27 23:41:15','Delivered',48,57),(58,'2023-09-10 23:23:48','Processing',27,58),(59,'2023-11-22 23:25:15','Delivered',204,59),(60,'2024-01-27 09:19:14','Cancelled',236,60),(61,'2023-09-06 09:28:12','Cancelled',79,61),(62,'2023-02-09 21:48:18','Cancelled',3,62),(63,'2023-08-20 13:21:18','Shipped',86,63),(64,'2023-03-04 18:04:44','Processing',116,64),(65,'2024-02-14 20:13:41','Delivered',180,65),(66,'2023-03-13 11:50:27','Shipped',346,66),(67,'2023-07-21 22:52:30','Cancelled',234,67),(68,'2023-04-16 21:31:25','Delivered',20,68),(69,'2024-11-27 11:47:19','Processing',358,69),(70,'2024-01-31 15:00:33','Delivered',371,70),(71,'2023-05-06 21:27:24','Cancelled',232,71),(72,'2023-05-06 22:52:06','Shipped',162,72),(73,'2024-06-05 02:18:10','Shipped',440,73),(74,'2023-04-01 09:17:24','Shipped',54,74),(75,'2024-01-03 14:46:02','Delivered',219,75),(76,'2024-02-05 20:36:16','Processing',156,76),(77,'2023-07-30 12:52:05','Processing',412,77),(78,'2023-02-17 21:19:43','Processing',28,78),(79,'2023-12-20 15:53:00','Shipped',460,79),(80,'2023-08-15 15:24:29','Shipped',105,80),(81,'2023-09-28 00:03:18','Processing',204,81),(82,'2023-04-25 19:39:25','Cancelled',160,82),(83,'2024-09-18 00:10:14','Cancelled',398,83),(84,'2023-08-21 02:18:12','Delivered',289,84),(85,'2024-10-04 18:51:11','Shipped',104,85),(86,'2024-05-07 07:34:09','Processing',463,86),(87,'2024-06-13 13:03:48','Shipped',110,87),(88,'2023-09-29 15:17:08','Cancelled',336,88),(89,'2023-08-13 04:56:41','Shipped',425,89),(90,'2023-02-09 17:27:07','Processing',287,90),(91,'2024-03-26 14:30:59','Processing',136,91),(92,'2024-10-02 01:17:39','Delivered',175,92),(93,'2023-02-16 15:55:03','Processing',152,93),(94,'2024-02-20 03:38:48','Delivered',287,94),(95,'2023-03-03 04:52:31','Shipped',62,95),(96,'2024-12-03 16:07:08','Cancelled',260,96),(97,'2024-06-01 09:53:34','Processing',53,97),(98,'2023-11-22 10:33:51','Cancelled',379,98),(99,'2024-09-04 02:14:25','Processing',190,99),(100,'2023-12-22 23:47:42','Delivered',414,100),(101,'2023-03-29 16:52:41','Shipped',3,101),(102,'2023-01-02 11:26:39','Cancelled',121,102),(103,'2024-10-23 09:59:39','Delivered',15,103),(104,'2023-04-27 21:34:04','Cancelled',119,104),(105,'2024-09-07 21:31:57','Delivered',4,105),(106,'2024-10-09 22:47:50','Processing',478,106),(107,'2024-01-05 02:13:50','Cancelled',66,107),(108,'2023-08-07 01:09:59','Cancelled',246,108),(109,'2024-04-19 00:48:18','Delivered',227,109),(110,'2024-06-23 06:35:15','Delivered',471,110),(111,'2024-02-15 03:31:45','Processing',322,111),(112,'2023-07-08 19:52:48','Shipped',394,112),(113,'2024-09-21 09:17:33','Delivered',418,113),(114,'2023-03-26 01:03:27','Delivered',78,114),(115,'2023-05-30 12:51:11','Shipped',428,115),(116,'2024-03-30 08:08:19','Delivered',16,116),(117,'2024-11-06 16:45:50','Shipped',185,117),(118,'2023-01-08 04:47:52','Delivered',5,118),(119,'2023-10-27 07:29:01','Shipped',305,119),(120,'2023-02-04 07:21:17','Cancelled',453,120),(121,'2023-03-01 14:14:42','Delivered',64,121),(122,'2023-01-16 18:59:28','Processing',152,122),(123,'2023-12-18 11:39:00','Cancelled',474,123),(124,'2023-03-12 09:16:48','Processing',338,124),(125,'2024-10-23 17:14:13','Shipped',447,125),(126,'2023-12-28 13:45:09','Shipped',373,126),(127,'2023-02-13 06:24:17','Delivered',10,127),(128,'2024-07-30 12:39:23','Processing',271,128),(129,'2023-02-05 07:41:24','Cancelled',416,129),(130,'2024-09-03 03:53:29','Cancelled',443,130),(131,'2024-05-06 06:05:30','Delivered',130,131),(132,'2023-06-08 21:59:16','Cancelled',6,132),(133,'2023-02-27 15:27:19','Cancelled',162,133),(134,'2023-06-11 23:15:41','Cancelled',417,134),(135,'2024-09-06 21:52:07','Cancelled',463,135),(136,'2024-04-15 03:12:05','Cancelled',364,136),(137,'2024-08-01 13:27:36','Shipped',45,137),(138,'2023-01-08 18:27:30','Shipped',103,138),(139,'2023-05-16 13:04:19','Shipped',301,139),(140,'2023-08-15 18:38:46','Delivered',362,140),(141,'2023-12-07 19:13:03','Delivered',115,141),(142,'2023-11-19 04:23:41','Delivered',17,142),(143,'2023-12-24 11:33:00','Delivered',35,143),(144,'2023-06-25 21:57:05','Cancelled',304,144),(145,'2023-12-02 10:14:19','Shipped',411,145),(146,'2024-03-01 22:30:40','Shipped',2,146),(147,'2023-11-22 16:52:00','Shipped',335,147),(148,'2023-07-06 22:20:18','Shipped',332,148),(149,'2024-02-17 03:55:25','Cancelled',292,149),(150,'2024-03-19 10:50:02','Shipped',389,150),(151,'2023-11-30 22:00:37','Processing',313,151),(152,'2024-11-13 00:36:04','Delivered',456,152),(153,'2024-12-01 07:32:54','Delivered',357,153),(154,'2023-01-02 04:17:05','Delivered',383,154),(155,'2024-05-21 05:45:33','Processing',86,155),(156,'2023-12-30 05:28:45','Shipped',245,156),(157,'2023-06-16 17:26:21','Shipped',2,157),(158,'2023-07-19 03:40:45','Cancelled',232,158),(159,'2023-07-19 07:47:29','Cancelled',408,159),(160,'2023-10-06 03:01:39','Shipped',9,160),(161,'2024-11-26 01:39:18','Shipped',19,161),(162,'2023-08-03 01:20:21','Delivered',227,162),(163,'2024-03-18 03:44:38','Delivered',99,163),(164,'2023-12-22 03:29:38','Delivered',208,164),(165,'2023-12-23 11:05:36','Cancelled',299,165),(166,'2024-03-25 02:34:53','Cancelled',343,166),(167,'2024-12-24 17:36:58','Delivered',47,167),(168,'2023-02-02 07:54:40','Delivered',270,168),(169,'2024-04-20 23:45:41','Cancelled',20,169),(170,'2024-07-30 04:21:16','Processing',57,170),(171,'2023-03-11 19:16:33','Delivered',85,171),(172,'2024-03-09 23:27:13','Delivered',146,172),(173,'2023-07-21 13:33:36','Shipped',389,173),(174,'2023-02-17 10:23:49','Cancelled',322,174),(175,'2024-02-18 15:33:38','Shipped',331,175),(176,'2024-03-26 10:58:13','Delivered',380,176),(177,'2024-07-14 00:56:28','Cancelled',17,177),(178,'2024-05-09 02:24:10','Shipped',432,178),(179,'2024-05-27 21:44:27','Shipped',402,179),(180,'2023-04-27 13:14:03','Shipped',173,180),(181,'2023-07-21 16:53:04','Delivered',210,181),(182,'2023-01-03 08:41:25','Cancelled',38,182),(183,'2024-01-04 08:21:26','Processing',364,183),(184,'2024-01-11 14:29:42','Delivered',342,184),(185,'2023-04-22 22:47:47','Delivered',189,185),(186,'2023-09-24 03:34:18','Shipped',159,186),(187,'2024-01-13 12:21:36','Processing',35,187),(188,'2023-06-25 21:35:34','Cancelled',382,188),(189,'2024-06-15 06:50:16','Delivered',473,189),(190,'2023-09-30 18:32:02','Delivered',21,190),(191,'2023-06-28 23:16:34','Processing',327,191),(192,'2024-05-09 09:25:07','Cancelled',236,192),(193,'2024-09-28 16:42:06','Delivered',104,193),(194,'2024-10-30 19:15:00','Processing',406,194),(195,'2023-12-31 02:29:20','Processing',300,195),(196,'2023-11-04 00:23:26','Processing',34,196),(197,'2024-09-03 16:48:05','Shipped',406,197),(198,'2024-05-21 20:23:17','Processing',474,198),(199,'2024-03-06 02:49:27','Shipped',61,199),(200,'2023-07-16 21:37:45','Processing',257,200),(201,'2023-12-20 18:12:23','Delivered',361,201),(202,'2023-09-18 15:08:20','Cancelled',192,202),(203,'2023-01-07 10:21:27','Shipped',390,203),(204,'2024-01-02 23:03:54','Delivered',48,204),(205,'2023-12-27 22:39:35','Shipped',117,205),(206,'2024-03-28 00:38:36','Shipped',180,206),(207,'2023-08-27 09:06:05','Delivered',344,207),(208,'2024-06-08 06:26:07','Processing',30,208),(209,'2024-10-15 13:38:13','Delivered',175,209),(210,'2024-12-25 14:29:15','Delivered',62,210),(211,'2023-08-31 10:57:50','Shipped',69,211),(212,'2023-06-28 06:12:37','Cancelled',117,212),(213,'2024-05-20 23:01:05','Cancelled',284,213),(214,'2024-06-21 05:56:26','Processing',211,214),(215,'2024-10-20 10:04:40','Delivered',417,215),(216,'2023-12-22 10:32:34','Delivered',51,216),(217,'2024-12-17 12:36:36','Processing',437,217),(218,'2024-04-15 03:41:58','Cancelled',339,218),(219,'2024-08-31 19:12:31','Delivered',131,219),(220,'2023-07-09 18:40:50','Delivered',194,220),(221,'2023-12-22 20:54:40','Delivered',242,221),(222,'2024-05-01 00:48:11','Shipped',348,222),(223,'2023-05-26 19:17:23','Cancelled',368,223),(224,'2024-04-26 11:35:00','Processing',465,224),(225,'2023-08-13 08:47:01','Delivered',145,225),(226,'2023-02-25 19:24:04','Processing',416,226),(227,'2023-01-24 10:22:26','Cancelled',105,227),(228,'2023-12-17 11:03:23','Shipped',422,228),(229,'2023-05-03 15:34:31','Delivered',39,229),(230,'2023-08-31 09:21:59','Processing',407,230),(231,'2023-03-24 07:58:45','Shipped',116,231),(232,'2023-05-20 12:17:15','Cancelled',292,232),(233,'2023-10-26 22:57:29','Cancelled',63,233),(234,'2024-12-09 00:22:54','Shipped',327,234),(235,'2024-10-11 07:45:55','Processing',327,235),(236,'2024-01-31 23:36:54','Processing',269,236),(237,'2024-02-12 15:22:07','Processing',229,237),(238,'2024-04-29 21:34:39','Cancelled',259,238),(239,'2023-03-25 21:50:57','Processing',99,239),(240,'2024-12-06 14:53:19','Delivered',417,240),(241,'2024-04-10 13:05:50','Processing',270,241),(242,'2024-04-29 07:52:03','Processing',319,242),(243,'2023-01-03 07:49:16','Shipped',80,243),(244,'2024-07-09 09:19:01','Delivered',42,244),(245,'2024-12-14 07:26:09','Processing',361,245),(246,'2024-12-13 13:45:08','Delivered',396,246),(247,'2023-03-12 04:26:14','Shipped',400,247),(248,'2024-12-11 21:54:27','Cancelled',147,248),(249,'2023-12-23 06:37:18','Shipped',421,249),(250,'2023-11-22 00:54:48','Shipped',347,250),(251,'2024-09-02 19:15:24','Delivered',211,251),(252,'2023-04-07 13:17:18','Cancelled',140,252),(253,'2024-07-09 14:01:51','Shipped',217,253),(254,'2024-01-23 18:45:36','Shipped',9,254),(255,'2023-04-14 04:42:09','Delivered',69,255),(256,'2024-04-12 21:37:53','Shipped',211,256),(257,'2024-05-08 08:16:55','Processing',258,257),(258,'2023-11-05 13:32:44','Processing',119,258),(259,'2023-05-30 16:46:16','Delivered',430,259),(260,'2023-11-19 16:09:17','Shipped',231,260),(261,'2024-05-10 05:59:29','Processing',338,261),(262,'2023-07-24 16:32:21','Processing',206,262),(263,'2024-03-17 10:35:55','Shipped',452,263),(264,'2023-12-15 13:12:28','Cancelled',433,264),(265,'2024-12-23 09:57:26','Delivered',466,265),(266,'2024-10-09 06:12:07','Processing',414,266),(267,'2024-02-06 08:39:30','Processing',107,267),(268,'2023-01-28 20:57:48','Delivered',285,268),(269,'2023-06-19 05:54:37','Shipped',320,269),(270,'2023-10-05 11:39:04','Cancelled',249,270),(271,'2024-12-25 03:47:22','Cancelled',406,271),(272,'2024-10-04 01:55:30','Cancelled',35,272),(273,'2023-02-25 20:13:23','Cancelled',120,273),(274,'2024-08-03 05:24:17','Shipped',317,274),(275,'2023-08-16 16:05:13','Cancelled',378,275),(276,'2024-12-22 12:38:20','Cancelled',182,276),(277,'2024-11-02 09:11:17','Cancelled',164,277),(278,'2024-08-17 07:09:10','Delivered',355,278),(279,'2024-02-11 23:39:06','Processing',73,279),(280,'2023-02-04 03:55:48','Shipped',190,280),(281,'2023-10-12 04:24:01','Delivered',124,281),(282,'2024-02-12 01:22:31','Cancelled',91,282),(283,'2024-07-17 12:38:07','Shipped',77,283),(284,'2024-07-08 11:01:42','Shipped',398,284),(285,'2024-10-20 14:30:17','Processing',217,285),(286,'2023-05-20 21:45:24','Cancelled',103,286),(287,'2023-09-05 18:42:53','Cancelled',269,287),(288,'2023-02-19 19:03:42','Shipped',54,288),(289,'2024-07-09 09:33:30','Processing',25,289),(290,'2024-09-21 20:45:56','Processing',154,290),(291,'2023-06-12 10:11:10','Processing',337,291),(292,'2024-08-21 10:33:44','Delivered',49,292),(293,'2023-06-18 09:22:54','Cancelled',156,293),(294,'2023-12-21 05:30:54','Shipped',382,294),(295,'2024-07-19 09:35:43','Processing',191,295),(296,'2024-06-14 16:44:10','Delivered',90,296),(297,'2023-12-27 13:22:52','Processing',93,297),(298,'2024-07-17 03:37:17','Delivered',402,298),(299,'2024-03-09 01:43:12','Processing',338,299),(300,'2024-08-12 16:31:04','Delivered',453,300),(301,'2024-05-13 08:27:00','Processing',222,301),(302,'2024-05-19 21:58:52','Shipped',367,302),(303,'2024-11-18 11:38:35','Shipped',262,303),(304,'2023-04-07 03:35:45','Processing',299,304),(305,'2023-10-22 22:45:45','Delivered',333,305),(306,'2024-05-24 14:09:02','Shipped',323,306),(307,'2023-06-20 11:34:31','Delivered',103,307),(308,'2023-03-03 10:14:32','Delivered',275,308),(309,'2024-04-12 22:04:36','Shipped',104,309),(310,'2023-01-09 08:17:55','Cancelled',224,310),(311,'2023-01-08 16:51:28','Processing',269,311),(312,'2023-11-10 01:29:11','Shipped',269,312),(313,'2023-09-11 05:19:13','Delivered',419,313),(314,'2023-05-11 04:37:36','Shipped',250,314),(315,'2024-01-15 07:49:38','Processing',39,315),(316,'2024-08-21 21:00:30','Processing',309,316),(317,'2024-05-22 15:52:38','Processing',275,317),(318,'2023-03-23 00:33:06','Cancelled',317,318),(319,'2024-08-26 23:25:15','Processing',95,319),(320,'2023-08-14 04:35:50','Cancelled',362,320),(321,'2024-11-28 17:37:45','Processing',26,321),(322,'2024-04-01 00:34:43','Cancelled',39,322),(323,'2023-04-28 02:00:31','Processing',284,323),(324,'2023-02-15 22:36:14','Processing',382,324),(325,'2023-10-31 12:08:25','Cancelled',338,325),(326,'2023-05-11 00:04:42','Shipped',228,326),(327,'2024-01-11 22:33:11','Delivered',401,327),(328,'2024-12-17 16:00:45','Cancelled',197,328),(329,'2023-01-09 05:45:23','Processing',137,329),(330,'2023-07-28 15:23:39','Cancelled',152,330),(331,'2023-09-12 04:59:06','Delivered',182,331),(332,'2023-02-25 06:33:35','Delivered',71,332),(333,'2024-06-14 22:59:28','Delivered',265,333),(334,'2023-05-08 06:31:51','Processing',405,334),(335,'2024-09-25 08:17:14','Processing',413,335),(336,'2023-10-06 01:05:21','Cancelled',44,336),(337,'2023-04-20 15:15:59','Cancelled',312,337),(338,'2024-05-08 02:49:39','Delivered',426,338),(339,'2024-04-14 16:50:05','Delivered',312,339),(340,'2024-04-16 15:49:24','Shipped',384,340),(341,'2024-05-12 06:47:19','Delivered',142,341),(342,'2024-08-16 23:07:14','Processing',248,342),(343,'2023-09-24 23:27:30','Shipped',383,343),(344,'2024-03-19 10:07:57','Cancelled',309,344),(345,'2024-06-02 11:56:07','Delivered',310,345),(346,'2023-06-03 16:46:43','Delivered',285,346),(347,'2024-09-21 18:16:18','Delivered',77,347),(348,'2024-08-28 08:12:37','Shipped',415,348),(349,'2024-09-24 05:12:04','Shipped',61,349),(350,'2023-02-21 12:23:30','Shipped',266,350),(351,'2023-03-26 03:21:46','Processing',134,351),(352,'2024-02-11 07:57:44','Shipped',148,352),(353,'2023-03-03 06:37:42','Cancelled',66,353),(354,'2023-08-12 19:57:07','Processing',216,354),(355,'2024-05-26 11:57:34','Processing',325,355),(356,'2024-04-04 07:24:36','Delivered',303,356),(357,'2023-03-04 04:10:00','Delivered',65,357),(358,'2023-08-25 21:48:35','Cancelled',232,358),(359,'2023-11-03 15:53:07','Processing',52,359),(360,'2024-04-23 14:07:34','Delivered',45,360),(361,'2024-12-30 17:14:38','Delivered',316,361),(362,'2024-08-20 13:46:53','Delivered',181,362),(363,'2023-02-25 06:41:26','Processing',15,363),(364,'2024-10-05 19:40:10','Shipped',342,364),(365,'2024-03-14 23:00:58','Processing',305,365),(366,'2024-11-09 12:05:53','Processing',157,366),(367,'2024-06-08 13:58:41','Shipped',182,367),(368,'2023-06-19 12:30:37','Shipped',363,368),(369,'2024-09-22 09:52:44','Processing',56,369),(370,'2023-10-26 06:12:15','Delivered',308,370),(371,'2023-03-09 02:27:38','Delivered',246,371),(372,'2024-07-07 01:51:45','Processing',423,372),(373,'2023-12-16 05:19:17','Processing',329,373),(374,'2023-03-31 19:33:04','Processing',283,374),(375,'2024-05-13 17:25:15','Cancelled',75,375),(376,'2023-01-25 23:17:43','Processing',404,376),(377,'2023-11-25 16:40:26','Delivered',391,377),(378,'2023-08-04 05:59:53','Cancelled',181,378),(379,'2023-01-22 23:34:44','Shipped',389,379),(380,'2024-11-18 17:08:30','Processing',27,380),(381,'2024-06-30 15:04:35','Processing',117,381),(382,'2023-04-08 03:00:08','Processing',56,382),(383,'2024-07-29 12:18:32','Shipped',156,383),(384,'2024-11-24 08:52:02','Processing',132,384),(385,'2023-06-15 10:04:58','Processing',52,385),(386,'2024-03-08 14:57:31','Shipped',361,386),(387,'2023-02-19 01:44:03','Delivered',84,387),(388,'2024-07-04 03:34:16','Shipped',202,388),(389,'2023-12-13 03:03:07','Processing',33,389),(390,'2024-11-22 01:17:08','Processing',88,390),(391,'2024-10-31 02:49:04','Cancelled',123,391),(392,'2024-07-19 15:19:03','Delivered',134,392),(393,'2024-04-07 19:50:22','Shipped',422,393),(394,'2024-03-12 02:54:46','Processing',198,394),(395,'2024-11-16 09:44:39','Processing',48,395),(396,'2024-10-16 00:45:54','Cancelled',12,396),(397,'2023-05-22 09:01:33','Cancelled',253,397),(398,'2023-07-09 05:51:48','Processing',3,398),(399,'2023-05-06 14:59:15','Shipped',283,399),(400,'2024-09-11 06:04:35','Shipped',67,400),(401,'2023-11-15 08:08:34','Cancelled',4,401),(402,'2023-02-20 18:03:50','Delivered',392,402),(403,'2024-01-13 23:12:40','Shipped',135,403),(404,'2023-03-10 03:27:07','Processing',379,404),(405,'2023-07-27 17:46:50','Processing',182,405),(406,'2023-07-02 20:50:52','Cancelled',288,406),(407,'2023-10-17 10:03:05','Cancelled',207,407),(408,'2023-02-28 01:35:59','Processing',344,408),(409,'2024-01-01 23:06:39','Shipped',463,409),(410,'2023-10-11 04:44:10','Processing',389,410),(411,'2024-05-14 04:48:12','Processing',479,411),(412,'2024-11-22 04:51:58','Cancelled',68,412),(413,'2023-07-22 13:50:38','Delivered',288,413),(414,'2024-02-27 14:13:17','Cancelled',126,414),(415,'2024-01-23 19:41:56','Shipped',343,415),(416,'2023-03-31 00:36:55','Delivered',336,416),(417,'2024-11-19 20:05:56','Cancelled',143,417),(418,'2024-07-08 20:42:03','Processing',410,418),(419,'2023-12-31 19:50:37','Cancelled',197,419),(420,'2024-03-24 04:36:38','Delivered',231,420),(421,'2023-01-03 15:16:22','Processing',141,421),(422,'2024-10-04 12:23:33','Delivered',388,422),(423,'2023-08-08 00:07:04','Cancelled',260,423),(424,'2024-05-07 17:56:12','Cancelled',60,424),(425,'2024-04-03 00:51:15','Cancelled',110,425),(426,'2023-02-09 10:46:42','Delivered',405,426),(427,'2024-02-05 10:43:56','Processing',222,427),(428,'2023-03-26 03:06:00','Shipped',218,428),(429,'2023-08-02 23:41:15','Delivered',176,429),(430,'2023-09-11 04:34:23','Shipped',201,430),(431,'2023-11-20 16:40:43','Shipped',89,431),(432,'2023-07-30 05:32:07','Cancelled',344,432),(433,'2024-09-18 09:30:29','Processing',10,433),(434,'2023-02-12 04:56:57','Cancelled',200,434),(435,'2024-07-31 21:04:14','Shipped',354,435),(436,'2024-01-31 17:59:43','Delivered',457,436),(437,'2024-06-13 03:44:55','Shipped',220,437),(438,'2024-05-30 08:17:22','Processing',372,438),(439,'2024-09-12 12:38:17','Delivered',277,439),(440,'2023-06-29 21:01:03','Cancelled',170,440),(441,'2024-01-31 01:06:55','Delivered',85,441),(442,'2023-09-07 15:54:41','Cancelled',30,442),(443,'2023-12-10 20:47:06','Delivered',32,443),(444,'2024-05-15 21:23:23','Processing',31,444),(445,'2023-01-20 04:08:21','Delivered',12,445),(446,'2023-04-06 05:43:38','Delivered',361,446),(447,'2023-03-19 14:15:38','Cancelled',382,447),(448,'2023-04-07 16:49:20','Processing',343,448),(449,'2024-08-03 02:20:25','Cancelled',361,449),(450,'2023-11-12 02:08:37','Shipped',5,450),(451,'2024-06-08 21:32:36','Delivered',357,451),(452,'2024-05-28 20:00:46','Processing',165,452),(453,'2024-08-15 04:36:05','Shipped',315,453),(454,'2024-01-11 01:15:41','Cancelled',104,454),(455,'2023-04-27 13:56:03','Shipped',464,455),(456,'2023-12-04 08:07:57','Cancelled',470,456),(457,'2023-10-06 15:08:12','Delivered',245,457),(458,'2023-01-01 06:01:28','Shipped',102,458),(459,'2024-09-12 09:17:27','Shipped',377,459),(460,'2024-02-15 13:40:46','Shipped',224,460),(461,'2023-02-18 19:11:03','Shipped',77,461),(462,'2024-08-19 08:25:36','Shipped',190,462),(463,'2023-12-23 01:23:49','Delivered',169,463),(464,'2024-10-15 02:49:36','Shipped',89,464),(465,'2023-04-22 02:47:03','Shipped',171,465),(466,'2023-05-21 03:51:55','Shipped',95,466),(467,'2023-03-19 23:46:38','Shipped',298,467),(468,'2023-01-11 21:17:03','Delivered',443,468),(469,'2023-04-21 22:51:35','Processing',118,469),(470,'2023-01-27 05:56:32','Shipped',402,470),(471,'2024-08-09 16:27:02','Cancelled',385,471),(472,'2023-09-17 02:07:14','Delivered',211,472),(473,'2024-08-08 08:41:30','Shipped',197,473),(474,'2024-11-05 08:06:08','Processing',11,474),(475,'2024-10-31 15:44:17','Cancelled',289,475),(476,'2023-12-26 14:16:32','Shipped',108,476),(477,'2024-10-11 15:42:44','Cancelled',31,477),(478,'2024-09-04 19:03:14','Cancelled',296,478),(479,'2023-09-04 04:10:12','Delivered',63,479),(480,'2024-02-05 11:04:09','Shipped',65,480),(481,'2024-07-04 10:32:48','Cancelled',131,481),(482,'2024-11-15 02:44:01','Delivered',337,482),(483,'2024-10-18 13:13:49','Cancelled',477,483),(484,'2024-12-25 06:19:10','Shipped',348,484),(485,'2024-09-10 11:56:23','Delivered',441,485),(486,'2024-04-15 12:07:29','Cancelled',63,486),(487,'2023-06-16 10:56:27','Processing',301,487),(488,'2023-09-05 12:37:28','Cancelled',336,488),(489,'2023-08-03 22:05:46','Delivered',236,489),(490,'2023-02-01 21:47:45','Shipped',153,490),(491,'2023-01-31 13:28:59','Cancelled',271,491),(492,'2024-02-21 09:23:27','Cancelled',435,492),(493,'2024-10-30 07:33:39','Cancelled',275,493),(494,'2023-10-10 10:22:31','Delivered',378,494),(495,'2024-09-08 18:47:15','Shipped',140,495),(496,'2024-07-25 14:03:15','Cancelled',402,496),(497,'2023-10-11 04:38:05','Delivered',275,497),(498,'2023-01-14 05:22:43','Processing',11,498),(499,'2024-02-21 13:54:54','Shipped',30,499),(500,'2023-02-19 19:19:46','Cancelled',3,500);
/*!40000 ALTER TABLE `Invoice` ENABLE KEYS */;
UNLOCK TABLES;

--
-- Table structure for table `Invoice_item`
--

DROP TABLE IF EXISTS `Invoice_item`;
/*!40101 SET @saved_cs_client     = @@character_set_client */;
/*!50503 SET character_set_client = utf8mb4 */;
CREATE TABLE `Invoice_item` (
  `invoice_item_id` int(11) NOT NULL AUTO_INCREMENT,
  `prod_quantity` int(11) NOT NULL,
  `prod_price_at_time` decimal(10,2) NOT NULL,
  `invoice_id` int(11) NOT NULL,
  `product_id` int(11) NOT NULL,
  PRIMARY KEY (`invoice_item_id`),
  KEY `invoice_id` (`invoice_id`),
  KEY `product_id` (`product_id`),
  CONSTRAINT `1` FOREIGN KEY (`invoice_id`) REFERENCES `Invoice` (`invoice_id`),
  CONSTRAINT `2` FOREIGN KEY (`product_id`) REFERENCES `Product` (`product_id`)
) ENGINE=InnoDB AUTO_INCREMENT=698 DEFAULT CHARSET=utf8mb4 COLLATE=utf8mb4_uca1400_ai_ci;
/*!40101 SET character_set_client = @saved_cs_client */;

--
-- Dumping data for table `Invoice_item`
--

LOCK TABLES `Invoice_item` WRITE;
/*!40000 ALTER TABLE `Invoice_item` DISABLE KEYS */;
INSERT INTO `Invoice_item` VALUES (1,2,89.99,1,1),(2,1,89.99,2,3),(3,1,229.99,3,11),(4,1,84.99,4,2),(5,1,24.99,4,16),(6,1,94.99,5,6),(7,1,199.99,6,12),(8,1,89.99,7,4),(9,1,18.99,7,19),(10,1,89.99,8,5),(11,1,219.99,9,14),(12,2,89.99,10,7),(13,1,74.99,11,10),(14,1,89.99,12,8),(15,1,94.99,12,9),(16,1,22.99,12,18),(17,1,94.99,13,6),(18,1,159.99,14,15),(19,1,19.99,15,17),(20,1,14.99,15,20),(21,3,61.12,21,330),(22,4,140.33,22,410),(23,3,20.90,23,15),(24,5,71.08,23,174),(25,4,144.85,24,407),(26,1,47.56,25,329),(27,2,47.32,26,164),(28,5,174.43,27,370),(29,1,93.18,27,89),(30,5,158.32,27,137),(31,4,18.35,28,328),(32,3,235.73,29,5),(33,3,151.44,30,102),(34,2,98.89,31,339),(35,2,16.98,32,457),(36,2,10.67,33,467),(37,3,82.39,34,166),(38,3,20.94,35,64),(39,1,99.08,35,175),(40,3,52.82,36,307),(41,2,16.04,36,216),(42,3,228.68,36,193),(43,4,90.82,37,220),(44,5,88.61,38,179),(45,4,121.23,38,317),(46,3,87.99,39,340),(47,5,106.65,40,458),(48,5,18.14,41,79),(49,4,127.34,41,123),(50,2,59.71,42,75),(51,1,195.56,43,450),(52,2,119.13,44,285),(53,5,45.32,45,291),(54,3,229.46,46,451),(55,2,190.60,46,319),(56,2,135.38,47,72),(57,2,99.68,47,199),(58,1,47.06,47,175),(59,4,142.31,48,111),(60,4,175.71,48,282),(61,5,147.75,48,6),(62,5,223.33,49,262),(63,4,104.38,50,419),(64,2,161.29,51,414),(65,4,131.05,52,225),(66,4,37.13,52,336),(67,3,189.51,53,347),(68,2,51.25,54,461),(69,5,204.80,54,391),(70,1,99.28,54,221),(71,4,80.19,55,44),(72,4,76.91,56,220),(73,4,13.43,57,201),(74,5,241.94,58,131),(75,3,101.35,58,413),(76,3,181.58,58,71),(77,2,98.66,59,237),(78,2,129.05,60,121),(79,3,43.54,61,111),(80,2,131.48,62,432),(81,2,244.03,62,349),(82,4,53.81,63,95),(83,5,209.31,64,385),(84,1,180.30,64,260),(85,2,43.48,64,203),(86,5,243.54,65,222),(87,2,14.64,66,289),(88,4,93.49,67,252),(89,4,104.89,68,439),(90,1,158.93,68,221),(91,1,143.89,69,371),(92,5,233.18,70,197),(93,1,40.19,70,473),(94,3,75.94,71,431),(95,2,13.04,71,223),(96,5,181.35,72,424),(97,2,100.48,73,436),(98,3,15.40,74,315),(99,4,229.61,75,309),(100,5,172.85,76,80),(101,2,220.27,76,415),(102,4,220.96,76,29),(103,3,137.53,77,362),(104,4,85.97,77,247),(105,4,89.06,78,58),(106,1,67.27,79,347),(107,5,26.14,80,177),(108,4,208.09,81,396),(109,4,215.67,81,210),(110,1,180.01,82,295),(111,4,146.82,83,451),(112,5,183.58,83,6),(113,5,142.62,84,367),(114,3,180.24,85,53),(115,4,238.38,86,56),(116,3,131.97,86,477),(117,4,154.35,87,150),(118,4,243.29,88,190),(119,4,245.13,88,249),(120,4,201.69,89,388),(121,5,185.75,90,380),(122,5,164.17,91,433),(123,2,131.46,92,173),(124,5,163.17,93,12),(125,2,132.29,93,343),(126,1,174.52,94,167),(127,1,230.04,95,318),(128,3,87.30,96,100),(129,4,179.26,97,323),(130,3,51.97,97,4),(131,4,226.23,97,250),(132,2,146.82,98,282),(133,5,173.54,99,239),(134,5,190.05,100,358),(135,3,178.37,101,442),(136,3,156.97,102,133),(137,1,15.16,102,165),(138,2,204.06,103,27),(139,2,174.46,103,355),(140,3,93.91,104,74),(141,4,22.00,104,307),(142,3,162.60,105,187),(143,3,209.17,105,79),(144,3,91.98,105,275),(145,1,150.77,106,278),(146,5,83.46,107,403),(147,5,246.00,108,352),(148,2,136.87,108,311),(149,1,211.41,108,66),(150,3,16.74,109,314),(151,3,65.14,110,118),(152,5,232.62,110,143),(153,3,11.81,111,42),(154,2,191.47,112,418),(155,5,197.84,113,419),(156,1,197.41,114,252),(157,2,159.38,115,378),(158,4,138.23,115,334),(159,2,215.35,116,47),(160,4,47.55,116,349),(161,3,57.49,117,90),(162,1,171.00,118,377),(163,2,99.14,118,10),(164,2,138.29,118,164),(165,4,145.79,119,447),(166,1,220.13,120,249),(167,2,151.93,121,19),(168,1,118.32,121,438),(169,4,131.64,122,337),(170,2,157.63,123,299),(171,2,118.05,124,476),(172,5,31.98,124,382),(173,1,100.40,125,333),(174,1,205.23,126,107),(175,5,65.64,127,287),(176,2,70.51,127,362),(177,3,16.96,128,318),(178,5,231.83,128,238),(179,4,164.99,129,257),(180,3,14.09,130,290),(181,4,110.52,131,192),(182,4,66.34,132,10),(183,5,238.65,133,452),(184,3,28.92,134,12),(185,5,133.03,135,88),(186,3,223.58,136,470),(187,2,170.55,136,77),(188,5,118.82,137,175),(189,3,81.96,138,7),(190,3,192.34,139,281),(191,3,249.92,140,404),(192,5,143.82,141,97),(193,4,36.05,141,387),(194,1,33.45,142,305),(195,2,156.56,143,435),(196,4,16.68,144,382),(197,3,244.44,144,396),(198,4,149.48,145,51),(199,3,78.78,145,354),(200,2,179.44,145,317),(201,1,32.19,146,426),(202,3,163.95,146,441),(203,1,212.12,147,369),(204,1,211.89,148,167),(205,5,216.91,149,198),(206,1,140.81,150,26),(207,2,141.49,150,343),(208,3,131.91,151,416),(209,2,83.63,152,190),(210,3,25.81,153,396),(211,3,72.13,154,194),(212,5,201.63,155,339),(213,3,108.08,155,253),(214,4,200.12,155,450),(215,5,126.99,156,443),(216,3,152.02,157,274),(217,5,181.11,158,380),(218,2,91.16,158,417),(219,4,70.61,159,238),(220,2,24.71,159,21),(221,1,177.89,160,418),(222,2,47.24,161,245),(223,3,209.55,162,311),(224,4,141.07,163,32),(225,5,144.56,163,280),(226,1,143.94,164,442),(227,4,96.51,165,225),(228,2,107.89,166,34),(229,5,197.13,166,127),(230,1,142.90,167,77),(231,2,122.95,168,302),(232,2,248.43,168,360),(233,2,225.61,168,86),(234,1,145.95,169,55),(235,4,242.09,170,384),(236,5,185.86,170,415),(237,1,65.18,171,247),(238,1,101.77,172,97),(239,4,203.38,173,216),(240,2,67.57,174,56),(241,3,75.58,174,365),(242,2,138.38,174,375),(243,5,24.39,175,244),(244,2,241.33,176,452),(245,5,243.94,176,222),(246,4,154.70,176,384),(247,1,210.31,177,185),(248,2,234.49,178,456),(249,4,245.75,179,360),(250,3,238.17,179,90),(251,1,62.18,180,275),(252,2,62.24,181,89),(253,1,37.14,182,168),(254,2,131.15,183,30),(255,1,107.14,184,165),(256,2,98.11,184,209),(257,1,77.08,185,267),(258,1,82.56,186,20),(259,4,185.35,186,446),(260,2,232.41,187,68),(261,3,184.77,188,180),(262,3,75.41,189,200),(263,4,155.58,190,402),(264,2,237.01,191,386),(265,3,102.41,192,218),(266,3,41.31,193,22),(267,1,88.77,194,12),(268,4,116.44,195,67),(269,2,169.08,196,8),(270,4,115.71,197,148),(271,4,101.13,198,296),(272,1,77.15,198,102),(273,3,38.59,198,402),(274,5,41.09,199,223),(275,4,33.66,200,395),(276,1,215.39,201,78),(277,1,236.28,202,442),(278,3,24.06,203,71),(279,4,200.66,204,380),(280,1,144.77,205,132),(281,5,13.18,206,94),(282,1,13.78,207,336),(283,3,95.10,208,356),(284,3,222.55,209,321),(285,3,43.22,210,417),(286,2,109.60,211,69),(287,5,205.08,212,360),(288,1,193.70,213,8),(289,1,69.73,214,236),(290,3,178.25,214,187),(291,2,123.88,214,156),(292,5,21.50,215,269),(293,3,230.33,216,288),(294,5,60.16,217,60),(295,4,198.64,218,404),(296,2,92.88,219,318),(297,2,43.56,220,176),(298,3,55.48,221,407),(299,1,136.34,222,439),(300,4,193.33,223,321),(301,5,47.40,224,88),(302,2,17.65,224,372),(303,2,110.51,224,150),(304,1,234.06,225,256),(305,3,77.92,226,204),(306,3,128.62,226,408),(307,5,134.25,227,181),(308,5,213.06,227,137),(309,2,51.46,228,67),(310,1,45.73,229,432),(311,4,218.50,230,155),(312,4,63.84,231,402),(313,5,192.44,232,350),(314,2,23.02,233,19),(315,3,223.07,234,366),(316,5,101.18,234,398),(317,3,124.45,234,20),(318,5,43.89,235,207),(319,4,143.47,236,129),(320,2,124.77,236,422),(321,4,171.30,236,420),(322,5,225.23,237,189),(323,2,79.02,238,131),(324,2,183.35,239,393),(325,1,217.74,240,302),(326,5,16.14,240,394),(327,1,164.58,240,367),(328,4,191.27,241,250),(329,5,111.96,241,386),(330,2,101.88,242,447),(331,4,114.93,243,26),(332,2,123.78,244,10),(333,1,198.80,245,385),(334,3,86.26,246,279),(335,5,83.56,246,163),(336,4,68.81,246,374),(337,2,182.46,247,437),(338,4,38.28,247,245),(339,4,141.47,247,271),(340,5,54.13,248,74),(341,2,203.34,249,421),(342,4,149.81,249,316),(343,3,116.23,250,238),(344,4,209.67,250,475),(345,1,22.10,250,49),(346,1,221.30,251,344),(347,4,92.72,251,46),(348,5,130.15,251,469),(349,4,109.79,252,114),(350,5,121.70,253,130),(351,1,182.41,254,408),(352,3,32.78,255,458),(353,2,136.50,256,171),(354,5,20.91,257,234),(355,1,133.53,258,115),(356,4,87.76,259,103),(357,1,106.33,260,464),(358,3,120.30,260,325),(359,5,209.53,261,136),(360,5,221.11,261,249),(361,5,239.40,262,298),(362,4,124.51,263,336),(363,1,233.20,264,16),(364,1,211.94,265,206),(365,3,159.49,266,253),(366,3,102.36,266,70),(367,5,171.76,267,456),(368,2,98.81,267,131),(369,5,19.62,268,283),(370,1,92.14,268,57),(371,1,244.12,269,82),(372,2,45.16,270,148),(373,3,137.68,270,203),(374,5,119.58,270,198),(375,2,124.03,271,359),(376,2,129.78,272,108),(377,3,236.64,272,351),(378,3,70.64,272,147),(379,5,161.75,273,200),(380,1,248.02,274,239),(381,4,101.11,275,70),(382,3,37.38,275,446),(383,5,223.49,276,55),(384,2,167.71,276,172),(385,1,150.88,277,72),(386,5,86.06,278,369),(387,3,187.06,279,309),(388,2,85.03,280,260),(389,5,133.37,281,21),(390,3,223.18,281,149),(391,3,49.82,281,204),(392,4,44.44,282,317),(393,5,192.40,283,38),(394,4,130.16,284,102),(395,2,247.25,285,3),(396,2,227.66,286,112),(397,4,165.84,286,305),(398,5,163.82,287,470),(399,5,148.82,288,393),(400,5,210.31,288,337),(401,3,167.23,289,378),(402,1,191.54,290,34),(403,3,217.36,290,170),(404,4,197.84,290,473),(405,4,190.41,291,312),(406,5,215.46,292,277),(407,5,91.35,293,144),(408,4,98.52,294,42),(409,5,53.08,294,112),(410,1,226.97,295,34),(411,4,215.45,296,338),(412,1,227.74,297,46),(413,3,117.99,297,178),(414,3,13.87,298,366),(415,5,219.97,299,454),(416,2,229.96,300,472),(417,1,33.23,301,475),(418,1,249.74,302,166),(419,4,236.02,302,339),(420,5,28.29,302,229),(421,2,24.65,303,238),(422,3,121.80,304,91),(423,3,75.41,305,303),(424,2,136.26,306,439),(425,4,195.56,306,374),(426,1,245.03,306,457),(427,4,109.26,307,64),(428,2,209.88,307,163),(429,5,217.38,308,158),(430,3,216.93,309,109),(431,2,208.24,310,426),(432,2,218.54,310,422),(433,5,33.25,310,439),(434,5,177.28,311,256),(435,3,127.66,312,142),(436,2,229.47,313,419),(437,5,246.24,313,352),(438,4,43.25,314,361),(439,1,21.91,315,289),(440,5,199.48,315,131),(441,3,22.51,316,6),(442,1,24.60,317,10),(443,2,228.94,317,160),(444,1,238.85,318,400),(445,1,163.62,318,191),(446,3,249.37,319,215),(447,3,99.93,319,121),(448,2,50.52,319,477),(449,2,99.47,320,341),(450,3,107.81,321,342),(451,1,237.08,322,131),(452,2,204.77,323,59),(453,5,166.52,324,431),(454,3,100.42,325,333),(455,4,202.10,325,241),(456,3,81.06,325,425),(457,1,70.15,326,33),(458,4,102.57,326,77),(459,3,128.53,326,44),(460,5,97.43,327,292),(461,5,220.62,328,1),(462,5,247.05,328,154),(463,1,10.48,329,36),(464,5,169.19,330,430),(465,2,37.12,330,145),(466,5,200.76,331,421),(467,1,187.00,332,370),(468,1,28.94,333,450),(469,3,205.25,334,15),(470,3,152.47,334,317),(471,4,79.24,335,364),(472,1,189.22,336,450),(473,1,180.16,336,403),(474,1,215.97,337,229),(475,4,231.85,338,447),(476,3,149.64,339,279),(477,3,41.15,340,302),(478,1,180.72,341,305),(479,4,212.26,342,112),(480,2,16.51,343,329),(481,1,217.76,343,290),(482,1,77.22,344,125),(483,4,161.07,344,95),(484,5,96.52,345,361),(485,2,37.19,346,220),(486,2,240.08,347,186),(487,4,224.48,348,373),(488,3,12.44,349,269),(489,4,180.28,349,308),(490,3,241.23,349,231),(491,2,18.65,350,347),(492,5,174.49,351,100),(493,2,212.55,352,411),(494,5,92.81,352,347),(495,1,244.65,352,455),(496,3,127.26,353,456),(497,2,173.20,354,201),(498,2,182.01,355,291),(499,5,95.32,356,104),(500,5,177.30,357,407),(501,2,164.96,358,102),(502,3,56.30,358,210),(503,4,209.46,359,238),(504,3,76.74,359,243),(505,5,34.42,359,50),(506,2,15.20,360,212),(507,4,207.14,360,437),(508,1,16.29,361,350),(509,1,84.12,362,164),(510,1,217.37,363,20),(511,4,195.81,364,278),(512,5,125.41,365,126),(513,5,223.36,366,38),(514,4,62.45,367,255),(515,1,85.51,368,39),(516,1,92.70,368,276),(517,1,74.43,368,240),(518,5,25.16,369,344),(519,2,186.59,370,448),(520,2,199.99,371,267),(521,4,79.04,372,170),(522,4,36.66,372,284),(523,5,34.26,373,271),(524,3,192.42,373,293),(525,1,33.48,374,476),(526,2,200.72,375,8),(527,3,234.80,376,400),(528,5,216.75,377,236),(529,3,214.98,378,76),(530,3,56.46,379,149),(531,2,239.67,380,467),(532,5,221.28,381,240),(533,2,219.46,382,408),(534,2,111.98,383,212),(535,3,22.47,383,179),(536,4,73.21,383,389),(537,5,48.47,384,198),(538,3,116.32,385,203),(539,1,152.18,385,400),(540,3,29.36,385,383),(541,5,178.46,386,465),(542,2,187.82,386,371),(543,5,181.56,387,127),(544,4,224.39,387,242),(545,5,50.15,388,180),(546,3,208.85,388,402),(547,3,67.03,389,330),(548,1,224.84,390,132),(549,1,85.26,391,354),(550,4,239.12,392,36),(551,4,64.15,393,57),(552,3,29.91,394,144),(553,1,12.46,395,356),(554,2,192.17,396,119),(555,4,175.48,397,468),(556,5,105.27,397,280),(557,4,45.13,398,372),(558,5,98.55,399,329),(559,3,176.65,400,348),(560,2,30.27,401,375),(561,3,231.22,402,141),(562,2,46.51,402,130),(563,2,199.97,403,429),(564,2,104.40,404,114),(565,5,244.70,405,30),(566,4,29.15,405,75),(567,4,128.02,406,468),(568,4,54.61,407,139),(569,4,93.48,408,68),(570,1,219.14,409,299),(571,1,76.09,410,192),(572,3,124.26,410,230),(573,5,239.49,410,4),(574,2,136.95,411,378),(575,3,40.15,411,331),(576,5,249.03,411,286),(577,3,178.26,412,80),(578,3,247.57,413,53),(579,2,27.46,414,15),(580,3,125.76,415,72),(581,1,19.77,416,300),(582,3,77.74,417,439),(583,2,99.27,418,464),(584,1,129.75,418,136),(585,5,42.52,419,247),(586,5,21.72,419,293),(587,5,175.96,420,345),(588,5,112.80,421,277),(589,4,227.03,421,237),(590,5,239.29,422,172),(591,4,62.06,423,213),(592,2,78.21,424,224),(593,4,221.61,425,463),(594,5,27.05,425,405),(595,5,219.66,426,231),(596,4,161.22,426,199),(597,2,225.65,427,372),(598,5,131.41,428,2),(599,4,216.74,429,39),(600,2,247.02,429,169),(601,1,178.28,430,145),(602,2,98.21,431,285),(603,2,151.19,432,197),(604,1,212.55,433,200),(605,2,38.49,434,72),(606,1,218.64,434,445),(607,3,13.62,435,425),(608,4,97.24,436,351),(609,5,167.83,437,76),(610,2,147.87,438,396),(611,4,151.52,439,16),(612,3,82.32,440,87),(613,2,175.75,441,84),(614,4,218.35,442,322),(615,1,183.41,443,240),(616,4,222.49,443,101),(617,5,111.62,444,293),(618,5,119.02,445,407),(619,4,22.56,446,147),(620,3,115.76,446,178),(621,4,135.20,447,366),(622,2,134.03,448,357),(623,5,217.69,449,70),(624,1,191.44,449,11),(625,4,101.52,450,245),(626,5,128.02,450,317),(627,3,50.40,451,283),(628,2,90.57,451,62),(629,1,26.89,452,358),(630,4,20.33,452,240),(631,2,225.69,453,356),(632,5,131.66,454,409),(633,4,145.63,455,10),(634,3,23.41,456,466),(635,4,15.39,457,22),(636,5,161.80,458,134),(637,1,114.93,459,36),(638,5,176.58,460,39),(639,4,20.16,461,411),(640,4,229.81,462,68),(641,5,61.72,463,391),(642,2,33.93,464,90),(643,5,23.18,465,1),(644,2,164.53,466,164),(645,1,85.22,467,373),(646,2,144.02,467,140),(647,2,181.95,468,105),(648,1,97.59,469,173),(649,5,164.40,469,41),(650,5,239.48,470,394),(651,5,220.28,471,218),(652,1,185.08,471,327),(653,2,172.71,471,310),(654,2,95.45,472,102),(655,5,104.94,472,29),(656,5,158.46,472,224),(657,1,111.26,473,350),(658,5,219.37,474,228),(659,3,168.46,475,478),(660,2,12.49,475,232),(661,1,188.61,476,51),(662,4,192.52,477,224),(663,1,199.75,477,79),(664,4,246.73,478,189),(665,1,191.62,479,449),(666,3,59.10,479,189),(667,4,88.31,480,226),(668,5,44.48,481,319),(669,4,114.23,482,451),(670,3,17.63,483,297),(671,5,121.97,484,58),(672,1,34.57,484,21),(673,2,97.75,484,22),(674,3,153.61,485,343),(675,2,52.49,486,71),(676,4,20.64,487,317),(677,1,237.19,488,114),(678,4,69.07,489,12),(679,2,115.79,490,264),(680,1,137.70,490,195),(681,3,213.69,491,247),(682,4,32.56,492,316),(683,1,171.31,492,172),(684,3,22.54,493,27),(685,3,228.88,493,162),(686,1,226.38,494,173),(687,3,33.11,494,187),(688,1,164.76,494,468),(689,4,203.57,495,363),(690,2,96.76,496,210),(691,3,84.21,497,97),(692,4,244.20,497,347),(693,5,15.25,498,9),(694,1,117.08,498,365),(695,3,230.82,498,184),(696,3,189.30,499,268),(697,4,93.48,500,368);
/*!40000 ALTER TABLE `Invoice_item` ENABLE KEYS */;
UNLOCK TABLES;

--
-- Table structure for table `Jersey`
--

DROP TABLE IF EXISTS `Jersey`;
/*!40101 SET @saved_cs_client     = @@character_set_client */;
/*!50503 SET character_set_client = utf8mb4 */;
CREATE TABLE `Jersey` (
  `product_id` int(11) NOT NULL,
  `jsy_size` varchar(10) NOT NULL,
  `jsy_player_nm` varchar(100) DEFAULT NULL,
  `jsy_type` varchar(50) NOT NULL,
  PRIMARY KEY (`product_id`),
  CONSTRAINT `1` FOREIGN KEY (`product_id`) REFERENCES `Product` (`product_id`)
) ENGINE=InnoDB DEFAULT CHARSET=utf8mb4 COLLATE=utf8mb4_uca1400_ai_ci;
/*!40101 SET character_set_client = @saved_cs_client */;

--
-- Dumping data for table `Jersey`
--

LOCK TABLES `Jersey` WRITE;
/*!40000 ALTER TABLE `Jersey` DISABLE KEYS */;
INSERT INTO `Jersey` VALUES (1,'3XL','Saka','Third'),(2,'2XL','Odegard','Away'),(3,'XS','Haaland','Away'),(4,'3XL','Messi','Away'),(5,'L','Rodri','Third'),(6,'XS','Modric','Third'),(7,'M','Son','Home'),(8,'2XL','Ronaldo','Training'),(9,'2XL','Fernandes','Third'),(10,'S','De Bruyne','Home'),(11,'S','Ozil','Third'),(12,'3XL','Messi','Away'),(13,'3XL','De Bruyne','Training'),(14,'XS','Lewandowski','Retro'),(15,'2XL','Fernandes','Retro'),(16,'3XL','De Bruyne','Away'),(17,'S','Ronaldo','Home'),(18,'L','Mbappe','Third'),(19,'M','Mbappe','Retro'),(20,'XS','Mbappe','Away'),(21,'M','Ronaldo','Third'),(22,'XL','Ronaldo','Third'),(23,'L','Mbappe','Training'),(24,'3XL','Modric','Home'),(25,'S',NULL,'Third'),(26,'M','De Bruyne','Training'),(27,'XS',NULL,'Away'),(28,'2XL','Fernandes','Training'),(29,'XS',NULL,'Third'),(30,'3XL','Salah','Third'),(31,'3XL',NULL,'Training'),(32,'L','Rodri','Away'),(33,'XL',NULL,'Home'),(34,'S','Palmer','Retro'),(35,'2XL','Musiala','Retro'),(36,'2XL','Lewandowski','Training'),(37,'XS','Saka','Retro'),(38,'2XL','Palmer','Third'),(39,'M','Salah','Third'),(40,'3XL','Ronaldo','Retro'),(41,'M','Kane','Third'),(42,'3XL',NULL,'Away'),(43,'M','Son','Home'),(44,'S','Musiala','Away'),(45,'3XL','Rashford','Third'),(46,'S','Son','Away'),(47,'L','Modric','Training'),(48,'XL','Saka','Third'),(49,'S','Mbappe','Home'),(50,'M','Fernandes','Away'),(51,'XL','De Bruyne','Training'),(52,'S','Vinicius Jr','Training'),(53,'3XL','Modric','Home'),(54,'2XL','De Bruyne','Retro'),(55,'M',NULL,'Retro'),(56,'L','Messi','Home'),(57,'3XL','Modric','Training'),(58,'XS','Yamal','Retro'),(59,'XS',NULL,'Away'),(60,'M',NULL,'Retro'),(61,'XL','Griezmann','Retro'),(62,'XL','Haaland','Retro'),(63,'XL','Yamal','Away'),(64,'2XL','Haaland','Retro'),(65,'2XL',NULL,'Retro'),(66,'S','Rodri','Away'),(67,'2XL','Palmer','Away'),(68,'3XL',NULL,'Third'),(69,'L','Palmer','Away'),(70,'M','Lewandowski','Training'),(71,'3XL','Mbappe','Third'),(72,'3XL','Musiala','Retro'),(73,'M','Messi','Third'),(74,'M','Lewandowski','Away'),(75,'XL',NULL,'Retro'),(76,'3XL','Yamal','Training'),(77,'2XL','Griezmann','Retro'),(78,'XS',NULL,'Training'),(79,'3XL','Rodri','Away'),(80,'XL',NULL,'Retro'),(81,'L','Modric','Training'),(82,'S','Musiala','Third'),(83,'XS','Mbappe','Third'),(84,'XL','Salah','Training'),(85,'2XL',NULL,'Away'),(86,'L',NULL,'Third'),(87,'3XL','De Bruyne','Away'),(88,'XS','Musiala','Home'),(89,'S','Haaland','Training'),(90,'S','De Bruyne','Third'),(91,'M','Bellingham','Home'),(92,'2XL','Salah','Retro'),(93,'S','Mbappe','Training'),(94,'L','Ronaldo','Home'),(95,'XL','Salah','Training'),(96,'S',NULL,'Away'),(97,'S','Vinicius Jr','Retro'),(98,'2XL',NULL,'Third'),(99,'M',NULL,'Home'),(100,'S','Rodri','Third'),(101,'S',NULL,'Third'),(102,'M','Bellingham','Away'),(103,'XS','Mbappe','Home'),(104,'3XL','Rashford','Away'),(105,'XL','Son','Training'),(106,'XL',NULL,'Training'),(107,'S','Fernandes','Home'),(108,'2XL','Modric','Away'),(109,'S',NULL,'Home'),(110,'XL','Son','Away'),(111,'3XL','Salah','Training'),(112,'XL',NULL,'Third'),(113,'XL','Son','Training'),(114,'2XL',NULL,'Retro'),(115,'M','Haaland','Retro'),(116,'XL','Rodri','Retro'),(117,'XS','Son','Training'),(118,'L','Musiala','Retro'),(119,'3XL','Lewandowski','Third'),(120,'3XL','Yamal','Home'),(121,'S','Messi','Training'),(122,'L',NULL,'Home'),(123,'2XL',NULL,'Away'),(124,'L','Rodri','Training'),(125,'L','Palmer','Third'),(126,'S','Fernandes','Third'),(127,'L',NULL,'Third'),(128,'XL','Palmer','Home'),(129,'XL',NULL,'Third'),(130,'L','Son','Retro'),(131,'2XL','Haaland','Training'),(132,'M','Mbappe','Third'),(133,'XS','Lewandowski','Away'),(134,'XL','Yamal','Third'),(135,'3XL','Griezmann','Retro'),(136,'M','Musiala','Training'),(137,'XL','Griezmann','Away'),(138,'3XL','Lewandowski','Retro'),(139,'M',NULL,'Away'),(140,'M','Son','Retro'),(141,'S','Messi','Retro'),(142,'3XL','Palmer','Home'),(143,'L',NULL,'Third'),(144,'S','Griezmann','Away'),(145,'XL','Salah','Training'),(146,'S','Mbappe','Training'),(147,'L','Kane','Third'),(148,'XS','Lewandowski','Away'),(149,'L',NULL,'Retro'),(150,'3XL','Saka','Away'),(151,'M','Son','Home'),(152,'XL','Messi','Training'),(153,'L','Vinicius Jr','Away'),(154,'XL','Salah','Away'),(155,'M','Saka','Home'),(156,'M','Saka','Away'),(157,'S','Bellingham','Away'),(158,'2XL','Mbappe','Away'),(159,'S','Griezmann','Away'),(160,'3XL','Messi','Training'),(161,'S',NULL,'Third'),(162,'L',NULL,'Training'),(163,'S','Haaland','Retro'),(164,'L',NULL,'Retro'),(165,'3XL','Bellingham','Away'),(166,'XS','Palmer','Training'),(167,'L','Messi','Away'),(168,'S','Griezmann','Retro'),(169,'XS','Fernandes','Home'),(170,'M','Vinicius Jr','Away'),(171,'M','Rodri','Home'),(172,'3XL','Saka','Third'),(173,'2XL','Griezmann','Third'),(174,'M','Saka','Third'),(175,'L','Musiala','Third'),(176,'XS',NULL,'Away'),(177,'M','Mbappe','Retro'),(178,'L','Musiala','Retro'),(179,'S','Fernandes','Third'),(180,'M','Mbappe','Third'),(181,'L',NULL,'Training'),(182,'XS',NULL,'Away'),(183,'M','Rodri','Retro'),(184,'L','Modric','Training'),(185,'XS','Fernandes','Third'),(186,'3XL','Saka','Away'),(187,'S','Musiala','Away'),(188,'L',NULL,'Training'),(189,'XL','De Bruyne','Away'),(190,'S','Ronaldo','Retro'),(191,'XL','Palmer','Away'),(192,'M',NULL,'Third'),(193,'XL','Bellingham','Home'),(194,'3XL','Palmer','Training'),(195,'L','Lewandowski','Training'),(196,'M',NULL,'Third'),(197,'S','Modric','Training'),(198,'XS','Mbappe','Retro'),(199,'M','Palmer','Third'),(200,'L',NULL,'Home'),(201,'M','Haaland','Third'),(202,'L',NULL,'Home'),(203,'M','Son','Away'),(204,'S','Modric','Third'),(205,'3XL','Fernandes','Home'),(206,'3XL',NULL,'Third'),(207,'M','Ronaldo','Away'),(208,'3XL',NULL,'Away'),(209,'S','Modric','Training'),(210,'XS','Musiala','Away'),(211,'XS','Messi','Third'),(212,'2XL','Yamal','Away'),(213,'L','Bellingham','Retro'),(214,'L','Modric','Home'),(215,'S','Griezmann','Training'),(216,'XL','Haaland','Retro'),(217,'XS','Fernandes','Retro'),(218,'L','Palmer','Away'),(219,'M',NULL,'Training'),(220,'2XL','Bellingham','Third'),(221,'M','Kane','Home'),(222,'S','Son','Home'),(223,'S','Lewandowski','Third'),(224,'XS','Bellingham','Training'),(225,'3XL',NULL,'Away'),(226,'S','Haaland','Retro'),(227,'S',NULL,'Third'),(228,'2XL','Modric','Home'),(229,'S','Rashford','Home'),(230,'XS',NULL,'Away'),(231,'L','Rashford','Retro'),(232,'XL','Griezmann','Third'),(233,'2XL','Lewandowski','Training'),(234,'3XL','Lewandowski','Home'),(235,'2XL','Rodri','Training'),(236,'XL','Son','Retro'),(237,'S',NULL,'Home'),(238,'XL',NULL,'Home'),(239,'M',NULL,'Away'),(240,'XL',NULL,'Home'),(241,'2XL','De Bruyne','Away'),(242,'L','Saka','Home'),(243,'M',NULL,'Training'),(244,'S','Messi','Third'),(245,'XL','De Bruyne','Retro'),(246,'S',NULL,'Retro'),(247,'L','Son','Third'),(248,'2XL','Bellingham','Third'),(249,'XS','Messi','Home'),(250,'2XL','Haaland','Home'),(251,'2XL','Palmer','Retro'),(252,'3XL','Messi','Away'),(253,'2XL',NULL,'Home'),(254,'XS','Haaland','Retro'),(255,'3XL',NULL,'Third'),(256,'XS','Kane','Retro'),(257,'XS','Vinicius Jr','Home'),(258,'L','Saka','Retro'),(259,'3XL','Messi','Retro'),(260,'2XL',NULL,'Training'),(261,'M','Lewandowski','Training'),(262,'2XL','Musiala','Home'),(263,'2XL','Salah','Away'),(264,'2XL','Vinicius Jr','Retro'),(265,'L',NULL,'Third'),(266,'2XL','Rashford','Home'),(267,'S','Ronaldo','Training'),(268,'2XL','Bellingham','Training'),(269,'XL',NULL,'Training'),(270,'L',NULL,'Training'),(271,'M','Messi','Training'),(272,'M',NULL,'Home'),(273,'XL','Musiala','Retro'),(274,'3XL','Rashford','Training'),(275,'XL','Ronaldo','Third'),(276,'L','Rashford','Third'),(277,'XS','Messi','Third'),(278,'S','Salah','Training'),(279,'XL','Griezmann','Home'),(280,'3XL','Vinicius Jr','Away'),(281,'L',NULL,'Home'),(282,'L','Griezmann','Training'),(283,'L','Lewandowski','Training'),(284,'XL','Modric','Training'),(285,'L',NULL,'Training'),(286,'2XL','Rodri','Training'),(287,'3XL','Vinicius Jr','Third'),(288,'2XL','Mbappe','Retro'),(289,'S','Fernandes','Away'),(290,'L',NULL,'Away'),(291,'S','Haaland','Retro'),(292,'XS','Haaland','Home'),(293,'3XL','Vinicius Jr','Away'),(294,'3XL',NULL,'Training'),(295,'XL','Rashford','Away'),(296,'3XL','Ronaldo','Training'),(297,'XS','Mbappe','Training'),(298,'XL','Messi','Away'),(299,'L','Rashford','Away'),(300,'3XL','Rodri','Away'),(301,'S','Rashford','Away'),(302,'2XL',NULL,'Third'),(303,'2XL','Son','Training'),(304,'M',NULL,'Away'),(305,'XL','Musiala','Home'),(306,'XL',NULL,'Third'),(307,'L','Kane','Home'),(308,'3XL','Modric','Home'),(309,'M',NULL,'Third'),(310,'S','Rodri','Training'),(311,'XL','Palmer','Training'),(312,'S','Bellingham','Training'),(313,'L','Lewandowski','Retro'),(314,'XL','Ronaldo','Training'),(315,'2XL','De Bruyne','Home'),(316,'XS','Rashford','Home'),(317,'S','Kane','Training'),(318,'L','Mbappe','Retro'),(319,'XL','Haaland','Training'),(320,'XL',NULL,'Away'),(321,'L','Modric','Home'),(322,'XL',NULL,'Away'),(323,'XL','Kane','Home'),(324,'2XL','Ronaldo','Away'),(325,'M',NULL,'Away'),(326,'2XL',NULL,'Retro'),(327,'3XL','Saka','Third'),(328,'XL','Griezmann','Home'),(329,'XL','Griezmann','Home'),(330,'3XL',NULL,'Training'),(331,'M','De Bruyne','Retro'),(332,'L',NULL,'Training'),(333,'XL',NULL,'Retro'),(334,'2XL','Fernandes','Retro'),(335,'2XL','De Bruyne','Third'),(336,'L','Salah','Third'),(337,'XS','Vinicius Jr','Away'),(338,'M','Messi','Home'),(339,'M','Griezmann','Training'),(340,'3XL','Kane','Home'),(341,'XS','Palmer','Third'),(342,'XS','Palmer','Third'),(343,'L','Son','Third'),(344,'3XL','Salah','Third'),(345,'2XL','Haaland','Home'),(346,'XS','Modric','Home'),(347,'3XL','Messi','Training'),(348,'2XL','Saka','Training'),(349,'S','Kane','Third'),(350,'S','Saka','Home'),(351,'S','De Bruyne','Retro'),(352,'3XL','De Bruyne','Away'),(353,'L','Yamal','Home'),(354,'S',NULL,'Away'),(355,'L','Rashford','Training'),(356,'XL','Fernandes','Retro'),(357,'2XL','Messi','Training'),(358,'S','Fernandes','Home'),(359,'XL','Yamal','Retro'),(360,'3XL','Griezmann','Training'),(361,'L','Haaland','Third'),(362,'3XL','Salah','Retro'),(363,'3XL','Salah','Home'),(364,'XL','Yamal','Third'),(365,'M','Salah','Retro'),(366,'3XL','Rashford','Third'),(367,'2XL','Modric','Third'),(368,'XL','Salah','Training'),(369,'L','Rashford','Third'),(370,'S','Bellingham','Home'),(371,'XS','Fernandes','Training'),(372,'XS','Son','Retro'),(373,'2XL','Son','Third'),(374,'M','Vinicius Jr','Training'),(375,'L',NULL,'Third'),(376,'S',NULL,'Home'),(377,'XL','Griezmann','Home'),(378,'M','Mbappe','Home'),(379,'XL','Rodri','Training'),(380,'XS',NULL,'Home'),(381,'3XL','Palmer','Training'),(382,'L','Bellingham','Third'),(383,'S','Modric','Retro'),(384,'L',NULL,'Retro'),(385,'2XL','Ronaldo','Retro'),(386,'M','Mbappe','Retro'),(387,'M','Lewandowski','Training'),(388,'S','Saka','Away'),(389,'L','Yamal','Away'),(390,'L',NULL,'Third'),(391,'L','Messi','Third'),(392,'2XL','Musiala','Home'),(393,'S','Fernandes','Retro'),(394,'M',NULL,'Training'),(395,'XL','Salah','Retro'),(396,'3XL','De Bruyne','Third'),(397,'XS','Haaland','Retro'),(398,'XL','De Bruyne','Away'),(399,'S','Kane','Third'),(400,'XS','Palmer','Away'),(401,'XL','Palmer','Training'),(402,'L','Rodri','Away'),(403,'M',NULL,'Retro'),(404,'3XL','Salah','Training'),(405,'XL','Yamal','Retro'),(406,'M',NULL,'Third'),(407,'M','Yamal','Third'),(408,'L','Yamal','Training'),(409,'2XL','Salah','Third'),(410,'M','De Bruyne','Home'),(411,'3XL','De Bruyne','Retro'),(412,'S','Lewandowski','Retro'),(413,'M','Lewandowski','Third'),(414,'L','Mbappe','Home'),(415,'L','Haaland','Retro'),(416,'L',NULL,'Training'),(417,'XL','Palmer','Training'),(418,'XL','Mbappe','Retro'),(419,'3XL','Rashford','Third'),(420,'L','Fernandes','Away'),(421,'M','Messi','Training'),(422,'M',NULL,'Third'),(423,'M','Saka','Away'),(424,'M','Kane','Away'),(425,'XS','Haaland','Home'),(426,'M','Fernandes','Retro'),(427,'3XL','Vinicius Jr','Retro'),(428,'XS','Fernandes','Home'),(429,'2XL','Vinicius Jr','Home'),(430,'M','Salah','Home'),(431,'L',NULL,'Home'),(432,'S','Mbappe','Home'),(433,'S','Rodri','Retro'),(434,'3XL','Palmer','Away'),(435,'S','Yamal','Retro'),(436,'XS','Lewandowski','Away'),(437,'L','Kane','Away'),(438,'S','Yamal','Third'),(439,'3XL','Rodri','Retro'),(440,'2XL','Rashford','Third'),(441,'S','Kane','Retro'),(442,'2XL','Bellingham','Third'),(443,'S','Palmer','Away'),(444,'M',NULL,'Retro'),(445,'S','Modric','Third'),(446,'M',NULL,'Retro'),(447,'XL',NULL,'Home'),(448,'L','Rodri','Away'),(449,'L','Mbappe','Away'),(450,'S','Rashford','Training'),(451,'3XL','Bellingham','Home'),(452,'M','Yamal','Retro'),(453,'M','Rashford','Away'),(454,'2XL','Messi','Away'),(455,'XS','Modric','Training'),(456,'XS',NULL,'Retro'),(457,'S','Fernandes','Training'),(458,'3XL','Fernandes','Away'),(459,'2XL','Modric','Retro'),(460,'XL',NULL,'Third'),(461,'XL','Griezmann','Third'),(462,'XS','Lewandowski','Retro'),(463,'S','Messi','Training'),(464,'2XL','Rodri','Home'),(465,'S',NULL,'Third'),(466,'3XL','Haaland','Retro'),(467,'S','Salah','Training'),(468,'S','Griezmann','Away'),(469,'L','Rashford','Third'),(470,'XS','Yamal','Training'),(471,'XS','Vinicius Jr','Training'),(472,'XS','Vinicius Jr','Training'),(473,'XS','Ronaldo','Retro'),(474,'S','De Bruyne','Home'),(475,'2XL','Ronaldo','Away'),(476,'L','Son','Retro'),(477,'2XL','Mbappe','Training'),(478,'L','Haaland','Away'),(479,'2XL',NULL,'Training'),(480,'2XL','Palmer','Home'),(481,'S','Son','Retro'),(482,'2XL','Son','Away'),(483,'L','Rashford','Third'),(484,'2XL','Ronaldo','Training'),(485,'S',NULL,'Away'),(486,'3XL',NULL,'Third'),(487,'L','Ronaldo','Retro'),(488,'M','Palmer','Home'),(489,'XL','Saka','Away'),(490,'2XL','Modric','Retro'),(491,'XS','Kane','Retro'),(492,'XL','Mbappe','Third'),(493,'XS','Son','Away'),(494,'L','Mbappe','Away'),(495,'L','Rashford','Training'),(496,'2XL',NULL,'Home'),(497,'S','Son','Home'),(498,'XS','Rashford','Retro'),(499,'M','Griezmann','Away'),(500,'2XL','Fernandes','Away');
/*!40000 ALTER TABLE `Jersey` ENABLE KEYS */;
UNLOCK TABLES;

--
-- Table structure for table `League`
--

DROP TABLE IF EXISTS `League`;
/*!40101 SET @saved_cs_client     = @@character_set_client */;
/*!50503 SET character_set_client = utf8mb4 */;
CREATE TABLE `League` (
  `league_id` int(11) NOT NULL AUTO_INCREMENT,
  `league_name` varchar(50) NOT NULL,
  `league_country` varchar(50) NOT NULL,
  `league_year` year(4) NOT NULL,
  `league_sponsor` varchar(50) DEFAULT NULL,
  `league_tier` int(11) NOT NULL,
  PRIMARY KEY (`league_id`)
) ENGINE=InnoDB AUTO_INCREMENT=7 DEFAULT CHARSET=utf8mb4 COLLATE=utf8mb4_uca1400_ai_ci;
/*!40101 SET character_set_client = @saved_cs_client */;

--
-- Dumping data for table `League`
--

LOCK TABLES `League` WRITE;
/*!40000 ALTER TABLE `League` DISABLE KEYS */;
INSERT INTO `League` VALUES (1,'Premier League','England',2024,'Barclays',1),(2,'La Liga','Spain',2024,'EA Sports',1),(3,'Serie A','Italy',2024,'Enilive',1),(4,'Bundesliga','Germany',2024,'Amazon Web Services',1),(5,'Ligue 1','France',2024,'McDonald',1),(6,'MLS','USA',2024,'Apple',1);
/*!40000 ALTER TABLE `League` ENABLE KEYS */;
UNLOCK TABLES;

--
-- Table structure for table `Payment`
--

DROP TABLE IF EXISTS `Payment`;
/*!40101 SET @saved_cs_client     = @@character_set_client */;
/*!50503 SET character_set_client = utf8mb4 */;
CREATE TABLE `Payment` (
  `payment_id` int(11) NOT NULL AUTO_INCREMENT,
  `pymt_method` varchar(30) NOT NULL,
  `pymt_date` datetime NOT NULL,
  `pymt_status` varchar(50) NOT NULL DEFAULT 'Pending',
  `pymt_trans_ref` varchar(100) NOT NULL,
  `pymt_amt` decimal(10,2) NOT NULL,
  PRIMARY KEY (`payment_id`)
) ENGINE=InnoDB AUTO_INCREMENT=521 DEFAULT CHARSET=utf8mb4 COLLATE=utf8mb4_uca1400_ai_ci;
/*!40101 SET character_set_client = @saved_cs_client */;

--
-- Dumping data for table `Payment`
--

LOCK TABLES `Payment` WRITE;
/*!40000 ALTER TABLE `Payment` DISABLE KEYS */;
INSERT INTO `Payment` VALUES (1,'Credit Card','2024-01-10 10:15:00','Completed','TXN-AX-000001',179.98),(2,'PayPal','2024-01-12 14:30:00','Completed','TXN-AX-000002',89.99),(3,'Debit Card','2024-01-15 09:00:00','Completed','TXN-AX-000003',229.99),(4,'Credit Card','2024-01-20 16:45:00','Completed','TXN-AX-000004',114.98),(5,'Apple Pay','2024-02-01 11:20:00','Completed','TXN-AX-000005',94.99),(6,'Credit Card','2024-02-05 13:00:00','Completed','TXN-AX-000006',199.99),(7,'PayPal','2024-02-10 08:30:00','Completed','TXN-AX-000007',108.98),(8,'Debit Card','2024-02-14 17:15:00','Completed','TXN-AX-000008',89.99),(9,'Google Pay','2024-02-20 12:00:00','Completed','TXN-AX-000009',219.99),(10,'Credit Card','2024-03-01 10:45:00','Completed','TXN-AX-000010',179.98),(11,'Credit Card','2024-03-05 15:30:00','Completed','TXN-AX-000011',74.99),(12,'PayPal','2024-03-10 09:15:00','Completed','TXN-AX-000012',247.98),(13,'Apple Pay','2024-03-15 14:00:00','Completed','TXN-AX-000013',94.99),(14,'Debit Card','2024-03-20 11:30:00','Completed','TXN-AX-000014',159.99),(15,'Credit Card','2024-03-25 16:00:00','Completed','TXN-AX-000015',44.98),(16,'Google Pay','2024-04-01 10:00:00','Completed','TXN-AX-000016',89.99),(17,'Credit Card','2024-04-05 13:45:00','Completed','TXN-AX-000017',179.98),(18,'PayPal','2024-04-10 08:15:00','Completed','TXN-AX-000018',94.99),(19,'Debit Card','2024-04-15 15:00:00','Completed','TXN-AX-000019',229.99),(20,'Apple Pay','2024-04-20 12:30:00','Completed','TXN-AX-000020',109.98),(21,'Apple Pay','2023-08-30 14:39:43','Failed','TXN-AX-000021',392.66),(22,'PayPal','2024-03-11 07:10:58','Refunded','TXN-AX-000022',407.65),(23,'Google Pay','2024-06-26 10:12:58','Completed','TXN-AX-000023',211.49),(24,'PayPal','2024-08-04 06:28:28','Completed','TXN-AX-000024',78.32),(25,'Google Pay','2024-11-09 13:35:03','Failed','TXN-AX-000025',458.33),(26,'Credit Card','2024-07-17 04:06:44','Failed','TXN-AX-000026',40.94),(27,'Apple Pay','2023-06-14 02:05:50','Failed','TXN-AX-000027',288.83),(28,'Credit Card','2023-05-07 22:21:23','Completed','TXN-AX-000028',101.29),(29,'Credit Card','2023-01-29 23:51:11','Failed','TXN-AX-000029',474.40),(30,'Apple Pay','2023-01-22 20:21:25','Refunded','TXN-AX-000030',488.41),(31,'Google Pay','2024-09-07 04:22:30','Completed','TXN-AX-000031',26.03),(32,'Apple Pay','2023-05-30 13:33:40','Refunded','TXN-AX-000032',150.91),(33,'Debit Card','2024-02-27 23:08:06','Completed','TXN-AX-000033',40.26),(34,'Google Pay','2023-05-24 11:31:38','Completed','TXN-AX-000034',252.48),(35,'Apple Pay','2023-08-12 17:32:24','Completed','TXN-AX-000035',316.82),(36,'PayPal','2023-01-05 18:24:43','Refunded','TXN-AX-000036',378.97),(37,'Credit Card','2023-07-12 19:46:14','Failed','TXN-AX-000037',19.61),(38,'Google Pay','2023-09-20 01:23:00','Refunded','TXN-AX-000038',125.17),(39,'Google Pay','2023-10-04 17:07:04','Failed','TXN-AX-000039',40.18),(40,'Apple Pay','2023-06-17 15:41:01','Completed','TXN-AX-000040',144.19),(41,'PayPal','2024-06-03 08:28:57','Completed','TXN-AX-000041',463.67),(42,'PayPal','2024-07-11 09:15:31','Completed','TXN-AX-000042',313.75),(43,'Apple Pay','2023-06-25 16:54:18','Completed','TXN-AX-000043',229.08),(44,'Debit Card','2023-06-29 12:32:45','Failed','TXN-AX-000044',34.75),(45,'PayPal','2024-01-06 05:08:26','Refunded','TXN-AX-000045',62.61),(46,'Credit Card','2023-10-10 00:15:56','Completed','TXN-AX-000046',384.54),(47,'Debit Card','2023-07-07 23:01:23','Completed','TXN-AX-000047',269.68),(48,'PayPal','2023-08-14 14:30:25','Completed','TXN-AX-000048',107.07),(49,'PayPal','2024-08-06 00:12:22','Failed','TXN-AX-000049',196.42),(50,'Credit Card','2023-04-18 07:26:26','Failed','TXN-AX-000050',20.15),(51,'Credit Card','2024-02-20 09:59:42','Completed','TXN-AX-000051',249.61),(52,'PayPal','2024-12-18 23:41:43','Refunded','TXN-AX-000052',433.62),(53,'Credit Card','2024-09-16 11:37:13','Completed','TXN-AX-000053',406.30),(54,'Apple Pay','2024-06-06 11:39:05','Completed','TXN-AX-000054',186.92),(55,'Credit Card','2024-08-18 21:12:10','Refunded','TXN-AX-000055',361.63),(56,'Google Pay','2023-03-08 22:44:46','Completed','TXN-AX-000056',32.42),(57,'Google Pay','2023-10-19 23:40:34','Completed','TXN-AX-000057',49.47),(58,'Google Pay','2024-07-17 12:30:02','Refunded','TXN-AX-000058',188.99),(59,'PayPal','2024-11-04 03:37:48','Completed','TXN-AX-000059',181.21),(60,'Credit Card','2024-12-10 11:52:19','Completed','TXN-AX-000060',336.23),(61,'Google Pay','2023-08-06 02:03:44','Completed','TXN-AX-000061',151.50),(62,'Google Pay','2024-10-07 19:15:31','Refunded','TXN-AX-000062',379.50),(63,'Credit Card','2024-03-13 11:13:59','Completed','TXN-AX-000063',157.40),(64,'PayPal','2023-10-10 12:17:54','Refunded','TXN-AX-000064',200.87),(65,'PayPal','2024-12-02 06:49:06','Completed','TXN-AX-000065',230.60),(66,'Credit Card','2024-12-06 08:11:23','Failed','TXN-AX-000066',56.57),(67,'Google Pay','2023-04-24 16:39:36','Completed','TXN-AX-000067',323.68),(68,'Google Pay','2024-08-28 06:18:27','Completed','TXN-AX-000068',358.12),(69,'PayPal','2023-01-30 06:21:57','Completed','TXN-AX-000069',165.54),(70,'Google Pay','2023-01-05 22:39:20','Completed','TXN-AX-000070',31.98),(71,'Debit Card','2023-02-08 16:25:54','Refunded','TXN-AX-000071',387.38),(72,'PayPal','2024-10-22 10:49:05','Completed','TXN-AX-000072',10.17),(73,'Credit Card','2023-11-22 03:49:24','Completed','TXN-AX-000073',140.88),(74,'Apple Pay','2024-05-17 07:04:47','Failed','TXN-AX-000074',207.51),(75,'Debit Card','2024-10-08 04:29:56','Completed','TXN-AX-000075',226.37),(76,'Credit Card','2024-10-10 23:36:10','Failed','TXN-AX-000076',448.97),(77,'Credit Card','2024-03-03 10:59:01','Refunded','TXN-AX-000077',340.60),(78,'Apple Pay','2024-08-20 01:03:40','Completed','TXN-AX-000078',441.92),(79,'Credit Card','2024-07-10 01:30:26','Failed','TXN-AX-000079',353.88),(80,'Google Pay','2023-08-13 20:48:33','Refunded','TXN-AX-000080',168.06),(81,'Google Pay','2024-09-06 12:41:48','Failed','TXN-AX-000081',62.65),(82,'Credit Card','2023-12-23 18:21:38','Completed','TXN-AX-000082',323.22),(83,'PayPal','2023-03-14 12:42:10','Completed','TXN-AX-000083',459.56),(84,'Credit Card','2024-02-18 04:25:40','Completed','TXN-AX-000084',211.19),(85,'Credit Card','2023-09-20 14:30:25','Completed','TXN-AX-000085',285.15),(86,'Credit Card','2023-06-06 05:12:51','Refunded','TXN-AX-000086',104.86),(87,'PayPal','2024-05-04 11:12:37','Failed','TXN-AX-000087',88.57),(88,'Apple Pay','2024-07-30 09:37:42','Failed','TXN-AX-000088',473.76),(89,'Google Pay','2023-10-21 07:52:01','Completed','TXN-AX-000089',384.11),(90,'Apple Pay','2024-05-17 19:28:04','Refunded','TXN-AX-000090',435.07),(91,'Google Pay','2024-04-01 10:35:03','Completed','TXN-AX-000091',193.88),(92,'Credit Card','2023-11-09 10:31:24','Failed','TXN-AX-000092',396.43),(93,'Debit Card','2024-11-20 20:03:37','Completed','TXN-AX-000093',335.02),(94,'Google Pay','2024-10-19 12:16:48','Refunded','TXN-AX-000094',230.76),(95,'Credit Card','2024-09-25 12:10:33','Completed','TXN-AX-000095',463.13),(96,'Apple Pay','2024-12-29 03:20:26','Refunded','TXN-AX-000096',28.97),(97,'Debit Card','2024-02-20 22:38:52','Completed','TXN-AX-000097',308.15),(98,'Google Pay','2024-11-22 21:42:08','Completed','TXN-AX-000098',260.49),(99,'Credit Card','2024-06-28 12:32:41','Refunded','TXN-AX-000099',140.04),(100,'Debit Card','2023-03-30 18:32:30','Failed','TXN-AX-000100',271.20),(101,'Google Pay','2024-02-12 08:30:52','Completed','TXN-AX-000101',10.61),(102,'Apple Pay','2024-09-02 20:22:53','Completed','TXN-AX-000102',364.77),(103,'Google Pay','2023-01-05 19:41:06','Completed','TXN-AX-000103',208.29),(104,'Google Pay','2023-10-17 00:21:37','Completed','TXN-AX-000104',309.24),(105,'Apple Pay','2023-12-15 04:04:05','Failed','TXN-AX-000105',223.80),(106,'Credit Card','2024-06-03 10:20:04','Failed','TXN-AX-000106',422.56),(107,'PayPal','2024-07-24 08:10:31','Completed','TXN-AX-000107',405.85),(108,'Credit Card','2024-12-24 02:43:58','Refunded','TXN-AX-000108',365.54),(109,'Google Pay','2024-09-01 14:56:37','Completed','TXN-AX-000109',189.55),(110,'Google Pay','2023-12-11 05:50:34','Failed','TXN-AX-000110',401.76),(111,'Google Pay','2023-05-18 10:52:00','Completed','TXN-AX-000111',94.94),(112,'Google Pay','2023-06-05 15:46:21','Completed','TXN-AX-000112',292.81),(113,'Credit Card','2023-02-09 02:02:27','Completed','TXN-AX-000113',428.71),(114,'Credit Card','2024-12-27 18:20:42','Refunded','TXN-AX-000114',253.10),(115,'Apple Pay','2024-01-12 17:54:40','Refunded','TXN-AX-000115',73.62),(116,'PayPal','2024-06-11 17:26:52','Completed','TXN-AX-000116',160.44),(117,'Google Pay','2024-03-23 17:27:17','Completed','TXN-AX-000117',414.99),(118,'Apple Pay','2023-04-02 02:37:32','Completed','TXN-AX-000118',12.11),(119,'PayPal','2024-02-22 14:25:25','Completed','TXN-AX-000119',296.82),(120,'Debit Card','2023-08-18 19:29:30','Refunded','TXN-AX-000120',98.60),(121,'Apple Pay','2024-02-11 12:56:32','Refunded','TXN-AX-000121',81.81),(122,'Google Pay','2024-04-19 02:03:40','Refunded','TXN-AX-000122',128.37),(123,'PayPal','2024-08-28 19:29:39','Refunded','TXN-AX-000123',446.84),(124,'Credit Card','2024-11-22 22:59:42','Failed','TXN-AX-000124',18.29),(125,'Debit Card','2023-10-21 02:54:05','Completed','TXN-AX-000125',422.55),(126,'Apple Pay','2024-06-22 03:47:56','Completed','TXN-AX-000126',259.58),(127,'Credit Card','2023-05-24 05:42:36','Completed','TXN-AX-000127',189.35),(128,'PayPal','2024-09-26 21:26:25','Completed','TXN-AX-000128',29.05),(129,'Credit Card','2024-12-27 06:31:59','Completed','TXN-AX-000129',37.62),(130,'Debit Card','2023-12-18 05:15:23','Refunded','TXN-AX-000130',118.66),(131,'Debit Card','2024-06-23 17:14:01','Refunded','TXN-AX-000131',46.31),(132,'Google Pay','2024-06-26 09:36:32','Completed','TXN-AX-000132',403.90),(133,'Google Pay','2024-05-06 20:53:04','Completed','TXN-AX-000133',333.07),(134,'Debit Card','2023-05-15 12:02:24','Completed','TXN-AX-000134',324.86),(135,'Debit Card','2024-07-17 00:35:15','Refunded','TXN-AX-000135',332.52),(136,'Debit Card','2023-01-11 08:22:22','Refunded','TXN-AX-000136',383.34),(137,'Google Pay','2024-07-30 19:12:24','Refunded','TXN-AX-000137',228.44),(138,'Google Pay','2024-04-22 08:26:01','Failed','TXN-AX-000138',417.67),(139,'Credit Card','2023-09-30 00:20:28','Refunded','TXN-AX-000139',167.80),(140,'Debit Card','2023-08-04 22:48:33','Refunded','TXN-AX-000140',368.01),(141,'Google Pay','2024-07-30 14:48:32','Failed','TXN-AX-000141',450.74),(142,'Apple Pay','2023-11-01 03:16:57','Completed','TXN-AX-000142',198.69),(143,'Debit Card','2024-07-30 01:19:41','Refunded','TXN-AX-000143',55.61),(144,'Credit Card','2023-02-13 02:18:30','Failed','TXN-AX-000144',366.85),(145,'PayPal','2024-10-16 15:27:15','Failed','TXN-AX-000145',454.44),(146,'Credit Card','2024-01-15 08:10:04','Completed','TXN-AX-000146',84.87),(147,'PayPal','2023-04-14 21:34:06','Failed','TXN-AX-000147',143.09),(148,'Apple Pay','2024-03-12 16:16:53','Completed','TXN-AX-000148',309.32),(149,'Debit Card','2024-02-17 13:23:03','Failed','TXN-AX-000149',305.56),(150,'Google Pay','2023-10-24 05:58:29','Failed','TXN-AX-000150',450.02),(151,'Credit Card','2023-01-01 19:10:58','Refunded','TXN-AX-000151',369.61),(152,'PayPal','2024-12-02 16:55:06','Completed','TXN-AX-000152',50.21),(153,'PayPal','2023-04-22 18:30:48','Refunded','TXN-AX-000153',37.37),(154,'PayPal','2024-08-16 21:43:37','Completed','TXN-AX-000154',442.83),(155,'Apple Pay','2023-03-22 01:09:14','Refunded','TXN-AX-000155',40.90),(156,'Credit Card','2024-09-14 19:53:45','Completed','TXN-AX-000156',48.43),(157,'Debit Card','2023-04-18 02:29:52','Completed','TXN-AX-000157',175.04),(158,'Credit Card','2024-05-12 05:20:13','Completed','TXN-AX-000158',443.00),(159,'Credit Card','2024-02-10 21:57:32','Failed','TXN-AX-000159',418.45),(160,'PayPal','2023-04-22 01:57:30','Completed','TXN-AX-000160',224.91),(161,'Google Pay','2023-03-23 05:47:50','Completed','TXN-AX-000161',477.33),(162,'Apple Pay','2024-05-27 05:07:17','Failed','TXN-AX-000162',86.06),(163,'PayPal','2023-09-30 11:27:33','Completed','TXN-AX-000163',44.18),(164,'Apple Pay','2024-04-08 10:17:56','Completed','TXN-AX-000164',122.32),(165,'Debit Card','2023-09-30 11:52:16','Refunded','TXN-AX-000165',288.95),(166,'Google Pay','2023-09-15 13:36:25','Completed','TXN-AX-000166',443.94),(167,'Apple Pay','2024-03-22 18:03:53','Completed','TXN-AX-000167',216.30),(168,'Debit Card','2023-07-27 00:19:01','Completed','TXN-AX-000168',423.72),(169,'Credit Card','2024-10-03 11:19:55','Completed','TXN-AX-000169',428.88),(170,'Apple Pay','2024-05-06 08:01:11','Completed','TXN-AX-000170',43.33),(171,'Google Pay','2023-05-02 09:18:04','Completed','TXN-AX-000171',466.67),(172,'Apple Pay','2023-08-01 14:55:10','Failed','TXN-AX-000172',238.46),(173,'Debit Card','2023-08-27 00:30:04','Refunded','TXN-AX-000173',268.72),(174,'Debit Card','2024-06-06 15:24:47','Failed','TXN-AX-000174',270.25),(175,'PayPal','2024-07-17 09:59:46','Refunded','TXN-AX-000175',169.35),(176,'Credit Card','2023-02-01 21:06:32','Refunded','TXN-AX-000176',392.88),(177,'Credit Card','2024-06-07 10:34:35','Completed','TXN-AX-000177',194.20),(178,'Apple Pay','2023-02-25 17:39:49','Completed','TXN-AX-000178',26.86),(179,'Google Pay','2024-10-02 23:42:41','Completed','TXN-AX-000179',51.34),(180,'Google Pay','2023-12-05 06:23:03','Completed','TXN-AX-000180',209.60),(181,'Debit Card','2023-10-25 16:09:08','Failed','TXN-AX-000181',249.02),(182,'Credit Card','2023-09-24 03:46:27','Refunded','TXN-AX-000182',225.87),(183,'Google Pay','2024-08-03 05:18:16','Refunded','TXN-AX-000183',218.94),(184,'Google Pay','2024-06-13 10:56:20','Completed','TXN-AX-000184',316.79),(185,'PayPal','2023-07-27 16:39:10','Completed','TXN-AX-000185',464.86),(186,'Credit Card','2023-08-17 19:31:26','Failed','TXN-AX-000186',15.81),(187,'Apple Pay','2023-07-03 03:32:30','Completed','TXN-AX-000187',249.03),(188,'Credit Card','2024-03-29 19:51:35','Completed','TXN-AX-000188',87.68),(189,'Debit Card','2024-05-02 17:54:10','Completed','TXN-AX-000189',317.56),(190,'Apple Pay','2023-08-22 08:22:51','Completed','TXN-AX-000190',390.05),(191,'PayPal','2023-05-11 01:11:33','Completed','TXN-AX-000191',341.35),(192,'Debit Card','2023-08-22 01:14:45','Completed','TXN-AX-000192',380.38),(193,'Debit Card','2023-07-30 08:46:59','Refunded','TXN-AX-000193',156.27),(194,'PayPal','2023-02-20 03:09:18','Completed','TXN-AX-000194',404.55),(195,'Google Pay','2024-10-11 02:56:08','Failed','TXN-AX-000195',368.91),(196,'PayPal','2023-08-13 11:42:41','Refunded','TXN-AX-000196',29.76),(197,'Apple Pay','2024-06-01 19:57:07','Completed','TXN-AX-000197',191.82),(198,'PayPal','2024-02-09 14:13:17','Completed','TXN-AX-000198',52.99),(199,'Google Pay','2024-02-15 16:09:38','Completed','TXN-AX-000199',388.59),(200,'Debit Card','2024-06-18 01:36:21','Refunded','TXN-AX-000200',403.77),(201,'Debit Card','2023-02-19 00:40:20','Refunded','TXN-AX-000201',238.91),(202,'Google Pay','2023-07-06 08:53:21','Completed','TXN-AX-000202',133.90),(203,'Debit Card','2024-11-21 00:50:27','Completed','TXN-AX-000203',493.97),(204,'Google Pay','2023-04-04 04:48:10','Refunded','TXN-AX-000204',251.33),(205,'Apple Pay','2023-09-27 03:56:22','Completed','TXN-AX-000205',58.67),(206,'Apple Pay','2024-09-04 06:37:36','Failed','TXN-AX-000206',282.64),(207,'Credit Card','2023-04-10 14:38:37','Completed','TXN-AX-000207',174.05),(208,'Google Pay','2023-01-10 00:09:11','Refunded','TXN-AX-000208',57.11),(209,'PayPal','2024-05-13 13:15:44','Completed','TXN-AX-000209',115.50),(210,'PayPal','2024-12-19 04:02:49','Refunded','TXN-AX-000210',49.57),(211,'Apple Pay','2024-06-07 05:03:14','Refunded','TXN-AX-000211',493.58),(212,'Apple Pay','2024-06-13 19:39:31','Refunded','TXN-AX-000212',22.58),(213,'Google Pay','2024-09-28 08:15:45','Completed','TXN-AX-000213',79.77),(214,'Debit Card','2023-06-06 12:30:25','Completed','TXN-AX-000214',180.88),(215,'Google Pay','2024-09-13 18:33:47','Completed','TXN-AX-000215',350.17),(216,'Apple Pay','2024-08-30 22:41:51','Completed','TXN-AX-000216',449.99),(217,'Google Pay','2024-06-26 16:11:08','Failed','TXN-AX-000217',335.25),(218,'Google Pay','2023-01-18 22:14:29','Completed','TXN-AX-000218',73.81),(219,'Apple Pay','2024-01-22 15:57:44','Refunded','TXN-AX-000219',126.86),(220,'Debit Card','2024-02-18 15:46:25','Refunded','TXN-AX-000220',328.19),(221,'Google Pay','2023-12-25 15:03:27','Completed','TXN-AX-000221',73.65),(222,'Apple Pay','2024-08-27 20:28:11','Completed','TXN-AX-000222',459.86),(223,'Apple Pay','2024-02-08 23:33:03','Completed','TXN-AX-000223',359.17),(224,'Google Pay','2024-03-04 14:57:09','Refunded','TXN-AX-000224',190.21),(225,'Apple Pay','2023-03-30 16:14:10','Completed','TXN-AX-000225',195.11),(226,'Credit Card','2024-05-11 11:47:44','Completed','TXN-AX-000226',362.64),(227,'Google Pay','2023-03-13 13:32:04','Completed','TXN-AX-000227',331.82),(228,'Debit Card','2024-05-26 02:43:49','Failed','TXN-AX-000228',385.65),(229,'Google Pay','2024-11-26 03:39:19','Completed','TXN-AX-000229',138.72),(230,'Debit Card','2024-12-04 06:42:09','Refunded','TXN-AX-000230',324.15),(231,'Apple Pay','2024-08-05 20:02:11','Completed','TXN-AX-000231',172.02),(232,'Debit Card','2023-10-15 02:10:56','Failed','TXN-AX-000232',233.01),(233,'Debit Card','2024-02-22 07:42:54','Completed','TXN-AX-000233',304.36),(234,'Credit Card','2024-11-25 20:48:31','Completed','TXN-AX-000234',88.77),(235,'Credit Card','2023-10-11 02:08:00','Completed','TXN-AX-000235',118.68),(236,'Credit Card','2023-02-16 10:30:12','Completed','TXN-AX-000236',294.28),(237,'Google Pay','2023-07-20 04:15:36','Completed','TXN-AX-000237',450.25),(238,'Apple Pay','2023-11-20 04:46:23','Failed','TXN-AX-000238',92.73),(239,'PayPal','2024-08-13 09:17:13','Completed','TXN-AX-000239',307.75),(240,'Credit Card','2024-07-01 17:06:39','Completed','TXN-AX-000240',219.52),(241,'Google Pay','2023-06-05 23:06:30','Failed','TXN-AX-000241',414.20),(242,'Apple Pay','2023-03-27 22:30:24','Completed','TXN-AX-000242',46.40),(243,'PayPal','2024-02-18 14:24:35','Completed','TXN-AX-000243',331.17),(244,'Debit Card','2023-06-01 09:31:48','Refunded','TXN-AX-000244',430.34),(245,'PayPal','2023-02-12 13:11:22','Refunded','TXN-AX-000245',377.00),(246,'Google Pay','2024-09-30 06:22:38','Completed','TXN-AX-000246',226.95),(247,'Credit Card','2023-10-11 17:11:19','Completed','TXN-AX-000247',409.39),(248,'Apple Pay','2024-02-10 16:39:05','Completed','TXN-AX-000248',414.97),(249,'PayPal','2024-08-24 17:53:59','Completed','TXN-AX-000249',231.33),(250,'Debit Card','2023-11-19 02:22:39','Completed','TXN-AX-000250',207.75),(251,'Google Pay','2023-09-06 11:20:43','Completed','TXN-AX-000251',272.33),(252,'Debit Card','2024-08-05 15:28:49','Failed','TXN-AX-000252',14.15),(253,'PayPal','2023-04-01 07:04:28','Completed','TXN-AX-000253',31.57),(254,'Google Pay','2023-11-21 07:10:59','Completed','TXN-AX-000254',411.74),(255,'Credit Card','2023-09-30 11:25:53','Failed','TXN-AX-000255',153.22),(256,'Debit Card','2024-11-02 02:03:20','Failed','TXN-AX-000256',196.19),(257,'Apple Pay','2024-12-16 02:06:20','Completed','TXN-AX-000257',394.13),(258,'Credit Card','2023-11-19 13:29:34','Completed','TXN-AX-000258',36.39),(259,'PayPal','2023-05-11 07:27:47','Completed','TXN-AX-000259',20.27),(260,'Apple Pay','2024-06-23 02:01:53','Completed','TXN-AX-000260',391.66),(261,'Credit Card','2023-05-17 00:03:17','Refunded','TXN-AX-000261',300.30),(262,'Apple Pay','2023-08-03 15:45:57','Refunded','TXN-AX-000262',223.46),(263,'Google Pay','2024-02-24 17:17:18','Completed','TXN-AX-000263',386.68),(264,'Debit Card','2024-02-22 11:33:36','Completed','TXN-AX-000264',177.11),(265,'Google Pay','2023-02-04 22:54:06','Completed','TXN-AX-000265',247.31),(266,'PayPal','2024-07-28 01:16:03','Completed','TXN-AX-000266',349.70),(267,'Credit Card','2023-05-26 22:32:23','Completed','TXN-AX-000267',88.66),(268,'Credit Card','2023-01-08 04:12:58','Completed','TXN-AX-000268',349.66),(269,'Debit Card','2023-09-15 02:53:10','Completed','TXN-AX-000269',347.20),(270,'Google Pay','2023-11-06 03:01:01','Failed','TXN-AX-000270',213.04),(271,'PayPal','2023-04-23 13:35:22','Completed','TXN-AX-000271',207.79),(272,'PayPal','2024-10-05 20:27:01','Completed','TXN-AX-000272',305.74),(273,'Debit Card','2024-05-11 05:08:31','Completed','TXN-AX-000273',181.34),(274,'Google Pay','2024-04-09 04:13:39','Completed','TXN-AX-000274',460.73),(275,'Google Pay','2023-06-12 19:32:32','Completed','TXN-AX-000275',192.40),(276,'Apple Pay','2023-09-03 06:50:23','Completed','TXN-AX-000276',290.44),(277,'Apple Pay','2023-09-22 06:59:54','Refunded','TXN-AX-000277',435.65),(278,'Apple Pay','2024-08-09 23:23:58','Completed','TXN-AX-000278',279.81),(279,'PayPal','2023-01-05 19:55:47','Completed','TXN-AX-000279',200.81),(280,'PayPal','2023-10-08 01:53:16','Completed','TXN-AX-000280',267.98),(281,'Credit Card','2024-08-03 03:49:27','Completed','TXN-AX-000281',445.38),(282,'Google Pay','2023-10-10 17:52:24','Completed','TXN-AX-000282',250.72),(283,'Debit Card','2023-02-14 14:50:51','Refunded','TXN-AX-000283',364.90),(284,'Google Pay','2024-07-18 12:27:13','Completed','TXN-AX-000284',264.06),(285,'Apple Pay','2023-11-06 13:12:58','Failed','TXN-AX-000285',87.94),(286,'Apple Pay','2023-11-21 16:54:09','Completed','TXN-AX-000286',184.67),(287,'PayPal','2023-04-20 12:48:07','Completed','TXN-AX-000287',253.47),(288,'Credit Card','2023-01-12 16:06:03','Completed','TXN-AX-000288',96.54),(289,'Google Pay','2024-03-11 19:03:43','Refunded','TXN-AX-000289',381.20),(290,'Debit Card','2023-10-16 00:59:49','Completed','TXN-AX-000290',64.03),(291,'Apple Pay','2024-02-02 01:36:06','Completed','TXN-AX-000291',312.71),(292,'Credit Card','2023-06-04 22:30:32','Refunded','TXN-AX-000292',41.63),(293,'Credit Card','2023-04-13 01:20:42','Completed','TXN-AX-000293',86.48),(294,'Debit Card','2024-09-30 00:53:46','Refunded','TXN-AX-000294',174.66),(295,'PayPal','2023-10-17 20:17:55','Failed','TXN-AX-000295',89.15),(296,'Debit Card','2024-11-02 14:59:42','Refunded','TXN-AX-000296',477.26),(297,'PayPal','2024-03-24 01:36:35','Refunded','TXN-AX-000297',400.17),(298,'Apple Pay','2024-02-29 14:08:32','Refunded','TXN-AX-000298',489.08),(299,'Google Pay','2024-06-20 22:21:50','Failed','TXN-AX-000299',93.04),(300,'Debit Card','2024-05-05 22:31:50','Completed','TXN-AX-000300',331.71),(301,'Credit Card','2024-10-09 10:20:38','Completed','TXN-AX-000301',93.35),(302,'PayPal','2023-07-02 19:38:03','Refunded','TXN-AX-000302',112.04),(303,'Debit Card','2024-11-01 08:00:08','Completed','TXN-AX-000303',214.64),(304,'Apple Pay','2024-04-19 05:15:25','Completed','TXN-AX-000304',72.06),(305,'Google Pay','2024-06-13 20:52:32','Failed','TXN-AX-000305',170.17),(306,'PayPal','2023-03-02 19:27:42','Completed','TXN-AX-000306',126.60),(307,'Credit Card','2023-09-25 02:40:08','Completed','TXN-AX-000307',53.48),(308,'PayPal','2023-11-27 15:18:03','Completed','TXN-AX-000308',419.75),(309,'Credit Card','2023-08-15 14:52:31','Completed','TXN-AX-000309',300.06),(310,'Debit Card','2024-02-25 12:56:03','Failed','TXN-AX-000310',478.78),(311,'Apple Pay','2024-04-28 22:03:00','Completed','TXN-AX-000311',400.11),(312,'Google Pay','2024-10-20 17:59:15','Completed','TXN-AX-000312',324.01),(313,'Debit Card','2023-01-08 06:11:56','Completed','TXN-AX-000313',208.05),(314,'Credit Card','2024-11-09 21:18:43','Refunded','TXN-AX-000314',194.63),(315,'Credit Card','2023-10-25 02:54:37','Refunded','TXN-AX-000315',93.80),(316,'PayPal','2024-06-22 21:58:25','Refunded','TXN-AX-000316',489.06),(317,'Debit Card','2023-01-03 15:37:36','Failed','TXN-AX-000317',118.60),(318,'Credit Card','2024-12-12 15:07:12','Completed','TXN-AX-000318',304.16),(319,'Credit Card','2024-07-18 09:49:06','Refunded','TXN-AX-000319',334.15),(320,'Credit Card','2024-06-16 13:49:55','Refunded','TXN-AX-000320',470.59),(321,'Google Pay','2024-04-06 08:11:41','Completed','TXN-AX-000321',436.23),(322,'PayPal','2024-10-19 19:16:17','Refunded','TXN-AX-000322',40.35),(323,'Google Pay','2024-04-17 09:20:40','Refunded','TXN-AX-000323',429.13),(324,'PayPal','2023-08-22 21:33:48','Failed','TXN-AX-000324',303.19),(325,'Apple Pay','2023-11-16 10:02:05','Completed','TXN-AX-000325',211.05),(326,'Google Pay','2024-07-30 19:22:31','Failed','TXN-AX-000326',385.46),(327,'PayPal','2023-06-17 22:30:54','Failed','TXN-AX-000327',228.79),(328,'Credit Card','2024-03-16 21:35:57','Completed','TXN-AX-000328',328.11),(329,'Debit Card','2024-10-12 19:02:12','Completed','TXN-AX-000329',295.90),(330,'Apple Pay','2024-04-20 12:11:09','Completed','TXN-AX-000330',193.82),(331,'Debit Card','2024-03-23 08:38:27','Completed','TXN-AX-000331',149.58),(332,'Apple Pay','2023-01-02 16:24:27','Completed','TXN-AX-000332',179.11),(333,'PayPal','2024-12-29 15:05:30','Completed','TXN-AX-000333',177.21),(334,'PayPal','2023-01-03 10:40:00','Completed','TXN-AX-000334',362.39),(335,'Debit Card','2023-06-29 02:22:47','Completed','TXN-AX-000335',81.90),(336,'Apple Pay','2023-01-14 16:14:56','Failed','TXN-AX-000336',437.29),(337,'Apple Pay','2023-07-25 09:55:27','Completed','TXN-AX-000337',242.04),(338,'Google Pay','2024-08-16 21:04:03','Completed','TXN-AX-000338',418.08),(339,'PayPal','2023-01-08 10:37:07','Completed','TXN-AX-000339',223.87),(340,'PayPal','2023-06-08 20:39:32','Completed','TXN-AX-000340',60.47),(341,'Google Pay','2024-11-14 17:43:41','Completed','TXN-AX-000341',123.74),(342,'Google Pay','2024-04-20 12:31:04','Completed','TXN-AX-000342',171.09),(343,'Debit Card','2023-12-30 00:18:27','Refunded','TXN-AX-000343',255.83),(344,'Credit Card','2024-08-23 01:43:45','Failed','TXN-AX-000344',88.94),(345,'Google Pay','2023-07-07 19:21:52','Completed','TXN-AX-000345',89.82),(346,'Debit Card','2024-03-29 00:58:04','Refunded','TXN-AX-000346',33.83),(347,'Credit Card','2023-02-15 11:48:50','Failed','TXN-AX-000347',97.42),(348,'PayPal','2024-02-03 12:09:38','Completed','TXN-AX-000348',432.89),(349,'Apple Pay','2024-03-28 13:52:26','Failed','TXN-AX-000349',367.00),(350,'Google Pay','2023-03-30 08:11:35','Completed','TXN-AX-000350',157.42),(351,'Debit Card','2023-10-04 01:16:59','Completed','TXN-AX-000351',168.12),(352,'Apple Pay','2024-09-17 20:16:48','Failed','TXN-AX-000352',55.15),(353,'PayPal','2024-01-25 17:52:49','Completed','TXN-AX-000353',82.02),(354,'Google Pay','2024-05-24 11:32:54','Completed','TXN-AX-000354',80.43),(355,'PayPal','2023-03-22 15:56:04','Completed','TXN-AX-000355',295.04),(356,'Apple Pay','2023-02-01 18:19:55','Failed','TXN-AX-000356',225.42),(357,'Google Pay','2023-04-13 20:44:28','Completed','TXN-AX-000357',188.29),(358,'PayPal','2023-11-12 01:23:26','Completed','TXN-AX-000358',177.05),(359,'Debit Card','2024-09-21 03:53:04','Refunded','TXN-AX-000359',230.34),(360,'PayPal','2023-04-19 13:54:54','Refunded','TXN-AX-000360',74.39),(361,'Debit Card','2024-10-11 03:36:10','Failed','TXN-AX-000361',126.70),(362,'Credit Card','2023-05-19 16:50:45','Completed','TXN-AX-000362',112.41),(363,'Google Pay','2023-01-14 15:31:03','Completed','TXN-AX-000363',26.26),(364,'Apple Pay','2024-01-12 18:43:11','Failed','TXN-AX-000364',139.35),(365,'Credit Card','2024-06-03 07:44:28','Completed','TXN-AX-000365',308.64),(366,'Google Pay','2023-01-18 12:46:41','Failed','TXN-AX-000366',459.71),(367,'Debit Card','2023-12-29 07:48:41','Completed','TXN-AX-000367',36.50),(368,'Debit Card','2024-06-04 16:42:12','Failed','TXN-AX-000368',27.61),(369,'Apple Pay','2024-08-24 20:32:15','Completed','TXN-AX-000369',303.59),(370,'PayPal','2023-10-13 09:29:59','Completed','TXN-AX-000370',307.22),(371,'PayPal','2024-04-29 22:57:49','Completed','TXN-AX-000371',457.77),(372,'Debit Card','2024-05-31 13:09:58','Failed','TXN-AX-000372',257.33),(373,'PayPal','2024-11-02 06:28:36','Failed','TXN-AX-000373',499.65),(374,'Credit Card','2024-07-09 08:02:45','Completed','TXN-AX-000374',417.99),(375,'Debit Card','2024-03-16 17:30:19','Completed','TXN-AX-000375',302.87),(376,'Google Pay','2024-10-04 17:30:22','Completed','TXN-AX-000376',219.38),(377,'Google Pay','2024-04-16 10:50:47','Completed','TXN-AX-000377',401.62),(378,'Google Pay','2024-06-01 01:07:49','Completed','TXN-AX-000378',61.66),(379,'PayPal','2024-02-13 17:17:00','Completed','TXN-AX-000379',137.62),(380,'Credit Card','2024-08-06 19:29:35','Refunded','TXN-AX-000380',449.17),(381,'Credit Card','2024-08-07 01:15:32','Failed','TXN-AX-000381',101.33),(382,'Apple Pay','2023-06-28 09:56:21','Completed','TXN-AX-000382',45.25),(383,'Apple Pay','2024-07-08 23:29:36','Completed','TXN-AX-000383',29.51),(384,'Debit Card','2023-05-26 08:17:52','Refunded','TXN-AX-000384',473.61),(385,'Credit Card','2024-07-09 19:00:52','Completed','TXN-AX-000385',171.49),(386,'PayPal','2024-04-29 23:45:19','Completed','TXN-AX-000386',390.50),(387,'Debit Card','2023-05-03 04:22:45','Failed','TXN-AX-000387',216.00),(388,'Debit Card','2024-08-26 01:29:25','Completed','TXN-AX-000388',201.09),(389,'Debit Card','2023-11-06 00:25:58','Completed','TXN-AX-000389',263.21),(390,'Credit Card','2024-11-09 16:32:19','Completed','TXN-AX-000390',128.90),(391,'Credit Card','2024-06-18 00:22:01','Refunded','TXN-AX-000391',471.34),(392,'Debit Card','2023-10-18 16:09:38','Refunded','TXN-AX-000392',347.28),(393,'Apple Pay','2023-04-30 22:27:15','Failed','TXN-AX-000393',348.74),(394,'Credit Card','2024-06-19 23:18:20','Completed','TXN-AX-000394',438.07),(395,'Debit Card','2024-05-31 16:41:05','Refunded','TXN-AX-000395',409.88),(396,'Credit Card','2024-01-03 05:26:36','Completed','TXN-AX-000396',110.04),(397,'Apple Pay','2024-03-23 10:41:17','Completed','TXN-AX-000397',109.25),(398,'PayPal','2024-06-27 13:29:03','Refunded','TXN-AX-000398',453.86),(399,'Debit Card','2023-07-19 11:10:23','Refunded','TXN-AX-000399',33.95),(400,'Google Pay','2023-07-15 18:14:54','Completed','TXN-AX-000400',119.81),(401,'Google Pay','2024-01-31 21:04:34','Completed','TXN-AX-000401',341.17),(402,'Debit Card','2024-03-03 02:41:00','Completed','TXN-AX-000402',446.54),(403,'Google Pay','2024-06-02 20:24:17','Refunded','TXN-AX-000403',83.84),(404,'Google Pay','2024-09-15 06:53:08','Refunded','TXN-AX-000404',366.14),(405,'Debit Card','2023-07-25 06:39:36','Completed','TXN-AX-000405',289.61),(406,'Debit Card','2024-06-17 14:29:30','Completed','TXN-AX-000406',139.51),(407,'PayPal','2023-08-06 03:51:57','Refunded','TXN-AX-000407',481.71),(408,'Google Pay','2023-02-25 11:08:33','Refunded','TXN-AX-000408',206.37),(409,'PayPal','2024-05-13 07:13:50','Refunded','TXN-AX-000409',414.13),(410,'Google Pay','2024-09-29 21:55:46','Completed','TXN-AX-000410',22.10),(411,'Debit Card','2024-03-17 07:57:57','Completed','TXN-AX-000411',363.24),(412,'Credit Card','2023-08-09 10:34:54','Completed','TXN-AX-000412',332.79),(413,'Debit Card','2024-09-20 09:30:10','Completed','TXN-AX-000413',23.57),(414,'Google Pay','2023-01-19 05:33:36','Completed','TXN-AX-000414',278.34),(415,'Apple Pay','2024-07-26 11:31:46','Completed','TXN-AX-000415',129.00),(416,'Apple Pay','2024-10-21 03:42:52','Refunded','TXN-AX-000416',391.07),(417,'PayPal','2023-12-06 21:11:47','Failed','TXN-AX-000417',94.23),(418,'Google Pay','2024-04-29 01:22:43','Refunded','TXN-AX-000418',19.74),(419,'Debit Card','2023-02-23 17:57:33','Refunded','TXN-AX-000419',174.64),(420,'Credit Card','2023-01-14 18:07:47','Failed','TXN-AX-000420',370.28),(421,'Google Pay','2023-02-20 08:08:24','Refunded','TXN-AX-000421',139.77),(422,'Apple Pay','2023-12-22 20:07:24','Refunded','TXN-AX-000422',47.91),(423,'Credit Card','2023-08-19 13:54:47','Completed','TXN-AX-000423',360.95),(424,'Apple Pay','2023-03-23 10:41:56','Completed','TXN-AX-000424',20.23),(425,'Google Pay','2024-10-09 15:42:25','Completed','TXN-AX-000425',93.96),(426,'Credit Card','2023-09-11 00:36:20','Completed','TXN-AX-000426',42.34),(427,'Credit Card','2023-10-23 16:47:11','Refunded','TXN-AX-000427',161.77),(428,'PayPal','2024-10-28 08:42:49','Refunded','TXN-AX-000428',155.12),(429,'Debit Card','2024-12-29 21:08:10','Completed','TXN-AX-000429',35.31),(430,'Apple Pay','2024-05-24 07:46:32','Failed','TXN-AX-000430',155.18),(431,'PayPal','2023-08-29 21:19:46','Completed','TXN-AX-000431',499.61),(432,'Apple Pay','2023-10-29 08:14:30','Completed','TXN-AX-000432',143.95),(433,'Credit Card','2023-08-07 19:34:00','Completed','TXN-AX-000433',358.29),(434,'Google Pay','2023-10-30 06:48:15','Failed','TXN-AX-000434',427.70),(435,'Debit Card','2024-05-26 02:57:47','Completed','TXN-AX-000435',406.28),(436,'Credit Card','2024-01-08 04:47:51','Completed','TXN-AX-000436',236.68),(437,'PayPal','2023-12-01 08:38:07','Refunded','TXN-AX-000437',407.52),(438,'Credit Card','2024-01-14 11:52:47','Refunded','TXN-AX-000438',426.45),(439,'Credit Card','2024-07-02 16:52:47','Failed','TXN-AX-000439',173.76),(440,'Debit Card','2024-06-26 03:34:05','Completed','TXN-AX-000440',187.56),(441,'Apple Pay','2024-06-18 11:13:17','Completed','TXN-AX-000441',259.48),(442,'Apple Pay','2023-01-27 11:28:33','Failed','TXN-AX-000442',372.42),(443,'Credit Card','2023-09-23 21:04:47','Completed','TXN-AX-000443',494.84),(444,'Google Pay','2024-11-13 12:39:06','Refunded','TXN-AX-000444',446.82),(445,'PayPal','2024-12-12 23:07:44','Refunded','TXN-AX-000445',291.39),(446,'Google Pay','2024-01-09 01:33:49','Refunded','TXN-AX-000446',173.64),(447,'PayPal','2023-03-05 18:59:29','Completed','TXN-AX-000447',164.45),(448,'Credit Card','2024-11-14 17:58:33','Completed','TXN-AX-000448',146.02),(449,'Debit Card','2024-09-03 12:08:06','Completed','TXN-AX-000449',466.37),(450,'Credit Card','2023-08-04 23:37:44','Completed','TXN-AX-000450',45.02),(451,'Debit Card','2024-10-12 23:03:24','Refunded','TXN-AX-000451',235.18),(452,'Credit Card','2023-09-03 07:29:50','Completed','TXN-AX-000452',498.29),(453,'Apple Pay','2023-11-08 06:51:19','Completed','TXN-AX-000453',106.75),(454,'Google Pay','2024-12-17 16:18:22','Failed','TXN-AX-000454',69.29),(455,'PayPal','2023-07-27 04:57:18','Failed','TXN-AX-000455',397.71),(456,'Credit Card','2024-10-13 21:54:30','Completed','TXN-AX-000456',167.25),(457,'Credit Card','2024-12-06 01:51:41','Refunded','TXN-AX-000457',469.24),(458,'Credit Card','2024-09-06 14:36:32','Refunded','TXN-AX-000458',139.57),(459,'Google Pay','2024-07-01 12:28:50','Completed','TXN-AX-000459',394.25),(460,'PayPal','2024-09-22 00:35:09','Refunded','TXN-AX-000460',495.42),(461,'PayPal','2023-06-04 19:00:29','Completed','TXN-AX-000461',391.95),(462,'Google Pay','2023-07-02 18:19:17','Refunded','TXN-AX-000462',480.09),(463,'Apple Pay','2023-09-24 08:23:05','Failed','TXN-AX-000463',367.63),(464,'PayPal','2023-05-28 16:49:07','Completed','TXN-AX-000464',407.63),(465,'Apple Pay','2024-12-12 06:39:36','Completed','TXN-AX-000465',487.39),(466,'Google Pay','2023-10-11 16:12:22','Completed','TXN-AX-000466',16.28),(467,'PayPal','2023-07-24 15:28:37','Completed','TXN-AX-000467',379.22),(468,'Apple Pay','2023-11-15 17:45:27','Refunded','TXN-AX-000468',256.70),(469,'Credit Card','2024-10-18 18:31:45','Completed','TXN-AX-000469',154.86),(470,'Google Pay','2024-12-05 13:19:03','Completed','TXN-AX-000470',123.07),(471,'Apple Pay','2023-09-18 18:01:50','Refunded','TXN-AX-000471',246.56),(472,'PayPal','2023-05-05 10:45:39','Refunded','TXN-AX-000472',151.90),(473,'Credit Card','2023-12-09 23:33:07','Completed','TXN-AX-000473',421.67),(474,'Debit Card','2024-03-08 09:47:15','Failed','TXN-AX-000474',320.93),(475,'Debit Card','2023-10-30 20:31:50','Completed','TXN-AX-000475',191.83),(476,'PayPal','2023-06-18 07:48:38','Completed','TXN-AX-000476',178.45),(477,'Debit Card','2024-12-02 18:42:31','Completed','TXN-AX-000477',303.07),(478,'Credit Card','2024-04-10 17:37:06','Refunded','TXN-AX-000478',386.36),(479,'Google Pay','2024-08-28 09:57:40','Completed','TXN-AX-000479',484.46),(480,'Credit Card','2024-04-01 20:23:06','Failed','TXN-AX-000480',206.51),(481,'Apple Pay','2024-05-14 00:31:52','Failed','TXN-AX-000481',398.18),(482,'PayPal','2023-03-23 12:53:08','Refunded','TXN-AX-000482',291.99),(483,'Credit Card','2024-02-25 02:39:21','Refunded','TXN-AX-000483',466.15),(484,'PayPal','2023-01-17 22:59:08','Completed','TXN-AX-000484',51.37),(485,'Debit Card','2024-04-14 12:21:58','Completed','TXN-AX-000485',303.90),(486,'Debit Card','2024-11-11 10:21:41','Completed','TXN-AX-000486',490.81),(487,'Debit Card','2023-12-13 15:44:53','Completed','TXN-AX-000487',141.16),(488,'Apple Pay','2024-05-23 15:49:40','Completed','TXN-AX-000488',83.64),(489,'Debit Card','2024-08-22 01:27:36','Completed','TXN-AX-000489',260.79),(490,'Apple Pay','2023-10-08 14:24:00','Completed','TXN-AX-000490',58.21),(491,'Debit Card','2024-01-21 15:24:27','Completed','TXN-AX-000491',261.74),(492,'Apple Pay','2024-06-29 23:49:03','Completed','TXN-AX-000492',453.30),(493,'Google Pay','2023-01-25 07:14:28','Refunded','TXN-AX-000493',310.92),(494,'Debit Card','2024-03-27 13:06:06','Refunded','TXN-AX-000494',138.09),(495,'Google Pay','2023-12-19 10:00:00','Completed','TXN-AX-000495',28.62),(496,'Credit Card','2024-09-09 10:25:08','Completed','TXN-AX-000496',488.15),(497,'Credit Card','2023-12-27 00:47:02','Completed','TXN-AX-000497',322.21),(498,'Debit Card','2024-08-09 13:34:04','Refunded','TXN-AX-000498',484.73),(499,'PayPal','2024-06-23 10:14:01','Completed','TXN-AX-000499',461.70),(500,'Credit Card','2024-02-08 20:12:03','Completed','TXN-AX-000500',37.37),(501,'Credit Card','2023-03-14 02:56:24','Completed','TXN-AX-000501',101.26),(502,'PayPal','2024-05-20 21:28:41','Refunded','TXN-AX-000502',434.62),(503,'PayPal','2023-03-03 19:48:34','Completed','TXN-AX-000503',292.10),(504,'Apple Pay','2023-02-25 23:21:20','Completed','TXN-AX-000504',243.45),(505,'Google Pay','2023-11-04 12:30:01','Refunded','TXN-AX-000505',221.93),(506,'Credit Card','2024-06-28 08:02:24','Completed','TXN-AX-000506',14.55),(507,'Apple Pay','2024-09-12 03:59:55','Completed','TXN-AX-000507',228.67),(508,'PayPal','2024-02-14 17:57:31','Completed','TXN-AX-000508',267.35),(509,'Apple Pay','2023-05-29 19:08:53','Completed','TXN-AX-000509',234.78),(510,'Debit Card','2023-11-05 14:35:22','Refunded','TXN-AX-000510',398.99),(511,'Debit Card','2023-07-19 06:14:55','Refunded','TXN-AX-000511',397.77),(512,'PayPal','2024-08-19 14:17:55','Completed','TXN-AX-000512',422.54),(513,'Apple Pay','2023-11-14 01:47:53','Completed','TXN-AX-000513',330.95),(514,'PayPal','2023-02-20 01:18:59','Completed','TXN-AX-000514',459.49),(515,'Credit Card','2023-11-05 21:52:11','Refunded','TXN-AX-000515',383.60),(516,'PayPal','2024-09-10 22:58:22','Completed','TXN-AX-000516',94.20),(517,'Google Pay','2024-03-27 21:59:53','Completed','TXN-AX-000517',345.38),(518,'Debit Card','2024-05-18 02:10:19','Completed','TXN-AX-000518',447.27),(519,'PayPal','2024-08-09 22:56:30','Completed','TXN-AX-000519',101.99),(520,'Apple Pay','2023-10-30 05:06:23','Completed','TXN-AX-000520',94.61);
/*!40000 ALTER TABLE `Payment` ENABLE KEYS */;
UNLOCK TABLES;

--
-- Table structure for table `Product`
--

DROP TABLE IF EXISTS `Product`;
/*!40101 SET @saved_cs_client     = @@character_set_client */;
/*!50503 SET character_set_client = utf8mb4 */;
CREATE TABLE `Product` (
  `product_id` int(11) NOT NULL AUTO_INCREMENT,
  `prod_name` varchar(150) NOT NULL,
  `prod_price` decimal(10,2) NOT NULL,
  `prod_brand` varchar(100) NOT NULL,
  `prod_season` varchar(20) DEFAULT NULL,
  `prod_type` enum('Jersey','Footwear','Accessories') NOT NULL,
  `team_id` int(11) NOT NULL,
  PRIMARY KEY (`product_id`),
  KEY `team_id` (`team_id`),
  CONSTRAINT `1` FOREIGN KEY (`team_id`) REFERENCES `Team` (`team_id`)
) ENGINE=InnoDB AUTO_INCREMENT=501 DEFAULT CHARSET=utf8mb4 COLLATE=utf8mb4_uca1400_ai_ci;
/*!40101 SET character_set_client = @saved_cs_client */;

--
-- Dumping data for table `Product`
--

LOCK TABLES `Product` WRITE;
/*!40000 ALTER TABLE `Product` DISABLE KEYS */;
INSERT INTO `Product` VALUES (1,'Adidas Future 7 AG',73.99,'Adidas','2024/25','Footwear',16),(2,'Manchester United Third Jersey 2024/25',63.99,'Mizuno','2024/25','Jersey',11),(3,'New Balance Phantom GX 2 FG',29.99,'New Balance','2019/20','Footwear',2),(4,'Authentic XI Future 7 FG',223.99,'Authentic XI','2016/17','Footwear',12),(5,'Bayern Munich Third Jersey 2013/14',184.99,'Nike','2013/14','Jersey',2),(6,'LA Galaxy Away Jersey 2024/25',17.99,'Umbro','2024/25','Jersey',14),(7,'Liverpool Wristband Set',86.99,'Puma','2013/14','Accessories',1),(8,'Liverpool Captain\'s Armband',77.99,'New Balance','2016/17','Accessories',14),(9,'Authentic XI Copa Pure',102.99,'Authentic XI','2021/22','Footwear',4),(10,'Adidas Speedportal.1',60.99,'Adidas','2013/14','Footwear',3),(11,'Puma Speedportal.1',49.99,'Puma','2019/20','Footwear',5),(12,'Inter Miami Mini Pennant',120.99,'Adidas','2016/17','Accessories',6),(13,'Chelsea Water Bottle',186.99,'Mizuno','2022/23','Accessories',20),(14,'Juventus Pin Badge Set',121.99,'Adidas','2021/22','Accessories',20),(15,'Bayern Munich Pin Badge Set',113.99,'Authentic XI','2019/20','Accessories',4),(16,'Chelsea Third Jersey 2023/24',162.99,'Mizuno','2023/24','Jersey',16),(17,'PSG Away Jersey 2021/22',176.99,'Umbro','2021/22','Jersey',7),(18,'Mizuno Future 7 FG',222.99,'Mizuno','2013/14','Footwear',15),(19,'Umbro Future 7 FG',12.99,'Umbro','2022/23','Footwear',11),(20,'Arsenal Pin Badge Set',103.99,'Authentic XI','2019/20','Accessories',5),(21,'New Balance Phantom GX 2 FG',164.99,'New Balance','2013/14','Footwear',11),(22,'PSG Captain\'s Armband',248.99,'Authentic XI','2024/25','Accessories',16),(23,'Manchester United Key Ring',49.99,'Puma','2019/20','Accessories',20),(24,'Arsenal Shin Guards',103.99,'Authentic XI','2022/23','Accessories',6),(25,'Real Madrid Third Jersey 2022/23',38.99,'Puma','2022/23','Jersey',7),(26,'Juventus Mini Pennant',38.99,'Adidas','2022/23','Accessories',1),(27,'Umbro Future 7 AG',150.99,'Umbro','2022/23','Footwear',7),(28,'Adidas Future 7 AG',106.99,'Adidas','2016/17','Footwear',12),(29,'Barcelona Water Bottle',183.99,'Puma','2021/22','Accessories',12),(30,'Adidas Future 7 FG',116.99,'Adidas','2016/17','Footwear',17),(31,'PSG Pin Badge Set',245.99,'Nike','2023/24','Accessories',15),(32,'New Balance Speedportal.1',244.99,'New Balance','2021/22','Footwear',17),(33,'Man City Pin Badge Set',40.99,'Umbro','2019/20','Accessories',15),(34,'PSG Home Jersey 2013/14',75.99,'Authentic XI','2013/14','Jersey',5),(35,'Nike Copa Pure',89.99,'Nike','2013/14','Footwear',17),(36,'Umbro Future 7 AG',89.99,'Umbro','2023/24','Footwear',9),(37,'Inter Miami Water Bottle',206.99,'Umbro','2024/25','Accessories',7),(38,'Adidas Future 7 FG',95.99,'Adidas','2023/24','Footwear',2),(39,'Authentic XI Speedportal.1',146.99,'Authentic XI','2021/22','Footwear',18),(40,'Man City Away Jersey 2023/24',38.99,'Mizuno','2023/24','Jersey',20),(41,'Chelsea Club Scarf',47.99,'New Balance','2021/22','Accessories',13),(42,'New Balance Phantom GX 2 FG',57.99,'New Balance','2016/17','Footwear',14),(43,'Arsenal Away Jersey 2013/14',133.99,'New Balance','2013/14','Jersey',3),(44,'New Balance Phantom GX 2 FG',71.99,'New Balance','2024/25','Footwear',12),(45,'Nike Future 7 AG',81.99,'Nike','2013/14','Footwear',11),(46,'Man City Training Ball',83.99,'Nike','2024/25','Accessories',1),(47,'Juventus Away Jersey 2013/14',201.99,'Mizuno','2013/14','Jersey',10),(48,'PSG Mini Pennant',42.99,'Nike','2022/23','Accessories',18),(49,'LA Galaxy Captain\'s Armband',180.99,'Nike','2024/25','Accessories',4),(50,'Juventus Training Ball',31.99,'New Balance','2023/24','Accessories',20),(51,'Bayern Munich Captain\'s Armband',188.99,'Mizuno','2022/23','Accessories',7),(52,'LA Galaxy Retro Jersey 2019/20',92.99,'Mizuno','2019/20','Jersey',4),(53,'Puma Future 7 AG',86.99,'Puma','2022/23','Footwear',4),(54,'PSG Pin Badge Set',195.99,'Mizuno','2016/17','Accessories',15),(55,'Man City Home Jersey 2024/25',101.99,'Puma','2024/25','Jersey',4),(56,'Chelsea Home Jersey 2022/23',107.99,'Nike','2022/23','Jersey',5),(57,'Chelsea Retro Jersey 2016/17',45.99,'New Balance','2016/17','Jersey',16),(58,'Manchester United Retro Jersey 2024/25',219.99,'Umbro','2024/25','Jersey',19),(59,'New Balance Future 7 FG',15.99,'New Balance','2021/22','Footwear',14),(60,'Man City Key Ring',207.99,'Puma','2019/20','Accessories',11),(61,'New Balance Copa Pure',28.99,'New Balance','2021/22','Footwear',1),(62,'Adidas Copa Pure',63.99,'Adidas','2023/24','Footwear',10),(63,'Barcelona Shin Guards',148.99,'Puma','2019/20','Accessories',16),(64,'Liverpool Mini Pennant',157.99,'Authentic XI','2016/17','Accessories',16),(65,'Juventus Retro Jersey 2013/14',23.99,'Mizuno','2013/14','Jersey',9),(66,'Nike Future 7 FG',189.99,'Nike','2016/17','Footwear',7),(67,'Juventus Club Scarf',71.99,'New Balance','2013/14','Accessories',14),(68,'PSG Mini Pennant',72.99,'Puma','2021/22','Accessories',20),(69,'New Balance Speedportal.1',211.99,'New Balance','2016/17','Footwear',4),(70,'Real Madrid Training Ball',43.99,'Nike','2023/24','Accessories',20),(71,'Liverpool Home Jersey 2021/22',151.99,'Authentic XI','2021/22','Jersey',5),(72,'Liverpool Retro Jersey 2021/22',56.99,'Nike','2021/22','Jersey',6),(73,'Chelsea Wristband Set',77.99,'New Balance','2019/20','Accessories',1),(74,'Barcelona Key Ring',189.99,'Authentic XI','2013/14','Accessories',14),(75,'Chelsea Third Jersey 2021/22',163.99,'Umbro','2021/22','Jersey',8),(76,'Barcelona Away Jersey 2023/24',19.99,'Umbro','2023/24','Jersey',7),(77,'Man City Training Ball',128.99,'Authentic XI','2013/14','Accessories',12),(78,'PSG Retro Jersey 2019/20',206.99,'Adidas','2019/20','Jersey',10),(79,'Umbro Speedportal.1',88.99,'Umbro','2016/17','Footwear',9),(80,'Real Madrid Water Bottle',233.99,'Adidas','2019/20','Accessories',13),(81,'Arsenal Key Ring',216.99,'Authentic XI','2022/23','Accessories',8),(82,'Authentic XI Copa Pure',228.99,'Authentic XI','2021/22','Footwear',14),(83,'PSG Retro Jersey 2019/20',31.99,'Nike','2019/20','Jersey',8),(84,'Liverpool Pin Badge Set',215.99,'Umbro','2016/17','Accessories',5),(85,'Liverpool Home Jersey 2021/22',162.99,'Puma','2021/22','Jersey',18),(86,'Liverpool Mini Pennant',68.99,'New Balance','2023/24','Accessories',8),(87,'Mizuno Future 7 AG',135.99,'Mizuno','2024/25','Footwear',13),(88,'Umbro Future 7 AG',192.99,'Umbro','2021/22','Footwear',20),(89,'Umbro Future 7 AG',137.99,'Umbro','2019/20','Footwear',20),(90,'Adidas Copa Pure',69.99,'Adidas','2013/14','Footwear',9),(91,'PSG Captain\'s Armband',166.99,'Authentic XI','2021/22','Accessories',17),(92,'Arsenal Home Jersey 2023/24',168.99,'New Balance','2023/24','Jersey',5),(93,'Mizuno Future 7 FG',118.99,'Mizuno','2022/23','Footwear',20),(94,'LA Galaxy Wristband Set',235.99,'Mizuno','2023/24','Accessories',10),(95,'Liverpool Training Ball',220.99,'Umbro','2016/17','Accessories',16),(96,'Liverpool Club Scarf',234.99,'Adidas','2019/20','Accessories',4),(97,'New Balance Future 7 FG',84.99,'New Balance','2021/22','Footwear',10),(98,'Inter Miami Away Jersey 2023/24',85.99,'Authentic XI','2023/24','Jersey',14),(99,'Arsenal Third Jersey 2021/22',12.99,'Adidas','2021/22','Jersey',7),(100,'Real Madrid Home Jersey 2013/14',154.99,'Adidas','2013/14','Jersey',20),(101,'Umbro Phantom GX 2 FG',45.99,'Umbro','2022/23','Footwear',8),(102,'PSG Captain\'s Armband',187.99,'Umbro','2024/25','Accessories',17),(103,'Authentic XI Future 7 AG',32.99,'Authentic XI','2024/25','Footwear',18),(104,'Nike Speedportal.1',133.99,'Nike','2013/14','Footwear',7),(105,'LA Galaxy Retro Jersey 2016/17',161.99,'Authentic XI','2016/17','Jersey',20),(106,'Inter Miami Pin Badge Set',224.99,'Authentic XI','2019/20','Accessories',7),(107,'Puma Future 7 AG',100.99,'Puma','2024/25','Footwear',19),(108,'Puma Speedportal.1',204.99,'Puma','2019/20','Footwear',2),(109,'Manchester United Home Jersey 2016/17',130.99,'Puma','2016/17','Jersey',15),(110,'LA Galaxy Shin Guards',44.99,'Umbro','2013/14','Accessories',20),(111,'New Balance Phantom GX 2 FG',113.99,'New Balance','2016/17','Footwear',9),(112,'Nike Future 7 AG',65.99,'Nike','2022/23','Footwear',18),(113,'LA Galaxy Pin Badge Set',226.99,'Umbro','2023/24','Accessories',17),(114,'Manchester United Water Bottle',20.99,'Puma','2024/25','Accessories',1),(115,'Barcelona Shin Guards',140.99,'Authentic XI','2021/22','Accessories',11),(116,'Barcelona Away Jersey 2019/20',170.99,'Umbro','2019/20','Jersey',12),(117,'Liverpool Away Jersey 2016/17',188.99,'New Balance','2016/17','Jersey',4),(118,'Manchester United Training Ball',226.99,'New Balance','2023/24','Accessories',3),(119,'Barcelona Retro Jersey 2016/17',145.99,'Mizuno','2016/17','Jersey',3),(120,'Barcelona Third Jersey 2024/25',29.99,'Puma','2024/25','Jersey',18),(121,'Manchester United Home Jersey 2022/23',51.99,'Nike','2022/23','Jersey',16),(122,'Barcelona Third Jersey 2024/25',242.99,'Nike','2024/25','Jersey',2),(123,'Adidas Future 7 FG',97.99,'Adidas','2022/23','Footwear',16),(124,'LA Galaxy Away Jersey 2019/20',231.99,'Nike','2019/20','Jersey',16),(125,'Barcelona Training Ball',99.99,'Authentic XI','2013/14','Accessories',6),(126,'Juventus Club Scarf',42.99,'Nike','2023/24','Accessories',7),(127,'Liverpool Retro Jersey 2019/20',20.99,'New Balance','2019/20','Jersey',5),(128,'Liverpool Retro Jersey 2022/23',164.99,'Adidas','2022/23','Jersey',20),(129,'Chelsea Away Jersey 2022/23',22.99,'New Balance','2022/23','Jersey',2),(130,'LA Galaxy Retro Jersey 2016/17',201.99,'Mizuno','2016/17','Jersey',19),(131,'Puma Copa Pure',127.99,'Puma','2024/25','Footwear',8),(132,'Real Madrid Training Ball',60.99,'Mizuno','2021/22','Accessories',1),(133,'Arsenal Wristband Set',203.99,'Puma','2016/17','Accessories',3),(134,'Mizuno Phantom GX 2 FG',222.99,'Mizuno','2016/17','Footwear',6),(135,'Authentic XI Future 7 FG',201.99,'Authentic XI','2024/25','Footwear',1),(136,'LA Galaxy Key Ring',121.99,'Nike','2021/22','Accessories',15),(137,'Liverpool Club Scarf',58.99,'Mizuno','2022/23','Accessories',17),(138,'Barcelona Training Ball',11.99,'New Balance','2023/24','Accessories',7),(139,'Chelsea Away Jersey 2024/25',216.99,'Umbro','2024/25','Jersey',14),(140,'Manchester United Pin Badge Set',177.99,'Mizuno','2021/22','Accessories',4),(141,'Juventus Training Ball',104.99,'Nike','2019/20','Accessories',19),(142,'PSG Retro Jersey 2021/22',146.99,'Adidas','2021/22','Jersey',4),(143,'Nike Speedportal.1',195.99,'Nike','2013/14','Footwear',6),(144,'PSG Club Scarf',43.99,'Umbro','2023/24','Accessories',19),(145,'LA Galaxy Training Ball',197.99,'Adidas','2022/23','Accessories',5),(146,'Nike Phantom GX 2 FG',215.99,'Nike','2013/14','Footwear',13),(147,'Bayern Munich Home Jersey 2024/25',220.99,'New Balance','2024/25','Jersey',6),(148,'Manchester United Shin Guards',13.99,'Nike','2024/25','Accessories',9),(149,'Manchester United Home Jersey 2024/25',64.99,'Adidas','2024/25','Jersey',18),(150,'Bayern Munich Wristband Set',171.99,'Nike','2019/20','Accessories',11),(151,'Barcelona Captain\'s Armband',177.99,'Mizuno','2022/23','Accessories',1),(152,'Umbro Phantom GX 2 FG',159.99,'Umbro','2016/17','Footwear',3),(153,'Juventus Home Jersey 2024/25',242.99,'Nike','2024/25','Jersey',9),(154,'Nike Speedportal.1',185.99,'Nike','2019/20','Footwear',3),(155,'Puma Copa Pure',228.99,'Puma','2019/20','Footwear',1),(156,'Barcelona Away Jersey 2021/22',128.99,'Nike','2021/22','Jersey',14),(157,'Inter Miami Home Jersey 2024/25',246.99,'Authentic XI','2024/25','Jersey',10),(158,'Man City Home Jersey 2022/23',126.99,'Adidas','2022/23','Jersey',4),(159,'Puma Future 7 AG',190.99,'Puma','2019/20','Footwear',16),(160,'Barcelona Training Ball',33.99,'Puma','2016/17','Accessories',17),(161,'Liverpool Away Jersey 2024/25',19.99,'Nike','2024/25','Jersey',13),(162,'Juventus Away Jersey 2013/14',131.99,'Mizuno','2013/14','Jersey',8),(163,'Liverpool Home Jersey 2016/17',56.99,'Nike','2016/17','Jersey',5),(164,'Manchester United Club Scarf',190.99,'Nike','2023/24','Accessories',9),(165,'Chelsea Away Jersey 2016/17',130.99,'Nike','2016/17','Jersey',7),(166,'Manchester United Club Scarf',18.99,'Umbro','2024/25','Accessories',2),(167,'Chelsea Pin Badge Set',105.99,'Authentic XI','2013/14','Accessories',13),(168,'Adidas Speedportal.1',56.99,'Adidas','2023/24','Footwear',12),(169,'Authentic XI Copa Pure',13.99,'Authentic XI','2023/24','Footwear',6),(170,'Nike Phantom GX 2 FG',112.99,'Nike','2023/24','Footwear',13),(171,'LA Galaxy Home Jersey 2016/17',157.99,'New Balance','2016/17','Jersey',9),(172,'Man City Key Ring',136.99,'Authentic XI','2022/23','Accessories',11),(173,'Bayern Munich Training Ball',237.99,'New Balance','2021/22','Accessories',18),(174,'Arsenal Training Ball',161.99,'Puma','2016/17','Accessories',19),(175,'Mizuno Phantom GX 2 FG',221.99,'Mizuno','2019/20','Footwear',18),(176,'Chelsea Training Ball',52.99,'New Balance','2019/20','Accessories',12),(177,'Umbro Future 7 AG',201.99,'Umbro','2023/24','Footwear',18),(178,'Bayern Munich Away Jersey 2021/22',10.99,'Nike','2021/22','Jersey',9),(179,'New Balance Future 7 AG',126.99,'New Balance','2019/20','Footwear',14),(180,'LA Galaxy Home Jersey 2016/17',186.99,'New Balance','2016/17','Jersey',7),(181,'Nike Future 7 AG',165.99,'Nike','2021/22','Footwear',4),(182,'Real Madrid Retro Jersey 2021/22',161.99,'Umbro','2021/22','Jersey',4),(183,'Adidas Speedportal.1',17.99,'Adidas','2013/14','Footwear',6),(184,'Adidas Future 7 AG',78.99,'Adidas','2019/20','Footwear',19),(185,'Juventus Retro Jersey 2023/24',54.99,'New Balance','2023/24','Jersey',10),(186,'Chelsea Away Jersey 2016/17',112.99,'Nike','2016/17','Jersey',17),(187,'Inter Miami Club Scarf',249.99,'New Balance','2019/20','Accessories',13),(188,'Juventus Club Scarf',215.99,'Puma','2013/14','Accessories',20),(189,'Umbro Copa Pure',54.99,'Umbro','2013/14','Footwear',1),(190,'Adidas Copa Pure',199.99,'Adidas','2024/25','Footwear',13),(191,'Real Madrid Pin Badge Set',203.99,'Puma','2016/17','Accessories',8),(192,'Umbro Future 7 FG',248.99,'Umbro','2023/24','Footwear',17),(193,'Liverpool Away Jersey 2016/17',97.99,'Adidas','2016/17','Jersey',1),(194,'Real Madrid Training Ball',94.99,'Mizuno','2019/20','Accessories',17),(195,'Man City Pin Badge Set',61.99,'Umbro','2016/17','Accessories',17),(196,'Chelsea Water Bottle',26.99,'Adidas','2021/22','Accessories',2),(197,'Puma Future 7 AG',69.99,'Puma','2022/23','Footwear',12),(198,'Arsenal Third Jersey 2023/24',211.99,'Authentic XI','2023/24','Jersey',12),(199,'Liverpool Key Ring',47.99,'Nike','2013/14','Accessories',13),(200,'Authentic XI Speedportal.1',152.99,'Authentic XI','2013/14','Footwear',9),(201,'Mizuno Speedportal.1',244.99,'Mizuno','2021/22','Footwear',3),(202,'Man City Wristband Set',192.99,'Puma','2024/25','Accessories',10),(203,'Juventus Retro Jersey 2013/14',226.99,'Nike','2013/14','Jersey',19),(204,'Juventus Training Ball',99.99,'New Balance','2019/20','Accessories',3),(205,'Nike Future 7 FG',157.99,'Nike','2016/17','Footwear',3),(206,'Real Madrid Retro Jersey 2019/20',146.99,'Nike','2019/20','Jersey',17),(207,'LA Galaxy Third Jersey 2023/24',136.99,'Nike','2023/24','Jersey',6),(208,'Mizuno Copa Pure',142.99,'Mizuno','2021/22','Footwear',13),(209,'Real Madrid Captain\'s Armband',187.99,'Authentic XI','2013/14','Accessories',16),(210,'Nike Copa Pure',205.99,'Nike','2019/20','Footwear',3),(211,'Inter Miami Training Ball',79.99,'Adidas','2021/22','Accessories',12),(212,'Arsenal Home Jersey 2019/20',10.99,'Nike','2019/20','Jersey',1),(213,'Mizuno Copa Pure',194.99,'Mizuno','2019/20','Footwear',13),(214,'Chelsea Third Jersey 2016/17',126.99,'Puma','2016/17','Jersey',12),(215,'Nike Phantom GX 2 FG',161.99,'Nike','2016/17','Footwear',13),(216,'Barcelona Water Bottle',118.99,'Nike','2021/22','Accessories',17),(217,'Authentic XI Phantom GX 2 FG',249.99,'Authentic XI','2023/24','Footwear',19),(218,'Manchester United Mini Pennant',43.99,'Umbro','2021/22','Accessories',11),(219,'Inter Miami Training Ball',225.99,'Puma','2016/17','Accessories',17),(220,'Umbro Phantom GX 2 FG',88.99,'Umbro','2016/17','Footwear',14),(221,'Inter Miami Retro Jersey 2021/22',181.99,'Puma','2021/22','Jersey',8),(222,'Liverpool Mini Pennant',124.99,'New Balance','2016/17','Accessories',15),(223,'Real Madrid Away Jersey 2022/23',47.99,'Mizuno','2022/23','Jersey',4),(224,'Umbro Future 7 FG',126.99,'Umbro','2016/17','Footwear',3),(225,'Nike Phantom GX 2 FG',25.99,'Nike','2019/20','Footwear',20),(226,'New Balance Future 7 FG',195.99,'New Balance','2019/20','Footwear',14),(227,'Adidas Future 7 FG',104.99,'Adidas','2023/24','Footwear',2),(228,'Arsenal Pin Badge Set',167.99,'Puma','2016/17','Accessories',14),(229,'Chelsea Third Jersey 2022/23',221.99,'New Balance','2022/23','Jersey',20),(230,'New Balance Future 7 FG',140.99,'New Balance','2023/24','Footwear',7),(231,'Arsenal Key Ring',134.99,'Authentic XI','2021/22','Accessories',7),(232,'Bayern Munich Pin Badge Set',92.99,'Adidas','2021/22','Accessories',1),(233,'Authentic XI Future 7 FG',99.99,'Authentic XI','2013/14','Footwear',6),(234,'Chelsea Water Bottle',141.99,'New Balance','2024/25','Accessories',6),(235,'Manchester United Pin Badge Set',164.99,'Mizuno','2023/24','Accessories',10),(236,'Bayern Munich Home Jersey 2024/25',238.99,'Umbro','2024/25','Jersey',5),(237,'Nike Copa Pure',97.99,'Nike','2021/22','Footwear',2),(238,'Barcelona Wristband Set',59.99,'Mizuno','2019/20','Accessories',11),(239,'Man City Away Jersey 2022/23',105.99,'Puma','2022/23','Jersey',19),(240,'Liverpool Home Jersey 2021/22',108.99,'Mizuno','2021/22','Jersey',9),(241,'Nike Copa Pure',40.99,'Nike','2013/14','Footwear',13),(242,'Juventus Retro Jersey 2013/14',130.99,'Puma','2013/14','Jersey',9),(243,'Man City Retro Jersey 2023/24',229.99,'Nike','2023/24','Jersey',2),(244,'Juventus Key Ring',114.99,'Mizuno','2022/23','Accessories',7),(245,'Barcelona Pin Badge Set',96.99,'Puma','2019/20','Accessories',14),(246,'Liverpool Away Jersey 2016/17',62.99,'Puma','2016/17','Jersey',13),(247,'Man City Home Jersey 2021/22',64.99,'New Balance','2021/22','Jersey',6),(248,'Bayern Munich Home Jersey 2021/22',231.99,'Umbro','2021/22','Jersey',12),(249,'Bayern Munich Training Ball',174.99,'Umbro','2023/24','Accessories',1),(250,'Manchester United Home Jersey 2024/25',119.99,'Adidas','2024/25','Jersey',17),(251,'Man City Key Ring',68.99,'Nike','2021/22','Accessories',17),(252,'Adidas Future 7 AG',231.99,'Adidas','2021/22','Footwear',11),(253,'Manchester United Home Jersey 2016/17',104.99,'Authentic XI','2016/17','Jersey',7),(254,'Adidas Future 7 AG',36.99,'Adidas','2013/14','Footwear',10),(255,'Mizuno Copa Pure',89.99,'Mizuno','2021/22','Footwear',9),(256,'Real Madrid Third Jersey 2022/23',233.99,'Umbro','2022/23','Jersey',12),(257,'Bayern Munich Retro Jersey 2024/25',218.99,'New Balance','2024/25','Jersey',1),(258,'Mizuno Future 7 AG',50.99,'Mizuno','2016/17','Footwear',13),(259,'PSG Mini Pennant',169.99,'Nike','2022/23','Accessories',7),(260,'Man City Captain\'s Armband',225.99,'Authentic XI','2024/25','Accessories',6),(261,'Real Madrid Away Jersey 2021/22',208.99,'Adidas','2021/22','Jersey',4),(262,'Mizuno Speedportal.1',142.99,'Mizuno','2013/14','Footwear',17),(263,'Arsenal Club Scarf',215.99,'Puma','2021/22','Accessories',10),(264,'Bayern Munich Third Jersey 2024/25',220.99,'Puma','2024/25','Jersey',1),(265,'Liverpool Away Jersey 2021/22',178.99,'Nike','2021/22','Jersey',17),(266,'Juventus Third Jersey 2024/25',138.99,'New Balance','2024/25','Jersey',7),(267,'Inter Miami Key Ring',91.99,'New Balance','2021/22','Accessories',9),(268,'Nike Copa Pure',97.99,'Nike','2021/22','Footwear',15),(269,'Authentic XI Phantom GX 2 FG',94.99,'Authentic XI','2019/20','Footwear',13),(270,'PSG Away Jersey 2016/17',88.99,'Umbro','2016/17','Jersey',1),(271,'Adidas Copa Pure',223.99,'Adidas','2023/24','Footwear',13),(272,'Juventus Third Jersey 2013/14',79.99,'Puma','2013/14','Jersey',10),(273,'LA Galaxy Third Jersey 2023/24',241.99,'Puma','2023/24','Jersey',20),(274,'Nike Future 7 AG',104.99,'Nike','2013/14','Footwear',1),(275,'Bayern Munich Away Jersey 2021/22',202.99,'Authentic XI','2021/22','Jersey',3),(276,'Real Madrid Retro Jersey 2016/17',51.99,'Umbro','2016/17','Jersey',14),(277,'Nike Copa Pure',114.99,'Nike','2019/20','Footwear',19),(278,'Inter Miami Home Jersey 2024/25',149.99,'Puma','2024/25','Jersey',8),(279,'New Balance Future 7 AG',116.99,'New Balance','2019/20','Footwear',6),(280,'Man City Home Jersey 2022/23',142.99,'Puma','2022/23','Jersey',6),(281,'PSG Pin Badge Set',125.99,'Puma','2016/17','Accessories',5),(282,'Chelsea Club Scarf',89.99,'Mizuno','2013/14','Accessories',13),(283,'Authentic XI Speedportal.1',241.99,'Authentic XI','2021/22','Footwear',1),(284,'Bayern Munich Captain\'s Armband',242.99,'Nike','2016/17','Accessories',17),(285,'Barcelona Pin Badge Set',18.99,'Nike','2013/14','Accessories',3),(286,'Man City Third Jersey 2016/17',105.99,'Umbro','2016/17','Jersey',10),(287,'Umbro Future 7 AG',135.99,'Umbro','2019/20','Footwear',14),(288,'Barcelona Wristband Set',118.99,'Adidas','2013/14','Accessories',16),(289,'Umbro Phantom GX 2 FG',197.99,'Umbro','2021/22','Footwear',6),(290,'Authentic XI Future 7 FG',94.99,'Authentic XI','2013/14','Footwear',17),(291,'Real Madrid Key Ring',43.99,'Authentic XI','2021/22','Accessories',17),(292,'Arsenal Away Jersey 2021/22',29.99,'Umbro','2021/22','Jersey',6),(293,'LA Galaxy Water Bottle',111.99,'Umbro','2023/24','Accessories',15),(294,'Nike Phantom GX 2 FG',61.99,'Nike','2016/17','Footwear',13),(295,'Umbro Future 7 AG',172.99,'Umbro','2013/14','Footwear',14),(296,'Barcelona Mini Pennant',121.99,'Mizuno','2019/20','Accessories',13),(297,'Inter Miami Away Jersey 2013/14',40.99,'Authentic XI','2013/14','Jersey',10),(298,'Man City Third Jersey 2019/20',118.99,'Authentic XI','2019/20','Jersey',17),(299,'Man City Club Scarf',199.99,'Puma','2023/24','Accessories',4),(300,'Real Madrid Pin Badge Set',16.99,'Authentic XI','2013/14','Accessories',14),(301,'Adidas Phantom GX 2 FG',71.99,'Adidas','2024/25','Footwear',6),(302,'Adidas Future 7 FG',24.99,'Adidas','2021/22','Footwear',4),(303,'Barcelona Away Jersey 2019/20',241.99,'Mizuno','2019/20','Jersey',12),(304,'Puma Copa Pure',227.99,'Puma','2013/14','Footwear',7),(305,'New Balance Speedportal.1',160.99,'New Balance','2013/14','Footwear',4),(306,'Man City Home Jersey 2013/14',64.99,'Adidas','2013/14','Jersey',14),(307,'Real Madrid Shin Guards',239.99,'Umbro','2021/22','Accessories',15),(308,'LA Galaxy Club Scarf',237.99,'Nike','2013/14','Accessories',7),(309,'Real Madrid Training Ball',243.99,'Adidas','2022/23','Accessories',4),(310,'Bayern Munich Club Scarf',12.99,'Authentic XI','2016/17','Accessories',13),(311,'PSG Captain\'s Armband',225.99,'Mizuno','2016/17','Accessories',6),(312,'LA Galaxy Third Jersey 2016/17',148.99,'New Balance','2016/17','Jersey',2),(313,'Real Madrid Third Jersey 2016/17',190.99,'Mizuno','2016/17','Jersey',3),(314,'Man City Third Jersey 2024/25',217.99,'Authentic XI','2024/25','Jersey',13),(315,'Barcelona Retro Jersey 2019/20',220.99,'New Balance','2019/20','Jersey',16),(316,'Arsenal Captain\'s Armband',115.99,'Puma','2021/22','Accessories',2),(317,'Inter Miami Mini Pennant',195.99,'Authentic XI','2024/25','Accessories',4),(318,'Puma Future 7 AG',226.99,'Puma','2016/17','Footwear',2),(319,'PSG Away Jersey 2016/17',48.99,'Umbro','2016/17','Jersey',8),(320,'Arsenal Key Ring',30.99,'Mizuno','2016/17','Accessories',12),(321,'Inter Miami Home Jersey 2022/23',245.99,'Adidas','2022/23','Jersey',7),(322,'Chelsea Shin Guards',142.99,'Mizuno','2016/17','Accessories',8),(323,'Authentic XI Phantom GX 2 FG',236.99,'Authentic XI','2019/20','Footwear',6),(324,'New Balance Speedportal.1',236.99,'New Balance','2019/20','Footwear',14),(325,'LA Galaxy Water Bottle',107.99,'Nike','2013/14','Accessories',3),(326,'Manchester United Third Jersey 2021/22',74.99,'New Balance','2021/22','Jersey',7),(327,'LA Galaxy Away Jersey 2019/20',116.99,'Adidas','2019/20','Jersey',7),(328,'Liverpool Shin Guards',139.99,'New Balance','2022/23','Accessories',17),(329,'Adidas Copa Pure',198.99,'Adidas','2013/14','Footwear',10),(330,'Umbro Speedportal.1',116.99,'Umbro','2024/25','Footwear',10),(331,'Authentic XI Future 7 FG',208.99,'Authentic XI','2023/24','Footwear',17),(332,'Manchester United Wristband Set',161.99,'Mizuno','2013/14','Accessories',2),(333,'Juventus Third Jersey 2021/22',161.99,'Adidas','2021/22','Jersey',15),(334,'Chelsea Pin Badge Set',120.99,'Mizuno','2013/14','Accessories',4),(335,'LA Galaxy Third Jersey 2016/17',69.99,'New Balance','2016/17','Jersey',5),(336,'Chelsea Third Jersey 2013/14',247.99,'Puma','2013/14','Jersey',14),(337,'Bayern Munich Retro Jersey 2023/24',135.99,'Authentic XI','2023/24','Jersey',2),(338,'Juventus Retro Jersey 2022/23',224.99,'Authentic XI','2022/23','Jersey',4),(339,'Barcelona Retro Jersey 2016/17',190.99,'Umbro','2016/17','Jersey',1),(340,'Inter Miami Wristband Set',97.99,'Mizuno','2013/14','Accessories',5),(341,'Adidas Speedportal.1',207.99,'Adidas','2016/17','Footwear',10),(342,'Barcelona Mini Pennant',198.99,'Umbro','2016/17','Accessories',2),(343,'Liverpool Training Ball',245.99,'Authentic XI','2023/24','Accessories',19),(344,'Umbro Speedportal.1',93.99,'Umbro','2021/22','Footwear',15),(345,'New Balance Copa Pure',38.99,'New Balance','2016/17','Footwear',5),(346,'Juventus Home Jersey 2016/17',194.99,'Nike','2016/17','Jersey',11),(347,'New Balance Future 7 FG',174.99,'New Balance','2023/24','Footwear',3),(348,'Nike Copa Pure',112.99,'Nike','2019/20','Footwear',18),(349,'Bayern Munich Third Jersey 2022/23',11.99,'Authentic XI','2022/23','Jersey',1),(350,'Puma Phantom GX 2 FG',47.99,'Puma','2023/24','Footwear',4),(351,'Manchester United Retro Jersey 2016/17',223.99,'Mizuno','2016/17','Jersey',20),(352,'Chelsea Pin Badge Set',106.99,'New Balance','2024/25','Accessories',4),(353,'Inter Miami Home Jersey 2023/24',143.99,'New Balance','2023/24','Jersey',15),(354,'Manchester United Water Bottle',147.99,'Nike','2024/25','Accessories',20),(355,'LA Galaxy Water Bottle',193.99,'Adidas','2023/24','Accessories',1),(356,'Nike Copa Pure',103.99,'Nike','2022/23','Footwear',16),(357,'Liverpool Club Scarf',110.99,'Adidas','2023/24','Accessories',13),(358,'Man City Home Jersey 2022/23',231.99,'Puma','2022/23','Jersey',12),(359,'Barcelona Water Bottle',103.99,'Puma','2021/22','Accessories',14),(360,'Real Madrid Third Jersey 2013/14',137.99,'Puma','2013/14','Jersey',9),(361,'Arsenal Wristband Set',39.99,'Authentic XI','2013/14','Accessories',3),(362,'PSG Wristband Set',129.99,'Authentic XI','2024/25','Accessories',8),(363,'LA Galaxy Captain\'s Armband',109.99,'Authentic XI','2024/25','Accessories',14),(364,'Puma Speedportal.1',217.99,'Puma','2016/17','Footwear',18),(365,'Mizuno Phantom GX 2 FG',54.99,'Mizuno','2024/25','Footwear',8),(366,'Umbro Phantom GX 2 FG',177.99,'Umbro','2023/24','Footwear',2),(367,'Man City Third Jersey 2019/20',32.99,'Authentic XI','2019/20','Jersey',10),(368,'New Balance Future 7 AG',249.99,'New Balance','2021/22','Footwear',6),(369,'Liverpool Third Jersey 2024/25',13.99,'Authentic XI','2024/25','Jersey',14),(370,'Juventus Home Jersey 2013/14',208.99,'New Balance','2013/14','Jersey',20),(371,'Umbro Future 7 FG',141.99,'Umbro','2013/14','Footwear',7),(372,'Manchester United Third Jersey 2019/20',72.99,'Nike','2019/20','Jersey',2),(373,'Barcelona Shin Guards',122.99,'Mizuno','2022/23','Accessories',15),(374,'LA Galaxy Away Jersey 2023/24',116.99,'Umbro','2023/24','Jersey',15),(375,'LA Galaxy Mini Pennant',92.99,'New Balance','2019/20','Accessories',1),(376,'Liverpool Shin Guards',163.99,'Puma','2019/20','Accessories',19),(377,'LA Galaxy Home Jersey 2016/17',158.99,'Mizuno','2016/17','Jersey',12),(378,'Mizuno Future 7 FG',28.99,'Mizuno','2022/23','Footwear',7),(379,'Man City Club Scarf',162.99,'New Balance','2023/24','Accessories',4),(380,'Real Madrid Water Bottle',22.99,'Nike','2021/22','Accessories',15),(381,'Adidas Future 7 AG',224.99,'Adidas','2024/25','Footwear',19),(382,'Manchester United Retro Jersey 2021/22',109.99,'New Balance','2021/22','Jersey',10),(383,'Manchester United Away Jersey 2022/23',198.99,'Adidas','2022/23','Jersey',4),(384,'Inter Miami Mini Pennant',120.99,'New Balance','2021/22','Accessories',8),(385,'Man City Pin Badge Set',73.99,'Mizuno','2024/25','Accessories',2),(386,'Real Madrid Shin Guards',167.99,'Puma','2019/20','Accessories',4),(387,'Liverpool Pin Badge Set',101.99,'New Balance','2022/23','Accessories',14),(388,'PSG Club Scarf',124.99,'Umbro','2024/25','Accessories',6),(389,'Arsenal Training Ball',139.99,'Adidas','2019/20','Accessories',1),(390,'LA Galaxy Pin Badge Set',206.99,'Puma','2021/22','Accessories',4),(391,'New Balance Copa Pure',52.99,'New Balance','2022/23','Footwear',6),(392,'Chelsea Away Jersey 2016/17',161.99,'New Balance','2016/17','Jersey',9),(393,'Real Madrid Retro Jersey 2013/14',86.99,'Nike','2013/14','Jersey',3),(394,'Mizuno Phantom GX 2 FG',58.99,'Mizuno','2024/25','Footwear',5),(395,'Liverpool Away Jersey 2016/17',67.99,'Mizuno','2016/17','Jersey',12),(396,'LA Galaxy Third Jersey 2021/22',181.99,'Authentic XI','2021/22','Jersey',19),(397,'LA Galaxy Pin Badge Set',159.99,'Umbro','2021/22','Accessories',16),(398,'Inter Miami Home Jersey 2013/14',30.99,'Adidas','2013/14','Jersey',2),(399,'Bayern Munich Third Jersey 2024/25',249.99,'Umbro','2024/25','Jersey',2),(400,'Adidas Phantom GX 2 FG',59.99,'Adidas','2021/22','Footwear',20),(401,'Nike Future 7 AG',120.99,'Nike','2021/22','Footwear',8),(402,'Arsenal Away Jersey 2021/22',124.99,'Adidas','2021/22','Jersey',9),(403,'Inter Miami Away Jersey 2019/20',126.99,'Puma','2019/20','Jersey',16),(404,'Umbro Phantom GX 2 FG',183.99,'Umbro','2016/17','Footwear',1),(405,'Arsenal Water Bottle',193.99,'Mizuno','2019/20','Accessories',18),(406,'PSG Away Jersey 2023/24',203.99,'New Balance','2023/24','Jersey',12),(407,'Chelsea Wristband Set',19.99,'Nike','2019/20','Accessories',13),(408,'Authentic XI Future 7 AG',237.99,'Authentic XI','2021/22','Footwear',2),(409,'Puma Phantom GX 2 FG',213.99,'Puma','2022/23','Footwear',10),(410,'Inter Miami Third Jersey 2019/20',226.99,'Nike','2019/20','Jersey',20),(411,'Umbro Future 7 FG',141.99,'Umbro','2016/17','Footwear',17),(412,'Chelsea Pin Badge Set',148.99,'Mizuno','2016/17','Accessories',4),(413,'Authentic XI Future 7 FG',234.99,'Authentic XI','2016/17','Footwear',20),(414,'Barcelona Home Jersey 2023/24',216.99,'New Balance','2023/24','Jersey',8),(415,'LA Galaxy Retro Jersey 2024/25',244.99,'Mizuno','2024/25','Jersey',2),(416,'Bayern Munich Retro Jersey 2016/17',220.99,'Nike','2016/17','Jersey',11),(417,'Juventus Captain\'s Armband',77.99,'Nike','2022/23','Accessories',3),(418,'Authentic XI Speedportal.1',76.99,'Authentic XI','2024/25','Footwear',7),(419,'Inter Miami Third Jersey 2023/24',60.99,'Nike','2023/24','Jersey',14),(420,'Puma Speedportal.1',171.99,'Puma','2016/17','Footwear',7),(421,'Arsenal Wristband Set',166.99,'Mizuno','2019/20','Accessories',18),(422,'Adidas Future 7 FG',131.99,'Adidas','2023/24','Footwear',2),(423,'Arsenal Club Scarf',134.99,'Umbro','2024/25','Accessories',16),(424,'Chelsea Water Bottle',127.99,'New Balance','2021/22','Accessories',20),(425,'Nike Future 7 FG',176.99,'Nike','2022/23','Footwear',5),(426,'Adidas Copa Pure',168.99,'Adidas','2024/25','Footwear',15),(427,'Manchester United Home Jersey 2024/25',79.99,'Mizuno','2024/25','Jersey',13),(428,'LA Galaxy Home Jersey 2019/20',236.99,'Authentic XI','2019/20','Jersey',1),(429,'Authentic XI Future 7 FG',44.99,'Authentic XI','2019/20','Footwear',18),(430,'Real Madrid Shin Guards',131.99,'New Balance','2024/25','Accessories',10),(431,'Manchester United Training Ball',129.99,'New Balance','2024/25','Accessories',5),(432,'Arsenal Club Scarf',56.99,'Authentic XI','2021/22','Accessories',15),(433,'Manchester United Third Jersey 2023/24',199.99,'Nike','2023/24','Jersey',5),(434,'Man City Mini Pennant',15.99,'Umbro','2016/17','Accessories',6),(435,'Inter Miami Away Jersey 2019/20',180.99,'Adidas','2019/20','Jersey',2),(436,'Inter Miami Water Bottle',145.99,'Authentic XI','2024/25','Accessories',11),(437,'Mizuno Speedportal.1',221.99,'Mizuno','2024/25','Footwear',11),(438,'Man City Away Jersey 2016/17',73.99,'Umbro','2016/17','Jersey',20),(439,'Inter Miami Away Jersey 2016/17',98.99,'Authentic XI','2016/17','Jersey',20),(440,'Arsenal Third Jersey 2024/25',211.99,'Nike','2024/25','Jersey',15),(441,'PSG Mini Pennant',89.99,'Umbro','2022/23','Accessories',20),(442,'Real Madrid Retro Jersey 2023/24',23.99,'New Balance','2023/24','Jersey',20),(443,'Inter Miami Third Jersey 2016/17',215.99,'Puma','2016/17','Jersey',19),(444,'Arsenal Third Jersey 2022/23',151.99,'Nike','2022/23','Jersey',18),(445,'Authentic XI Future 7 FG',20.99,'Authentic XI','2019/20','Footwear',5),(446,'Umbro Copa Pure',125.99,'Umbro','2023/24','Footwear',8),(447,'Manchester United Mini Pennant',155.99,'Authentic XI','2024/25','Accessories',1),(448,'Manchester United Third Jersey 2024/25',28.99,'Mizuno','2024/25','Jersey',11),(449,'Authentic XI Speedportal.1',131.99,'Authentic XI','2021/22','Footwear',13),(450,'Juventus Shin Guards',107.99,'New Balance','2021/22','Accessories',6),(451,'LA Galaxy Water Bottle',41.99,'New Balance','2022/23','Accessories',13),(452,'Bayern Munich Wristband Set',55.99,'Mizuno','2016/17','Accessories',9),(453,'Manchester United Retro Jersey 2021/22',142.99,'Adidas','2021/22','Jersey',6),(454,'Man City Mini Pennant',100.99,'New Balance','2023/24','Accessories',1),(455,'Man City Home Jersey 2024/25',73.99,'Authentic XI','2024/25','Jersey',4),(456,'New Balance Future 7 FG',235.99,'New Balance','2019/20','Footwear',17),(457,'LA Galaxy Mini Pennant',76.99,'Authentic XI','2019/20','Accessories',4),(458,'Inter Miami Third Jersey 2013/14',231.99,'Nike','2013/14','Jersey',1),(459,'New Balance Future 7 FG',124.99,'New Balance','2019/20','Footwear',5),(460,'Arsenal Retro Jersey 2013/14',227.99,'Adidas','2013/14','Jersey',2),(461,'Liverpool Pin Badge Set',51.99,'Nike','2023/24','Accessories',10),(462,'Arsenal Home Jersey 2024/25',27.99,'Puma','2024/25','Jersey',8),(463,'Man City Away Jersey 2013/14',132.99,'Puma','2013/14','Jersey',19),(464,'LA Galaxy Wristband Set',102.99,'Adidas','2022/23','Accessories',12),(465,'LA Galaxy Home Jersey 2016/17',25.99,'Mizuno','2016/17','Jersey',19),(466,'Inter Miami Away Jersey 2021/22',151.99,'Mizuno','2021/22','Jersey',15),(467,'Umbro Future 7 FG',233.99,'Umbro','2023/24','Footwear',8),(468,'PSG Home Jersey 2024/25',159.99,'Adidas','2024/25','Jersey',19),(469,'Juventus Club Scarf',158.99,'Puma','2024/25','Accessories',19),(470,'PSG Captain\'s Armband',150.99,'Puma','2021/22','Accessories',4),(471,'Inter Miami Retro Jersey 2024/25',32.99,'Authentic XI','2024/25','Jersey',19),(472,'PSG Retro Jersey 2019/20',112.99,'Authentic XI','2019/20','Jersey',15),(473,'Adidas Future 7 AG',130.99,'Adidas','2023/24','Footwear',7),(474,'LA Galaxy Home Jersey 2019/20',227.99,'Adidas','2019/20','Jersey',10),(475,'Nike Speedportal.1',86.99,'Nike','2023/24','Footwear',12),(476,'Real Madrid Shin Guards',163.99,'New Balance','2024/25','Accessories',19),(477,'Manchester United Key Ring',204.99,'Umbro','2021/22','Accessories',12),(478,'PSG Water Bottle',96.99,'Authentic XI','2019/20','Accessories',10),(479,'Authentic XI Speedportal.1',22.99,'Authentic XI','2022/23','Footwear',20),(480,'Manchester United Third Jersey 2023/24',60.99,'Authentic XI','2023/24','Jersey',2),(481,'Manchester United Away Jersey 2021/22',13.99,'Adidas','2021/22','Jersey',5),(482,'Real Madrid Water Bottle',11.99,'Nike','2024/25','Accessories',9),(483,'PSG Key Ring',55.99,'Authentic XI','2022/23','Accessories',12),(484,'LA Galaxy Club Scarf',69.99,'Mizuno','2019/20','Accessories',13),(485,'Puma Phantom GX 2 FG',230.99,'Puma','2022/23','Footwear',8),(486,'Man City Captain\'s Armband',60.99,'Umbro','2021/22','Accessories',7),(487,'Liverpool Away Jersey 2021/22',77.99,'Umbro','2021/22','Jersey',8),(488,'Real Madrid Third Jersey 2021/22',68.99,'Mizuno','2021/22','Jersey',2),(489,'Manchester United Mini Pennant',190.99,'New Balance','2013/14','Accessories',13),(490,'Mizuno Future 7 FG',224.99,'Mizuno','2019/20','Footwear',20),(491,'Bayern Munich Away Jersey 2022/23',70.99,'Nike','2022/23','Jersey',6),(492,'LA Galaxy Pin Badge Set',108.99,'Authentic XI','2019/20','Accessories',5),(493,'Liverpool Club Scarf',33.99,'Adidas','2019/20','Accessories',13),(494,'Liverpool Shin Guards',64.99,'Adidas','2019/20','Accessories',11),(495,'Mizuno Copa Pure',219.99,'Mizuno','2016/17','Footwear',5),(496,'Adidas Future 7 FG',88.99,'Adidas','2016/17','Footwear',13),(497,'Puma Phantom GX 2 FG',211.99,'Puma','2024/25','Footwear',19),(498,'Liverpool Home Jersey 2019/20',38.99,'Nike','2019/20','Jersey',20),(499,'LA Galaxy Away Jersey 2021/22',76.99,'Puma','2021/22','Jersey',13),(500,'Chelsea Captain\'s Armband',236.99,'Nike','2021/22','Accessories',14);
/*!40000 ALTER TABLE `Product` ENABLE KEYS */;
UNLOCK TABLES;

--
-- Table structure for table `Product_Vendor`
--

DROP TABLE IF EXISTS `Product_Vendor`;
/*!40101 SET @saved_cs_client     = @@character_set_client */;
/*!50503 SET character_set_client = utf8mb4 */;
CREATE TABLE `Product_Vendor` (
  `prod_vend_id` int(11) NOT NULL AUTO_INCREMENT,
  `prod_vend_price` decimal(10,2) NOT NULL,
  `prod_vend_date` date DEFAULT NULL,
  `vend_id` int(11) NOT NULL,
  `product_id` int(11) NOT NULL,
  PRIMARY KEY (`prod_vend_id`),
  KEY `vend_id` (`vend_id`),
  KEY `product_id` (`product_id`),
  CONSTRAINT `1` FOREIGN KEY (`vend_id`) REFERENCES `Vendor` (`vend_id`),
  CONSTRAINT `2` FOREIGN KEY (`product_id`) REFERENCES `Product` (`product_id`)
) ENGINE=InnoDB AUTO_INCREMENT=501 DEFAULT CHARSET=utf8mb4 COLLATE=utf8mb4_uca1400_ai_ci;
/*!40101 SET character_set_client = @saved_cs_client */;

--
-- Dumping data for table `Product_Vendor`
--

LOCK TABLES `Product_Vendor` WRITE;
/*!40000 ALTER TABLE `Product_Vendor` DISABLE KEYS */;
INSERT INTO `Product_Vendor` VALUES (1,54.00,'2024-07-01',2,1),(2,51.00,'2024-07-01',1,2),(3,54.00,'2024-07-01',1,3),(4,54.00,'2024-07-01',3,4),(5,54.00,'2024-07-01',2,5),(6,57.00,'2024-07-01',1,6),(7,57.00,'2024-07-01',2,7),(8,54.00,'2024-07-01',2,8),(9,57.00,'2024-07-01',1,9),(10,40.00,'2024-07-01',17,10),(11,138.00,'2024-07-01',1,11),(12,120.00,'2024-07-01',2,12),(13,108.00,'2024-07-01',3,13),(14,132.00,'2024-07-01',1,14),(15,96.00,'2024-07-01',2,15),(16,9.00,'2024-07-01',11,16),(17,8.00,'2024-07-01',2,17),(18,9.00,'2024-07-01',2,18),(19,7.50,'2024-07-01',1,19),(20,5.00,'2024-07-01',11,20),(21,24.51,'2022-07-22',18,21),(22,29.03,'2024-08-11',2,21),(23,137.75,'2023-03-10',3,22),(24,68.09,'2023-01-12',6,22),(25,15.50,'2024-08-15',9,23),(26,67.63,'2023-03-10',15,23),(27,14.03,'2022-12-27',11,24),(28,27.96,'2023-07-15',4,25),(29,60.00,'2024-01-26',12,26),(30,98.70,'2022-10-31',8,26),(31,27.25,'2023-07-08',4,27),(32,12.80,'2022-01-10',18,27),(33,123.75,'2024-05-02',10,28),(34,84.80,'2023-06-21',6,29),(35,114.72,'2023-07-06',4,30),(36,65.74,'2022-09-02',11,31),(37,64.22,'2023-06-02',10,32),(38,131.14,'2023-08-17',4,32),(39,96.62,'2023-03-30',6,33),(40,11.17,'2023-06-06',13,33),(41,98.61,'2024-01-06',15,34),(42,23.72,'2023-09-08',13,34),(43,93.81,'2022-12-08',7,35),(44,58.85,'2024-05-29',17,36),(45,12.30,'2023-04-17',18,36),(46,94.58,'2024-05-06',1,37),(47,131.72,'2024-09-20',8,37),(48,19.13,'2024-01-03',13,38),(49,81.10,'2023-09-10',4,38),(50,123.70,'2022-12-26',7,39),(51,80.68,'2023-01-05',5,40),(52,111.35,'2022-10-18',18,41),(53,104.17,'2022-01-23',16,41),(54,127.45,'2024-07-28',17,42),(55,147.71,'2024-07-13',6,43),(56,76.12,'2022-05-31',4,44),(57,48.72,'2023-05-14',17,44),(58,133.65,'2023-05-19',6,45),(59,100.51,'2023-06-11',12,45),(60,145.45,'2022-09-13',16,46),(61,147.49,'2022-01-22',5,47),(62,43.86,'2024-05-11',1,47),(63,129.65,'2024-09-06',11,48),(64,49.55,'2022-02-23',19,49),(65,35.93,'2024-09-10',8,50),(66,7.28,'2022-10-07',1,51),(67,139.66,'2023-12-26',7,52),(68,14.23,'2022-07-23',16,52),(69,107.97,'2022-08-06',14,53),(70,145.67,'2023-10-21',19,54),(71,10.11,'2024-07-29',5,54),(72,65.76,'2023-04-30',9,55),(73,122.12,'2023-11-14',14,56),(74,50.60,'2023-04-07',17,56),(75,58.75,'2023-02-03',17,57),(76,120.50,'2023-11-21',5,58),(77,49.44,'2022-11-18',18,58),(78,127.12,'2022-08-23',2,59),(79,35.25,'2024-03-28',6,59),(80,49.25,'2024-03-19',19,60),(81,142.40,'2023-07-05',18,61),(82,131.00,'2022-09-27',16,61),(83,32.15,'2023-11-29',15,62),(84,67.19,'2023-11-03',8,62),(85,14.19,'2022-02-04',7,63),(86,117.80,'2024-08-19',11,64),(87,144.05,'2023-06-13',8,65),(88,92.12,'2024-07-17',1,66),(89,7.93,'2023-05-26',2,67),(90,68.03,'2023-11-30',17,68),(91,51.93,'2023-01-13',1,68),(92,137.61,'2024-07-31',4,69),(93,9.21,'2024-09-07',10,70),(94,80.61,'2022-03-06',17,70),(95,74.62,'2023-05-29',16,71),(96,129.93,'2024-06-25',15,72),(97,15.97,'2022-12-14',1,72),(98,97.83,'2023-12-06',20,73),(99,92.05,'2024-06-04',8,73),(100,31.86,'2022-03-03',5,74),(101,44.67,'2024-04-14',9,75),(102,140.16,'2022-06-21',17,76),(103,21.65,'2023-12-19',4,77),(104,56.10,'2023-09-14',15,78),(105,140.83,'2023-10-08',14,79),(106,135.46,'2024-06-06',6,79),(107,104.97,'2024-02-03',8,80),(108,30.05,'2024-02-04',13,81),(109,44.39,'2022-08-06',18,81),(110,54.63,'2023-02-19',2,82),(111,145.31,'2022-05-22',13,82),(112,54.91,'2023-08-12',14,83),(113,5.48,'2024-07-30',13,83),(114,100.32,'2022-12-22',3,84),(115,106.14,'2023-05-30',13,84),(116,63.82,'2024-04-07',6,85),(117,120.94,'2023-01-07',11,85),(118,50.68,'2024-08-09',9,86),(119,125.78,'2023-06-20',5,86),(120,24.89,'2022-09-30',18,87),(121,9.59,'2022-09-12',8,87),(122,40.98,'2022-04-01',1,88),(123,114.67,'2024-02-22',6,88),(124,68.35,'2022-01-08',1,89),(125,41.08,'2022-03-17',19,90),(126,125.37,'2022-08-13',17,91),(127,116.13,'2024-07-14',16,92),(128,70.79,'2023-12-17',7,93),(129,122.10,'2023-04-27',18,94),(130,24.42,'2023-01-22',3,94),(131,77.47,'2024-07-05',7,95),(132,35.94,'2023-09-14',8,95),(133,63.32,'2023-07-09',11,96),(134,27.92,'2023-11-29',19,96),(135,84.59,'2024-08-25',11,97),(136,101.67,'2023-07-23',19,98),(137,20.23,'2023-01-07',6,98),(138,112.29,'2022-07-11',15,99),(139,103.26,'2023-12-16',16,100),(140,142.38,'2022-10-01',1,100),(141,25.26,'2022-04-25',1,101),(142,99.81,'2023-07-15',6,102),(143,99.91,'2024-04-19',3,102),(144,123.83,'2022-11-01',1,103),(145,104.00,'2024-09-20',20,104),(146,86.33,'2022-07-24',6,105),(147,69.40,'2023-05-07',3,105),(148,131.24,'2022-08-11',18,106),(149,53.43,'2022-01-03',12,106),(150,94.68,'2022-04-26',18,107),(151,53.36,'2023-01-08',8,107),(152,77.59,'2023-03-13',8,108),(153,142.50,'2023-06-15',18,108),(154,40.28,'2023-11-10',18,109),(155,114.99,'2023-03-23',2,109),(156,17.17,'2024-01-21',13,110),(157,8.37,'2022-09-16',16,110),(158,50.43,'2024-08-15',2,111),(159,36.26,'2022-11-02',10,111),(160,14.41,'2024-08-07',3,112),(161,76.35,'2022-12-21',8,112),(162,116.77,'2024-08-12',12,113),(163,119.36,'2022-01-22',2,113),(164,126.82,'2022-06-17',2,114),(165,74.05,'2022-03-29',17,114),(166,27.02,'2023-09-24',6,115),(167,107.59,'2024-09-25',13,116),(168,70.42,'2023-08-14',7,117),(169,25.00,'2023-09-10',1,118),(170,119.81,'2022-11-30',16,119),(171,8.40,'2023-09-20',12,120),(172,126.64,'2022-07-01',18,120),(173,25.55,'2024-01-28',20,121),(174,98.22,'2023-10-08',6,121),(175,142.30,'2023-08-20',17,122),(176,91.91,'2023-08-29',9,122),(177,149.19,'2024-08-10',1,123),(178,133.41,'2022-04-23',16,124),(179,104.23,'2024-07-18',13,124),(180,55.35,'2023-03-16',18,125),(181,28.83,'2024-06-20',5,126),(182,45.67,'2022-04-11',6,127),(183,25.74,'2024-02-12',6,128),(184,31.52,'2024-08-10',2,128),(185,142.54,'2022-01-07',11,129),(186,123.76,'2023-05-27',2,129),(187,82.16,'2022-01-21',19,130),(188,77.31,'2023-10-09',6,130),(189,113.48,'2023-07-10',13,131),(190,105.99,'2023-08-09',10,131),(191,48.91,'2024-01-15',1,132),(192,57.29,'2022-11-28',14,132),(193,146.97,'2023-08-20',16,133),(194,5.28,'2024-08-26',15,134),(195,26.65,'2024-08-27',20,134),(196,46.65,'2024-08-31',7,135),(197,30.22,'2023-04-29',4,135),(198,90.90,'2022-05-10',15,136),(199,139.40,'2024-03-17',19,137),(200,96.07,'2022-10-17',4,137),(201,42.65,'2022-10-17',8,138),(202,27.82,'2024-01-27',2,138),(203,37.16,'2024-06-13',17,139),(204,7.86,'2022-03-20',5,140),(205,39.95,'2024-02-02',10,140),(206,6.02,'2024-08-11',19,141),(207,40.33,'2022-09-01',10,141),(208,100.82,'2022-12-16',10,142),(209,141.70,'2022-10-26',3,143),(210,125.15,'2023-04-05',6,143),(211,26.95,'2023-01-05',3,144),(212,89.97,'2024-07-28',17,145),(213,31.26,'2024-08-19',8,146),(214,66.12,'2022-05-24',10,147),(215,116.29,'2022-06-06',19,147),(216,104.91,'2024-04-16',9,148),(217,17.37,'2023-09-11',17,148),(218,59.84,'2022-11-22',10,149),(219,75.07,'2022-03-28',19,150),(220,107.31,'2024-08-30',12,150),(221,136.38,'2023-05-30',17,151),(222,26.52,'2022-03-05',7,152),(223,57.81,'2023-06-09',9,153),(224,111.25,'2023-07-09',19,153),(225,22.02,'2024-07-09',7,154),(226,99.29,'2023-11-14',19,155),(227,125.25,'2023-04-03',15,155),(228,48.82,'2024-08-20',14,156),(229,132.07,'2022-07-24',3,156),(230,93.14,'2024-06-11',13,157),(231,41.25,'2023-04-21',14,157),(232,105.12,'2022-03-14',9,158),(233,20.80,'2024-06-27',3,159),(234,112.69,'2024-01-27',11,159),(235,90.62,'2023-03-06',6,160),(236,37.38,'2023-12-10',15,161),(237,47.16,'2023-11-26',7,161),(238,141.82,'2023-01-31',20,162),(239,124.34,'2022-03-04',19,163),(240,66.57,'2024-06-05',12,163),(241,72.95,'2022-06-11',8,164),(242,105.51,'2023-05-10',2,164),(243,57.90,'2023-09-20',20,165),(244,149.69,'2023-09-06',1,165),(245,11.41,'2022-08-30',4,166),(246,69.27,'2023-01-17',3,166),(247,70.12,'2022-08-27',9,167),(248,25.28,'2022-07-04',18,167),(249,128.19,'2022-04-13',10,168),(250,81.51,'2022-06-18',4,168),(251,85.22,'2023-06-02',13,169),(252,106.87,'2022-04-19',5,169),(253,143.38,'2022-07-29',12,170),(254,7.21,'2022-01-28',14,170),(255,109.57,'2024-03-11',5,171),(256,105.70,'2024-05-26',5,172),(257,20.31,'2023-07-07',4,172),(258,111.89,'2023-09-06',18,173),(259,46.38,'2023-08-12',20,173),(260,52.04,'2024-05-10',7,174),(261,95.27,'2022-04-14',9,175),(262,31.86,'2023-01-26',20,175),(263,80.57,'2022-04-11',17,176),(264,110.65,'2022-02-24',8,177),(265,102.55,'2023-08-04',1,178),(266,111.15,'2022-06-02',15,179),(267,135.77,'2023-05-08',1,179),(268,14.98,'2022-12-23',18,180),(269,146.75,'2023-10-13',3,181),(270,61.06,'2024-01-19',15,182),(271,41.86,'2024-05-26',11,183),(272,138.31,'2022-03-26',10,184),(273,105.30,'2024-06-18',1,185),(274,100.58,'2023-07-31',9,186),(275,10.15,'2022-05-15',11,187),(276,34.93,'2023-10-23',19,187),(277,41.81,'2022-03-20',8,188),(278,114.53,'2024-01-12',18,189),(279,15.21,'2022-10-06',16,190),(280,25.97,'2024-03-04',13,190),(281,133.57,'2022-05-17',6,191),(282,18.13,'2023-11-05',16,192),(283,135.62,'2023-09-13',5,192),(284,136.71,'2022-03-12',18,193),(285,143.11,'2022-03-12',19,194),(286,91.02,'2022-12-23',11,194),(287,135.68,'2023-04-07',18,195),(288,146.78,'2023-05-12',15,196),(289,149.55,'2022-01-05',7,196),(290,101.70,'2024-05-23',5,197),(291,33.02,'2022-05-13',4,198),(292,83.57,'2024-08-15',20,199),(293,9.30,'2024-06-05',13,199),(294,69.96,'2022-11-20',10,200),(295,97.03,'2024-04-08',6,200),(296,36.95,'2024-09-17',9,201),(297,90.91,'2022-01-30',19,201),(298,82.84,'2022-09-10',13,202),(299,80.69,'2024-05-21',10,203),(300,149.40,'2023-09-24',14,204),(301,118.05,'2022-09-29',13,205),(302,98.49,'2022-02-02',2,206),(303,104.10,'2023-07-13',20,207),(304,38.83,'2024-02-07',13,208),(305,144.12,'2024-02-10',9,208),(306,81.14,'2022-08-14',8,209),(307,66.52,'2023-03-10',1,209),(308,125.07,'2022-01-18',4,210),(309,62.24,'2023-02-23',13,211),(310,23.90,'2023-08-11',17,212),(311,93.55,'2024-03-12',20,212),(312,8.21,'2024-05-14',8,213),(313,112.15,'2023-06-02',3,213),(314,57.16,'2022-03-28',13,214),(315,15.03,'2023-10-01',8,215),(316,27.77,'2022-04-09',4,215),(317,43.02,'2023-05-21',16,216),(318,93.27,'2024-02-13',19,216),(319,45.59,'2022-12-07',16,217),(320,64.18,'2023-11-17',12,218),(321,84.86,'2022-04-26',5,219),(322,58.06,'2022-10-08',4,219),(323,91.19,'2022-08-17',16,220),(324,137.89,'2022-09-10',1,220),(325,136.26,'2024-08-24',20,221),(326,85.75,'2022-12-27',3,222),(327,40.80,'2024-07-17',19,223),(328,27.19,'2022-04-06',17,223),(329,82.56,'2022-09-01',19,224),(330,90.51,'2024-07-09',7,224),(331,135.59,'2024-03-15',2,225),(332,110.28,'2024-06-01',18,226),(333,52.86,'2022-10-23',20,226),(334,36.20,'2023-05-03',13,227),(335,73.70,'2022-08-15',6,228),(336,19.26,'2022-12-20',8,228),(337,148.37,'2023-02-20',2,229),(338,67.50,'2023-08-29',14,230),(339,118.77,'2022-07-29',20,230),(340,52.49,'2022-12-22',19,231),(341,98.84,'2022-01-09',8,231),(342,32.02,'2022-04-15',12,232),(343,90.52,'2024-01-05',2,232),(344,49.69,'2022-04-26',3,233),(345,35.06,'2024-06-11',12,234),(346,7.58,'2024-09-04',19,235),(347,44.51,'2024-08-16',14,235),(348,49.41,'2022-02-26',9,236),(349,144.74,'2023-01-05',8,237),(350,81.95,'2024-07-04',10,237),(351,129.49,'2023-01-21',13,238),(352,103.08,'2024-04-23',8,238),(353,47.23,'2024-01-02',11,239),(354,26.57,'2022-05-05',20,239),(355,147.20,'2024-04-28',14,240),(356,106.65,'2024-09-23',8,241),(357,142.84,'2024-09-21',4,241),(358,86.72,'2022-07-03',12,242),(359,134.84,'2022-06-13',2,243),(360,60.96,'2022-05-02',5,243),(361,130.44,'2022-08-30',13,244),(362,124.70,'2022-06-04',19,245),(363,73.69,'2024-08-09',2,246),(364,61.93,'2022-10-19',20,246),(365,12.36,'2023-11-04',12,247),(366,45.91,'2022-06-27',20,247),(367,149.57,'2023-02-22',11,248),(368,62.07,'2024-08-10',7,248),(369,54.54,'2024-03-22',7,249),(370,7.39,'2024-03-12',5,250),(371,48.08,'2024-01-10',9,250),(372,75.63,'2024-01-06',16,251),(373,34.45,'2022-09-18',1,252),(374,106.50,'2023-11-10',5,252),(375,39.31,'2022-07-15',8,253),(376,82.67,'2023-02-15',9,253),(377,85.52,'2023-01-29',8,254),(378,144.17,'2022-06-13',5,255),(379,111.51,'2024-04-29',1,255),(380,78.65,'2022-10-30',5,256),(381,19.36,'2022-08-29',5,257),(382,72.60,'2022-02-05',9,258),(383,116.46,'2024-07-09',18,258),(384,108.98,'2022-09-10',14,259),(385,114.25,'2024-07-24',9,259),(386,60.55,'2023-11-26',12,260),(387,129.18,'2022-06-01',18,260),(388,6.40,'2022-06-03',12,261),(389,71.19,'2024-04-24',12,262),(390,38.54,'2024-01-11',13,263),(391,88.81,'2022-04-30',15,264),(392,84.84,'2023-03-18',2,265),(393,118.64,'2024-04-09',10,266),(394,33.12,'2024-01-17',3,267),(395,70.01,'2022-08-23',6,268),(396,114.40,'2022-03-26',5,268),(397,68.67,'2024-06-08',5,269),(398,115.88,'2024-07-31',20,269),(399,122.79,'2023-08-26',8,270),(400,138.87,'2023-10-27',10,270),(401,30.82,'2023-09-04',12,271),(402,43.95,'2023-09-21',7,272),(403,20.06,'2022-12-09',8,272),(404,18.03,'2024-05-06',2,273),(405,71.00,'2023-07-12',14,273),(406,58.38,'2023-06-10',13,274),(407,61.79,'2023-12-06',9,275),(408,61.28,'2024-06-16',5,276),(409,81.99,'2023-10-23',6,276),(410,35.11,'2022-03-06',1,277),(411,93.28,'2023-02-05',13,278),(412,43.00,'2022-03-14',9,278),(413,49.47,'2022-12-06',20,279),(414,91.13,'2022-02-05',15,279),(415,74.04,'2024-02-14',1,280),(416,30.53,'2023-12-09',11,280),(417,129.83,'2024-03-10',2,281),(418,100.61,'2023-05-10',13,282),(419,37.42,'2024-05-13',8,283),(420,21.63,'2023-10-18',2,283),(421,57.16,'2024-08-29',9,284),(422,137.41,'2023-06-23',13,285),(423,113.75,'2024-04-16',17,285),(424,92.63,'2023-09-26',5,286),(425,92.64,'2023-04-24',10,286),(426,22.55,'2022-06-30',7,287),(427,35.25,'2023-02-20',7,288),(428,126.39,'2024-03-05',2,289),(429,36.28,'2024-09-15',2,290),(430,32.03,'2022-03-24',1,291),(431,10.90,'2023-12-02',15,292),(432,5.67,'2022-12-22',19,292),(433,76.87,'2023-12-04',9,293),(434,126.86,'2024-08-06',6,293),(435,144.90,'2022-02-22',11,294),(436,20.82,'2022-06-09',7,294),(437,124.80,'2022-06-09',9,295),(438,116.02,'2024-08-23',2,295),(439,86.35,'2023-01-25',1,296),(440,26.25,'2024-07-22',5,297),(441,18.63,'2022-09-30',13,298),(442,38.86,'2024-09-01',12,298),(443,82.56,'2024-06-23',1,299),(444,119.71,'2023-07-21',9,300),(445,116.26,'2023-03-31',19,300),(446,102.30,'2023-08-31',3,301),(447,33.23,'2024-04-29',19,302),(448,144.38,'2023-11-20',4,303),(449,109.20,'2024-09-17',7,304),(450,103.18,'2024-06-26',14,305),(451,54.25,'2022-02-09',7,305),(452,46.86,'2022-03-28',8,306),(453,134.43,'2022-08-26',5,307),(454,146.53,'2024-01-05',2,307),(455,5.57,'2023-11-02',19,308),(456,124.47,'2024-03-24',13,309),(457,58.43,'2023-02-15',1,309),(458,40.04,'2022-11-30',16,310),(459,36.00,'2023-05-14',13,310),(460,36.24,'2022-08-02',17,311),(461,59.63,'2023-06-04',8,311),(462,53.71,'2024-04-09',11,312),(463,70.83,'2022-07-28',5,313),(464,21.81,'2024-06-18',1,314),(465,53.55,'2024-09-21',9,314),(466,104.45,'2024-05-31',4,315),(467,74.32,'2023-08-02',6,315),(468,112.33,'2022-06-26',2,316),(469,75.66,'2023-01-23',17,317),(470,48.67,'2022-04-28',16,317),(471,135.05,'2022-10-03',18,318),(472,34.14,'2022-02-12',14,319),(473,25.42,'2023-10-17',12,320),(474,132.16,'2023-11-08',14,320),(475,111.82,'2024-01-09',7,321),(476,44.09,'2024-01-17',19,321),(477,36.64,'2023-03-20',9,322),(478,149.58,'2022-12-10',17,323),(479,22.50,'2023-11-19',20,324),(480,149.51,'2024-06-16',7,324),(481,103.26,'2022-09-28',14,325),(482,82.62,'2023-03-02',13,326),(483,136.64,'2022-05-17',1,327),(484,114.88,'2023-02-06',14,328),(485,133.39,'2022-04-25',5,329),(486,120.42,'2022-11-09',19,329),(487,31.94,'2023-09-27',13,330),(488,42.77,'2024-06-27',12,330),(489,38.01,'2023-01-16',4,331),(490,142.70,'2022-09-09',11,332),(491,63.80,'2022-11-10',2,333),(492,37.95,'2024-02-20',8,333),(493,116.21,'2023-08-11',16,334),(494,116.86,'2023-07-18',1,335),(495,144.13,'2022-07-17',10,336),(496,125.91,'2022-09-20',6,336),(497,46.89,'2022-08-22',15,337),(498,120.08,'2024-03-14',10,337),(499,88.08,'2022-05-05',3,338),(500,55.13,'2022-03-21',9,338);
/*!40000 ALTER TABLE `Product_Vendor` ENABLE KEYS */;
UNLOCK TABLES;

--
-- Table structure for table `Sales_Channel`
--

DROP TABLE IF EXISTS `Sales_Channel`;
/*!40101 SET @saved_cs_client     = @@character_set_client */;
/*!50503 SET character_set_client = utf8mb4 */;
CREATE TABLE `Sales_Channel` (
  `channel_id` int(11) NOT NULL AUTO_INCREMENT,
  `chl_name` varchar(100) NOT NULL,
  `chl_region` varchar(100) DEFAULT NULL,
  `chl_status` varchar(20) NOT NULL DEFAULT 'Active',
  `chl_date` date DEFAULT NULL,
  PRIMARY KEY (`channel_id`)
) ENGINE=InnoDB AUTO_INCREMENT=9 DEFAULT CHARSET=utf8mb4 COLLATE=utf8mb4_uca1400_ai_ci;
/*!40101 SET character_set_client = @saved_cs_client */;

--
-- Dumping data for table `Sales_Channel`
--

LOCK TABLES `Sales_Channel` WRITE;
/*!40000 ALTER TABLE `Sales_Channel` DISABLE KEYS */;
INSERT INTO `Sales_Channel` VALUES (1,'Authentic XI','Southeast','Active','2020-01-15'),(2,'Authentic XI','Midwest','Active','2021-06-01'),(3,'Authentic XI','Norteast','Active','2020-03-10'),(4,'Authentic XI','Southwest','Active','2020-05-22'),(5,'Authentic XI','Southeast','Active','2022-09-01'),(6,'Authentic XI','Midwest','Inactive','2021-01-01'),(7,'Authentic XI','Southeast','Inactive','2023-07-04'),(8,'Authentic XI','Northwest','Active','2023-11-15');
/*!40000 ALTER TABLE `Sales_Channel` ENABLE KEYS */;
UNLOCK TABLES;

--
-- Table structure for table `Shipment`
--

DROP TABLE IF EXISTS `Shipment`;
/*!40101 SET @saved_cs_client     = @@character_set_client */;
/*!50503 SET character_set_client = utf8mb4 */;
CREATE TABLE `Shipment` (
  `shipment_id` int(11) NOT NULL AUTO_INCREMENT,
  `ship_address` varchar(250) NOT NULL,
  `ship_date` date DEFAULT NULL,
  `ship_carrier` varchar(100) DEFAULT NULL,
  `ship_delivery_status` varchar(50) NOT NULL DEFAULT 'Pending',
  `invoice_id` int(11) NOT NULL,
  PRIMARY KEY (`shipment_id`),
  KEY `invoice_id` (`invoice_id`),
  CONSTRAINT `1` FOREIGN KEY (`invoice_id`) REFERENCES `Invoice` (`invoice_id`)
) ENGINE=InnoDB AUTO_INCREMENT=501 DEFAULT CHARSET=utf8mb4 COLLATE=utf8mb4_uca1400_ai_ci;
/*!40101 SET character_set_client = @saved_cs_client */;

--
-- Dumping data for table `Shipment`
--

LOCK TABLES `Shipment` WRITE;
/*!40000 ALTER TABLE `Shipment` DISABLE KEYS */;
INSERT INTO `Shipment` VALUES (1,'101 Oak St, Tampa, FL 33601','2024-01-12','UPS','Delivered',1),(2,'220 Palm Ave, Miami, FL 33101','2024-01-14','FedEx','Delivered',2),(3,'55 Broadway, New York, NY 10006','2024-01-17','UPS','Delivered',3),(4,'876 Sunset Blvd, Los Angeles, CA 90028','2024-01-22','USPS','Delivered',4),(5,'433 Michigan Ave, Chicago, IL 60601','2024-02-03','FedEx','Delivered',5),(6,'789 Peachtree St, Atlanta, GA 30308','2024-02-07','UPS','Delivered',6),(7,'12 Commonwealth Ave, Boston, MA 02215','2024-02-12','FedEx','Delivered',7),(8,'301 Pike St, Seattle, WA 98101','2024-02-16','USPS','Delivered',8),(9,'500 N Central Ave, Phoenix, AZ 85004','2024-02-22','UPS','Delivered',9),(10,'123 Main St, Houston, TX 77002','2024-03-03','FedEx','Delivered',10),(11,'400 16th St, Denver, CO 80202','2024-03-07','USPS','Delivered',11),(12,'1 Market St, San Francisco, CA 94105','2024-03-12','UPS','Delivered',12),(13,'200 SW Broadway, Portland, OR 97201','2024-03-17','FedEx','Delivered',13),(14,'3700 Las Vegas Blvd, Las Vegas, NV 89109','2024-03-22','UPS','Delivered',14),(15,'100 Fayetteville St, Raleigh, NC 27601','2024-03-27','USPS','Delivered',15),(16,'1500 Marilla St, Dallas, TX 75201','2024-04-03','FedEx','Delivered',16),(17,'4801 E Fowler Ave, Tampa, FL 33617','2024-04-07','UPS','In Transit',17),(18,'600 Brickell Ave, Miami, FL 33131','2024-04-12','FedEx','In Transit',18),(19,'400 S Orange Ave, Orlando, FL 32801','2024-07-20','DHL','Pending',19),(20,'1 E Broward Blvd, Fort Lauderdale, FL 33301','2024-12-27','DHL','Pending',20),(21,'684 Ricky Valleys, Port Jonathanfurt, AZ 26540','2023-10-10','DHL','Delivered',21),(22,'31046 Leonard Coves, South Wendy, VT 70182','2023-11-29','UPS','In Transit',22),(23,'9174 Greg Motorway, South Katie, DE 07757','2023-09-23','Amazon Logistics','Delivered',23),(24,'6195 Brandt Mount Apt. 637, Matthewland, VA 86193','2023-10-01','USPS','In Transit',24),(25,'12020 Friedman Mountains, Davidfurt, MH 74507','2024-01-05','DHL','Delivered',25),(26,'912 Moore Islands Apt. 470, South Brandon, SC 84370','2024-01-24','UPS','In Transit',26),(27,'1213 Robert Terrace, Benderfort, NJ 26485','2023-10-23','UPS','In Transit',27),(28,'8013 Judith Camp Suite 355, Leahmouth, OR 63823',NULL,'UPS','Pending',28),(29,'845 Cox Wells, East Edward, TX 85731','2023-10-14','Amazon Logistics','In Transit',29),(30,'USNV Salas, FPO AP 72310','2023-08-18','UPS','Delivered',30),(31,'4166 Joshua Divide Suite 878, Dennisfurt, OH 31210','2023-12-24','FedEx','Delivered',31),(32,'20147 Michael Throughway, West Kellyport, GA 92830','2023-08-09','UPS','Delivered',32),(33,'2821 Eric Meadow, Dianamouth, DE 83267','2023-10-07','FedEx','In Transit',33),(34,'PSC 6856, Box 2741, APO AA 83984','2023-05-28','Amazon Logistics','Delivered',34),(35,'6824 Alexander Glens Apt. 936, Kellermouth, ID 23966','2023-10-20','Amazon Logistics','Delivered',35),(36,'USNV Rodgers, FPO AA 17474','2023-07-13','FedEx','Delivered',36),(37,'2810 James Valley Apt. 153, South Tristanland, MN 91567','2023-04-07','FedEx','Delivered',37),(38,'41404 Perez Light Suite 011, Brucestad, NY 29467','2023-03-30','Amazon Logistics','In Transit',38),(39,'1776 Debra Road, Aaronbury, NY 57461','2023-12-10','Amazon Logistics','Delivered',39),(40,'128 Douglas Way, North Christinabury, DC 53543','2023-04-02','UPS','Delivered',40),(41,'PSC 3852, Box 9808, APO AE 31230','2023-11-18','FedEx','Delivered',41),(42,'1970 Kathryn Light Apt. 030, East Dakotachester, GA 89661','2023-10-14','UPS','Delivered',42),(43,'0735 Sarah Drive, Joseview, FL 22904','2023-12-20','DHL','Delivered',43),(44,'6760 Paige Lodge, East Austin, WI 05494','2023-06-03','USPS','Delivered',44),(45,'131 Merritt Cliffs, Jamieville, HI 56237',NULL,'USPS','Pending',45),(46,'26298 Travis Land Suite 347, Matthewberg, NM 90314',NULL,'DHL','Pending',46),(47,'889 Bill Plains, Port Troy, CT 33889','2023-11-04','DHL','Delivered',47),(48,'6494 Andrew Estate Apt. 902, North Allisonport, KY 84880','2023-05-22','FedEx','Delivered',48),(49,'93616 Travis Valley Suite 391, Ryanfurt, FM 44726','2023-08-12','UPS','Delivered',49),(50,'164 Caldwell Park, South Carolynside, AS 24090','2023-05-24','FedEx','Delivered',50),(51,'USNS Patel, FPO AE 60328','2023-10-17','USPS','Delivered',51),(52,'206 Torres Flat Suite 138, West Kristinahaven, SD 24226','2023-06-13','USPS','Delivered',52),(53,'PSC 3419, Box 4542, APO AP 43593','2023-10-14','UPS','Delivered',53),(54,'166 Diaz Drive Apt. 831, Phyllisfort, WY 43397','2023-05-15','UPS','Delivered',54),(55,'95056 Keith Pine Suite 515, Benjaminview, UT 33417','2023-06-01','FedEx','Delivered',55),(56,'2319 Black Route Suite 717, New Joseshire, WI 98848','2023-12-12','DHL','Delivered',56),(57,'6309 Andrew Views Apt. 778, Davidville, AL 77491','2023-12-27','Amazon Logistics','Delivered',57),(58,'8989 Christopher Island Suite 262, Nancystad, WY 15817',NULL,'DHL','Pending',58),(59,'64110 Rodriguez Via Suite 386, East Sandra, SD 91255','2023-02-27','FedEx','Delivered',59),(60,'7174 Davis Alley, Mooremouth, WI 17528','2023-03-03','FedEx','Delivered',60),(61,'90831 Mercer Route Suite 261, Kimberlyview, PA 09026','2023-09-05','UPS','Delivered',61),(62,'5523 Delgado Radial Apt. 406, Lake Dianaland, WA 20000','2023-11-15','Amazon Logistics','Delivered',62),(63,'072 Michael Manors, Christinaburgh, VT 66402','2023-12-04','DHL','Shipped',63),(64,'9877 Jasmine Estates, Port Melanie, MO 83909','2023-11-07','USPS','In Transit',64),(65,'9756 Phillip Ridge, Jennifershire, WV 62188','2023-04-11','DHL','Delivered',65),(66,'8669 Burnett Parkways Apt. 866, Port Cristina, CA 55157','2023-04-10','UPS','Delivered',66),(67,'68285 Kim Springs, East Bradleyfort, UT 25552','2023-11-23','DHL','Delivered',67),(68,'Unit 6381 Box 0412, DPO AP 45984','2023-01-12','FedEx','Delivered',68),(69,'4950 Gregory Square Apt. 807, Sierrafurt, TX 46715','2023-01-06','UPS','Delivered',69),(70,'8512 Jonathan Forest Suite 246, Lake Katiemouth, KY 32815',NULL,'FedEx','Pending',70),(71,'545 Nguyen Valleys Suite 292, South Alexandra, DE 82517','2023-10-29','Amazon Logistics','In Transit',71),(72,'91807 Ashley Skyway, Lake Jamesfurt, WA 68687','2024-01-06','DHL','Delivered',72),(73,'570 Reed Plains Apt. 374, Hernandezmouth, AR 78447','2023-02-09','UPS','Delivered',73),(74,'012 Thomas Glen, Lake William, TN 55754','2023-12-12','UPS','Delivered',74),(75,'561 Lowe Bridge Apt. 803, Sotochester, PR 68283','2023-11-13','FedEx','Shipped',75),(76,'71523 Williams Fields Suite 760, Sarahborough, CT 02200','2023-02-13','UPS','Delivered',76),(77,'15196 Justin Shore Suite 200, Paulville, NM 56124','2023-12-22','DHL','Delivered',77),(78,'425 Smith Parkways, South Caitlin, AZ 97630','2023-12-18','Amazon Logistics','Delivered',78),(79,'346 Delgado Junction, Williamstown, IA 40366','2023-10-23','UPS','In Transit',79),(80,'405 Terri Isle Suite 059, Normamouth, ME 67905','2023-07-23','Amazon Logistics','Delivered',80),(81,'83108 Paul Circles, Burkeburgh, OH 24648',NULL,'FedEx','Pending',81),(82,'796 Thompson Lane Suite 524, North Heidimouth, AZ 78001','2024-01-18','USPS','Delivered',82),(83,'1960 Summers Knoll Suite 174, South Jack, WA 50589','2023-01-18','Amazon Logistics','In Transit',83),(84,'33971 Thomas Ville Suite 261, Susanhaven, NC 54430',NULL,'FedEx','Pending',84),(85,'45544 Flowers Gardens Suite 019, Murphybury, NJ 89717','2024-01-26','Amazon Logistics','In Transit',85),(86,'1762 Combs Summit, North Jessica, TX 65692','2023-08-30','UPS','Delivered',86),(87,'379 Jocelyn Estate Suite 666, Port Stephanieshire, IL 13729',NULL,'FedEx','Pending',87),(88,'41570 Sherman River Apt. 939, East Jerryville, AS 36380','2024-01-10','USPS','Delivered',88),(89,'4188 Murphy Springs, Jonesfort, NY 42377','2023-07-29','Amazon Logistics','Delivered',89),(90,'394 Brandon Islands, Makaylaville, GU 47676',NULL,'FedEx','Pending',90),(91,'4272 Kennedy Cove, Williammouth, DC 86849','2023-06-19','DHL','In Transit',91),(92,'21935 Murphy Skyway, West Douglas, HI 83699',NULL,'USPS','Pending',92),(93,'948 Deanna Run, Sandovalview, GA 46391','2023-12-30','DHL','Delivered',93),(94,'734 Blake Station, West Stacy, NH 72509','2023-09-12','UPS','In Transit',94),(95,'636 Lance Point, Robertshaven, AL 50006','2023-08-13','Amazon Logistics','Delivered',95),(96,'279 Kathleen Hill Suite 107, Christensenbury, NC 94521',NULL,'UPS','Pending',96),(97,'4311 Kramer Summit Apt. 668, Andrewtown, AR 50164','2023-01-11','DHL','Delivered',97),(98,'138 Elijah Circle, Desireechester, UT 34798','2023-03-22','USPS','Delivered',98),(99,'17770 Dominguez Points, South Stephenport, HI 58586','2024-01-06','USPS','Delivered',99),(100,'409 Phillip Rapids, New Michael, DC 60675','2023-01-30','Amazon Logistics','Delivered',100),(101,'047 Bauer Ferry, Sheilaland, PA 00789','2023-11-01','DHL','Delivered',101),(102,'470 Howard Brooks, East Amberborough, MT 79420','2023-03-11','UPS','In Transit',102),(103,'907 Benjamin Islands, Samuelshire, WA 72159','2023-10-03','UPS','Delivered',103),(104,'0680 Johnathan Station, Coryshire, VA 87834',NULL,'UPS','Pending',104),(105,'4645 Duane Shoal, Pattersonville, KS 19637',NULL,'USPS','Pending',105),(106,'56940 Dylan Rapids, Ericberg, SD 82147',NULL,'Amazon Logistics','Pending',106),(107,'19534 Peter Oval, West David, KS 35392',NULL,'USPS','Pending',107),(108,'8707 Gomez Greens, Garciaborough, ME 04299','2023-06-10','UPS','Delivered',108),(109,'USNS Hernandez, FPO AA 63079','2023-11-09','USPS','Delivered',109),(110,'PSC 8653, Box 4616, APO AP 43027','2023-05-30','USPS','Delivered',110),(111,'281 Huang Ford Apt. 387, Hesterfort, MT 27029','2023-10-11','FedEx','Delivered',111),(112,'35635 Bush Manors Suite 194, Reedburgh, KY 86032','2023-09-18','FedEx','Delivered',112),(113,'961 Mullen Parkways Suite 652, Lake Tiffanyberg, CT 14208','2023-05-28','FedEx','In Transit',113),(114,'62138 Christina Crescent Apt. 503, Port Matthew, ME 19199','2024-01-31','DHL','Delivered',114),(115,'719 Miller Lights Suite 521, Michaelberg, MH 01615','2023-03-31','USPS','Delivered',115),(116,'41565 Wilson Islands Suite 789, Espinozafort, OR 07131','2023-01-16','FedEx','Delivered',116),(117,'4333 Rhonda Roads, New Ronald, RI 84289','2023-03-12','FedEx','In Transit',117),(118,'184 Brown Key Apt. 043, Lake Gregory, MN 26528',NULL,'Amazon Logistics','Pending',118),(119,'87710 Jackson Trafficway, Port Sheila, TX 82279','2023-03-16','Amazon Logistics','Delivered',119),(120,'43909 Taylor Center Apt. 264, South Jessica, PA 24974','2023-07-09','DHL','Delivered',120),(121,'557 Brittany Flats, New Rhondaview, SC 51160','2023-09-28','USPS','Delivered',121),(122,'291 Elizabeth Expressway, Jacksonview, FL 47064','2023-06-25','FedEx','Delivered',122),(123,'147 Andrea Harbors, Lake Kathy, MI 43511','2024-02-04','FedEx','Delivered',123),(124,'PSC 2936, Box 6973, APO AP 25063',NULL,'UPS','Pending',124),(125,'5262 Mendez Stream Apt. 490, East Victoriamouth, FM 17698',NULL,'USPS','Pending',125),(126,'63408 Collins Cove Apt. 041, West Samuelmouth, GA 87047',NULL,'FedEx','Pending',126),(127,'PSC 5659, Box 8954, APO AE 74429','2023-10-02','DHL','Delivered',127),(128,'665 Zachary Center Suite 156, Terrymouth, WA 11982','2023-03-24','FedEx','Delivered',128),(129,'26448 Hendricks Parks, Lake Matthewborough, CT 97915','2024-01-03','FedEx','Delivered',129),(130,'214 Peterson Shores, Henryshire, ND 03747',NULL,'Amazon Logistics','Pending',130),(131,'718 Rhodes Walks, Garrettmouth, FM 94743','2023-04-27','UPS','In Transit',131),(132,'796 Bryan Viaduct, Castrohaven, MI 89195','2023-03-21','DHL','Shipped',132),(133,'76038 Gary Creek, East Lorettaside, SD 52468','2023-06-11','USPS','Delivered',133),(134,'955 Sonia Landing Suite 546, Josephshire, IA 29228','2023-04-03','FedEx','Delivered',134),(135,'22444 Porter Ramp Apt. 106, Bryantton, NV 73593','2024-02-02','FedEx','Delivered',135),(136,'81866 Hurley Cliffs Apt. 813, North Jeffreyport, IL 25260',NULL,'UPS','Pending',136),(137,'8852 Wood Centers Suite 932, Simmonsburgh, DE 59731','2024-01-06','DHL','Delivered',137),(138,'53201 Tommy Mall Suite 548, East Janice, NH 97104','2023-11-03','UPS','Delivered',138),(139,'45702 Roberts Roads, Matthewmouth, SD 47887','2023-10-07','UPS','Delivered',139),(140,'74299 Christopher Land, Joshuaborough, OH 40592','2024-01-28','FedEx','Delivered',140),(141,'78720 Nancy Stream, New Joanville, IN 61207','2023-02-09','Amazon Logistics','Delivered',141),(142,'49034 Oliver Coves, Vanessahaven, GU 93060','2023-06-23','FedEx','Delivered',142),(143,'36158 Karen Corner Suite 631, Jasonburgh, KY 85635','2023-06-28','UPS','Delivered',143),(144,'8946 Tate Harbor Suite 075, New Austinborough, NY 15996','2023-01-01','UPS','Delivered',144),(145,'509 Tammy Square Apt. 828, Guerrerofort, CA 70762','2023-06-07','FedEx','Delivered',145),(146,'87766 Peterson Lakes Apt. 475, New Lisaside, GA 12488','2023-03-06','Amazon Logistics','Delivered',146),(147,'20953 Carter Route Apt. 577, Jenniferside, GU 98418','2024-01-31','FedEx','Delivered',147),(148,'867 Huber Trace Apt. 228, Moranton, VI 77886','2023-09-02','DHL','Delivered',148),(149,'60627 Roberta Vista Suite 608, Lisabury, NJ 68620','2023-10-07','USPS','Delivered',149),(150,'6470 Mccann Plaza, West Jennifermouth, WI 64454','2023-11-18','UPS','Delivered',150),(151,'65737 Jason Forges, Staceyberg, WA 67463',NULL,'DHL','Pending',151),(152,'38765 William Drive Apt. 445, Rogerside, UT 48110','2023-03-26','Amazon Logistics','Delivered',152),(153,'99813 Michael Route Suite 571, East Michaelbury, AS 84368','2023-12-10','USPS','Delivered',153),(154,'62093 James Gardens, Charlesside, KS 06981',NULL,'FedEx','Pending',154),(155,'92910 Anderson Avenue, New Devinfurt, TN 01804','2023-02-19','Amazon Logistics','Delivered',155),(156,'87001 Steven Hills Apt. 493, East Lawrence, ND 70909','2023-03-29','UPS','Delivered',156),(157,'6904 Christopher Mountains Apt. 471, North Annstad, IA 78112','2023-10-06','UPS','Delivered',157),(158,'677 Rachel Centers, Moranchester, VT 30753','2023-08-06','USPS','Delivered',158),(159,'2284 Johnson Wells Apt. 071, North Christian, MP 99791','2023-08-31','UPS','Delivered',159),(160,'40187 James Pine Suite 783, West Jenniferborough, NJ 43430','2023-07-16','DHL','Delivered',160),(161,'398 West Summit, West Brendan, FL 52006','2023-08-29','DHL','Delivered',161),(162,'1192 Escobar Path Suite 533, Lake Jasmine, MP 06923','2024-01-17','Amazon Logistics','Delivered',162),(163,'00626 Cindy Burgs, Samuelfurt, NE 52977','2023-09-23','USPS','In Transit',163),(164,'285 Cannon Village Apt. 067, Jenniferchester, NY 53212','2023-03-05','FedEx','Delivered',164),(165,'340 Silva Gateway Suite 645, Kyleshire, MI 68354','2023-02-02','USPS','Delivered',165),(166,'228 Bradford Plaza, Bartonshire, VT 60766','2023-09-19','DHL','Delivered',166),(167,'6403 Chapman Terrace, West Shelley, ND 96303','2023-03-01','FedEx','In Transit',167),(168,'6740 Patricia Drive Apt. 720, Rayhaven, IA 54655','2023-11-22','USPS','In Transit',168),(169,'2606 Linda Bridge, New Martinfurt, PW 24724','2023-01-21','Amazon Logistics','In Transit',169),(170,'057 Simmons Pines Apt. 134, Lake Sandraview, KY 00979','2023-02-11','DHL','Delivered',170),(171,'1630 Marissa Mission Apt. 235, Joneston, MI 93267','2023-07-21','USPS','Delivered',171),(172,'498 Rose Tunnel Suite 433, Lake Robin, OH 90949','2023-03-12','Amazon Logistics','Delivered',172),(173,'435 Gonzalez Keys, Scottchester, IN 02257','2023-11-27','DHL','In Transit',173),(174,'59069 Jimenez Ramp Suite 517, Cohenton, NM 37677','2023-10-28','DHL','Delivered',174),(175,'3958 Jeffrey Burg Apt. 806, Karenshire, NM 83835','2023-11-27','USPS','Delivered',175),(176,'1075 Campbell Pine Suite 920, Washingtonchester, ME 33486','2023-07-13','FedEx','Delivered',176),(177,'7787 Marvin Bypass Suite 645, Bryanthaven, MP 54426','2023-10-17','USPS','Delivered',177),(178,'4936 Dorothy Causeway, Emilyborough, OK 37524','2023-12-22','FedEx','Delivered',178),(179,'858 Carter Streets, Clairemouth, ID 08354','2023-09-27','UPS','Delivered',179),(180,'30306 Saunders Streets, Bradleybury, NC 26771','2023-09-13','DHL','Delivered',180),(181,'692 Marshall Bypass, Margaretborough, AR 14357','2023-10-14','USPS','Delivered',181),(182,'169 Anna Junction, Pageland, ND 60946',NULL,'DHL','Pending',182),(183,'734 Moore Underpass, Melissaview, MD 45495','2023-01-19','UPS','In Transit',183),(184,'367 Richards Shores Suite 443, Hammondton, MS 32731','2023-08-10','UPS','Delivered',184),(185,'92431 Fleming Stream, West Danielview, WY 51922','2023-03-10','Amazon Logistics','Delivered',185),(186,'88498 Kyle Underpass, East Timothy, VA 14717','2023-09-12','DHL','Shipped',186),(187,'13390 Brittany Spurs, North Sharon, GA 64377','2023-03-20','Amazon Logistics','Delivered',187),(188,'9601 Nelson Throughway Apt. 855, Riverafort, IN 25698','2023-06-13','Amazon Logistics','In Transit',188),(189,'44223 Olivia Coves, Josephborough, MN 49338','2023-12-04','DHL','Delivered',189),(190,'2098 Kathy Ville, South Vickie, VI 43953','2023-08-04','Amazon Logistics','In Transit',190),(191,'723 Long Freeway, Carlaport, MD 51908','2023-03-28','DHL','Delivered',191),(192,'Unit 3016 Box 1943, DPO AA 07722',NULL,'UPS','Pending',192),(193,'94739 Rice Squares, Jaredburgh, IA 63603','2024-01-10','DHL','Delivered',193),(194,'221 Fuller Brooks Suite 839, East Andrew, WI 34484','2023-02-07','FedEx','Delivered',194),(195,'2866 Burch Curve Apt. 360, Port Ashley, WV 68090','2023-03-05','Amazon Logistics','In Transit',195),(196,'696 Mckee Center Suite 120, South Lindseychester, NH 29681','2023-08-24','UPS','In Transit',196),(197,'17674 Dawn Roads, Kristinstad, WA 45009','2023-02-19','Amazon Logistics','Delivered',197),(198,'34615 Stone Locks, Mcdonaldmouth, AS 44788','2023-01-09','USPS','In Transit',198),(199,'1541 Peterson Corner, Horneport, DE 54999','2023-04-17','UPS','Delivered',199),(200,'96826 Silva Summit, Colemouth, IL 83778','2023-05-31','Amazon Logistics','In Transit',200),(201,'6939 Kelly Shoal Suite 856, Lake Andrewborough, TX 67731','2023-08-11','UPS','Delivered',201),(202,'3826 Robert Gardens Suite 679, East Sarahberg, SC 71127','2023-01-26','USPS','Delivered',202),(203,'215 Clayton Cliff, North John, AK 07850','2023-03-02','UPS','Delivered',203),(204,'USNS Wright, FPO AA 54029','2023-03-10','UPS','Delivered',204),(205,'4704 Jones Glens Apt. 778, Hodgetown, FM 09986','2023-06-19','Amazon Logistics','Delivered',205),(206,'1937 Jose Avenue, Port Angelabury, MD 92216','2023-05-16','Amazon Logistics','Delivered',206),(207,'3543 Brian Crest Apt. 941, New Sarahhaven, AZ 92770','2023-10-12','USPS','Delivered',207),(208,'824 Kevin Bypass Apt. 956, Ericmouth, KS 83311','2023-12-25','USPS','Delivered',208),(209,'9744 Jacob Lock Suite 973, North Sandraville, ID 87950','2023-10-21','DHL','Delivered',209),(210,'40388 Henderson Stravenue, Angiefurt, KY 18553','2023-05-02','UPS','In Transit',210),(211,'640 Eric Plain, North Andrew, NC 72473','2023-01-03','UPS','Delivered',211),(212,'PSC 5748, Box 8518, APO AE 29775','2023-09-04','FedEx','Delivered',212),(213,'195 Gibbs Ridge Suite 177, Hillview, CO 41252','2023-01-10','USPS','Delivered',213),(214,'9905 Caroline Circle Apt. 107, Norrisview, CO 39637','2023-02-19','Amazon Logistics','Delivered',214),(215,'029 Alexander Turnpike, Deborahland, NY 01358','2023-05-13','UPS','Delivered',215),(216,'029 Beth Mountains Apt. 090, Woodberg, WY 26789','2024-01-25','Amazon Logistics','Delivered',216),(217,'29130 Owens Terrace, West Leslie, OK 95562','2024-01-09','DHL','Delivered',217),(218,'711 Ryan Wall, Laurashire, PR 48989',NULL,'FedEx','Pending',218),(219,'589 Jessica Corners Suite 655, Davistown, NV 25051','2023-02-17','FedEx','In Transit',219),(220,'014 Lauren Avenue, New Joann, WI 38680','2023-02-11','UPS','In Transit',220),(221,'47061 Sherri Junction, Ricardoburgh, IN 49647','2023-06-02','DHL','Shipped',221),(222,'653 Powell Crossing Suite 555, Sarahberg, NC 22104','2023-08-04','UPS','Delivered',222),(223,'2676 Roth Extension, Erinville, OR 70060','2023-07-07','USPS','Delivered',223),(224,'045 Veronica Village, Riveraberg, CO 01220','2023-12-08','UPS','Delivered',224),(225,'149 Brian Crest, South Michaelbury, VA 57912','2023-07-13','DHL','Delivered',225),(226,'0171 Savage Spurs, Barrerafurt, SC 20374','2023-08-26','UPS','Delivered',226),(227,'03558 Foster Stream Suite 250, Lake Cory, GA 30682','2023-02-15','FedEx','Delivered',227),(228,'948 Deleon Terrace, Bowenfort, MO 78341','2023-01-02','DHL','Delivered',228),(229,'60051 Leslie Road, Kyleberg, MO 09299','2023-06-05','FedEx','Delivered',229),(230,'1621 Margaret Corner, North Ethanview, NH 88808','2024-01-09','Amazon Logistics','Delivered',230),(231,'508 Jimenez Isle Apt. 416, South Shannon, IA 38351',NULL,'DHL','Pending',231),(232,'068 Sarah Crescent Suite 957, Fordstad, NY 15426','2023-07-18','UPS','Delivered',232),(233,'466 Robinson Plaza Apt. 961, Sherrymouth, AZ 59975',NULL,'FedEx','Pending',233),(234,'841 Cook Ridges Suite 857, Khanton, LA 01173','2023-04-30','USPS','In Transit',234),(235,'59671 Amy Turnpike Apt. 176, Port Mckenzie, MS 65253','2023-04-20','FedEx','Delivered',235),(236,'94077 Gross Inlet Apt. 115, North Stevenmouth, AS 37509','2023-07-10','USPS','Delivered',236),(237,'55702 Rollins Cape Suite 737, Sandrahaven, OR 99333','2023-03-20','Amazon Logistics','Delivered',237),(238,'70178 Taylor Crest, East Kevin, OH 05219','2023-09-24','DHL','Delivered',238),(239,'0342 Derrick Street Apt. 394, West Heatherbury, WA 72545','2023-11-08','UPS','In Transit',239),(240,'74597 Baker Mount, West Lisa, RI 21696','2023-06-01','Amazon Logistics','Delivered',240),(241,'607 Michael Stravenue, Aaronmouth, MA 20854',NULL,'DHL','Pending',241),(242,'85667 Michael Place Apt. 973, Amandamouth, AL 74211','2023-08-03','FedEx','Shipped',242),(243,'159 John Pass Suite 082, Pachecoberg, HI 43759','2023-06-28','FedEx','Delivered',243),(244,'0336 Ray Isle, West Jessica, ND 22011','2023-09-03','DHL','Delivered',244),(245,'656 Bryan Vista, New Sergio, TX 21794','2023-09-16','FedEx','Delivered',245),(246,'551 Katherine Curve, Keithville, TN 81551','2023-08-02','UPS','Delivered',246),(247,'33178 Marissa Expressway Apt. 424, West Jessicaborough, CO 71019','2023-12-17','DHL','In Transit',247),(248,'67896 Cassandra Rapids Suite 897, Carrietown, WA 86325','2023-03-21','DHL','In Transit',248),(249,'83472 Lee Cape Apt. 629, Goodwinburgh, WA 11862',NULL,'UPS','Pending',249),(250,'7620 Fitzgerald Unions, Port Jacquelineville, AR 23684','2023-05-19','USPS','Delivered',250),(251,'119 Carter Harbor Suite 497, Lake Gregory, NV 85206','2023-03-04','Amazon Logistics','Delivered',251),(252,'290 Harris Rue Apt. 912, North Heather, UT 10498','2023-09-04','USPS','Delivered',252),(253,'262 Brown Passage Suite 568, North Jamieport, IL 11555',NULL,'USPS','Pending',253),(254,'6660 Seth Gateway, North Veronicachester, MA 81448','2023-08-17','FedEx','Delivered',254),(255,'3779 Herrera Forge, South Brendahaven, DE 68871','2023-04-29','DHL','In Transit',255),(256,'6864 Olivia Village Apt. 033, North Karenstad, MP 71131',NULL,'USPS','Pending',256),(257,'21791 Nunez Cliffs, Cisnerosstad, AZ 79889','2023-05-15','USPS','Delivered',257),(258,'7861 Kenneth Landing Apt. 178, South Rachel, NJ 97874','2023-08-21','Amazon Logistics','Delivered',258),(259,'440 Travis Fork, Fisherside, PR 38187','2023-03-18','Amazon Logistics','Delivered',259),(260,'3727 Herring Lodge, West Cindyburgh, PW 59746','2023-09-07','UPS','Delivered',260),(261,'801 Cohen Wells Apt. 087, Floresfort, VI 49096','2023-05-04','Amazon Logistics','Delivered',261),(262,'708 Cheryl Loaf, Jarvisbury, FM 06209','2023-07-30','FedEx','Delivered',262),(263,'0342 Bates Views, Bruceburgh, WV 08689','2023-10-03','USPS','Delivered',263),(264,'835 Booker Forge Suite 439, Johnsontown, PW 19125','2023-01-31','UPS','Delivered',264),(265,'PSC 4423, Box 9809, APO AA 01029','2023-07-22','UPS','In Transit',265),(266,'4724 Christopher Stream, Bradleytown, KS 57512','2023-05-02','DHL','Delivered',266),(267,'2887 Allison Lodge, Sydneyfurt, IN 38606','2023-04-19','FedEx','Delivered',267),(268,'46210 Maria Valleys Suite 081, Lake Crystal, SD 76412','2023-01-30','DHL','Delivered',268),(269,'5658 Thomas Ville, Ortizland, OH 27906','2023-11-15','USPS','Delivered',269),(270,'9903 Joshua Cliff Apt. 675, Harrisfurt, DE 30798','2023-04-24','UPS','Delivered',270),(271,'20442 Roth Crest, Lucaston, MI 69443','2023-12-12','UPS','Delivered',271),(272,'77749 Mann Junctions Suite 334, Meganbury, WY 87762','2023-09-02','UPS','Delivered',272),(273,'0041 Haney Freeway, Mackfurt, MS 61496','2023-07-01','USPS','Delivered',273),(274,'113 Brian Street, Port Anthony, DC 92456','2023-07-20','DHL','Shipped',274),(275,'27005 Robert Glens Apt. 618, North Renee, CT 67930','2023-01-07','Amazon Logistics','Delivered',275),(276,'154 Jane Run Apt. 424, Lunahaven, PR 74893','2023-03-10','FedEx','Delivered',276),(277,'2219 Byrd Unions Suite 332, Thomaston, KY 52692','2023-05-16','USPS','In Transit',277),(278,'2829 Jo Rue Apt. 857, Maryton, PR 57224','2023-03-20','FedEx','Delivered',278),(279,'32305 Mark Row, South Dwayne, SC 00507','2024-02-03','Amazon Logistics','Delivered',279),(280,'897 Blackburn Ports Apt. 473, Gutierrezburgh, AL 96237','2024-01-18','FedEx','Delivered',280),(281,'187 Cross Gateway Suite 768, Thompsonfurt, IL 90747','2023-07-17','DHL','Delivered',281),(282,'177 Taylor Rest Apt. 314, Reynoldsstad, OH 68081','2023-03-15','FedEx','Delivered',282),(283,'729 Matthew Springs Suite 121, East Wayne, MN 82139','2023-10-21','Amazon Logistics','Delivered',283),(284,'648 Holloway Throughway Apt. 942, East Clintonland, MA 16257',NULL,'DHL','Pending',284),(285,'151 Hatfield Hollow Suite 857, Port Carolynland, ND 04457','2023-12-07','USPS','In Transit',285),(286,'762 Delgado Village Suite 171, Port Brianstad, MD 58397','2023-05-02','DHL','Delivered',286),(287,'2555 Kevin Burg Apt. 340, West Joseland, NV 03480','2023-12-03','Amazon Logistics','Delivered',287),(288,'40372 Albert Rapid, Port Jennifer, WV 99735','2023-06-02','FedEx','Delivered',288),(289,'075 Nicole Falls, North Allison, OK 17241','2023-08-04','Amazon Logistics','Shipped',289),(290,'USNS Jennings, FPO AP 02132','2023-01-09','USPS','Delivered',290),(291,'542 Desiree Via, Deanhaven, MI 48945','2023-05-23','Amazon Logistics','Delivered',291),(292,'42968 Mooney Spring Suite 977, West Devin, VI 91140','2023-01-19','FedEx','Delivered',292),(293,'743 Heather Cape Suite 328, South Ashley, KY 28204','2023-07-14','UPS','Delivered',293),(294,'06073 Sandra Spring Apt. 075, New Ernest, LA 04149','2024-01-28','USPS','Delivered',294),(295,'593 Nathan Locks, Jamesbury, TX 54676','2023-10-04','FedEx','Delivered',295),(296,'191 Elizabeth Fork Apt. 104, Browninghaven, RI 59313','2023-03-08','Amazon Logistics','Delivered',296),(297,'133 Victoria Junctions Apt. 658, West Marilyn, IA 38525','2023-03-30','FedEx','In Transit',297),(298,'78623 Wolf Walk, Brayview, SC 37846','2023-02-19','FedEx','Delivered',298),(299,'307 Tara Land, Duranmouth, UT 34365','2023-07-03','USPS','Delivered',299),(300,'Unit 2342 Box 9890, DPO AE 50524','2023-05-24','USPS','Delivered',300),(301,'8533 Brian Village, Michaelmouth, AR 52250','2023-09-16','FedEx','In Transit',301),(302,'37931 Cobb Parkways Apt. 060, Paulfurt, SC 70154','2023-08-03','USPS','Delivered',302),(303,'PSC 5831, Box 7745, APO AP 78357','2023-03-04','FedEx','Delivered',303),(304,'0885 Mays Flat, Smithmouth, IL 99094',NULL,'DHL','Pending',304),(305,'63155 Ford Station Apt. 981, Molinaton, TX 79740','2023-08-27','FedEx','Delivered',305),(306,'42043 Gonzalez Track Suite 436, Scottstad, OH 96026','2023-09-28','FedEx','Delivered',306),(307,'4464 Jason Land Suite 719, Amandatown, NY 36809','2023-03-05','Amazon Logistics','In Transit',307),(308,'37627 Amanda Shoal, Youngstad, TN 75260','2023-06-08','USPS','Shipped',308),(309,'PSC 2062, Box 6219, APO AA 01132','2023-02-25','DHL','Delivered',309),(310,'197 Stephens Loop, Morganchester, WA 67981','2023-09-29','DHL','Delivered',310),(311,'8474 Lloyd Station, North Rebeccaberg, VA 66034',NULL,'DHL','Pending',311),(312,'9075 Rivas Harbor Suite 868, Andrewport, MP 77805',NULL,'UPS','Pending',312),(313,'650 Tanya Falls, West Matthew, UT 10867','2024-01-16','FedEx','Shipped',313),(314,'1469 Thomas Divide Suite 746, West John, NJ 01918','2023-11-21','Amazon Logistics','In Transit',314),(315,'9373 Gonzalez Freeway, Harrisfort, MN 54397','2024-01-14','DHL','Delivered',315),(316,'918 Jerry Mews, New Erin, PR 62193','2023-08-02','USPS','Delivered',316),(317,'5272 Wilson Path, Ryanberg, WA 76944',NULL,'Amazon Logistics','Pending',317),(318,'90734 Brandon Pine, Sampsonfort, AL 02701','2023-11-29','UPS','Delivered',318),(319,'06225 Ramirez Villages Apt. 013, Wrightmouth, MA 58356','2023-11-16','UPS','In Transit',319),(320,'5536 Ronald Way Apt. 106, Cohenview, MN 22489','2023-10-31','DHL','In Transit',320),(321,'58224 Ryan Skyway Suite 472, North Larry, MS 67721','2023-11-18','USPS','Shipped',321),(322,'USNV Mcclain, FPO AP 58428','2023-10-31','USPS','Delivered',322),(323,'Unit 2316 Box 0542, DPO AP 58090','2023-01-06','UPS','Delivered',323),(324,'365 Turner Ridge Suite 118, Lake Thomashaven, NH 38068','2023-06-20','Amazon Logistics','Delivered',324),(325,'93087 Derrick Throughway, Rojashaven, PW 44512','2023-09-12','UPS','Delivered',325),(326,'3278 Smith Ville, Port Mariefurt, AK 25604','2023-12-21','DHL','Delivered',326),(327,'9938 James Stream, Browntown, MO 06019','2023-04-02','USPS','In Transit',327),(328,'9398 Hines Prairie Apt. 339, Victoriahaven, AR 37166','2023-03-10','DHL','Delivered',328),(329,'8210 Fields Walk, East Austinshire, AS 63409','2023-06-07','Amazon Logistics','Shipped',329),(330,'2021 Krystal Land, Tracibury, PW 57173','2023-02-13','UPS','In Transit',330),(331,'PSC 4775, Box 1522, APO AA 51933','2024-01-22','UPS','Delivered',331),(332,'59755 John Camp, Thomasmouth, VA 32487','2023-12-30','DHL','Delivered',332),(333,'USNV Price, FPO AE 50583','2024-01-26','UPS','Delivered',333),(334,'6865 Ian Mountains Apt. 138, Johnsonfurt, HI 55952','2023-02-01','UPS','Delivered',334),(335,'2936 Sweeney Village, Kirkborough, OR 29241','2023-11-26','Amazon Logistics','Delivered',335),(336,'93423 Small Land, Robertsmouth, ND 83582','2024-01-24','UPS','Delivered',336),(337,'735 Haynes Junction, West Sheryl, KY 72803','2023-12-07','UPS','Delivered',337),(338,'534 Antonio Center, Port Jasonmouth, WI 19281','2023-09-30','UPS','Delivered',338),(339,'1759 Mason Pine Apt. 348, Jessemouth, AZ 83980','2023-10-23','FedEx','Delivered',339),(340,'5063 Brandon Valley, Port Lori, FM 98085','2024-01-22','DHL','Delivered',340),(341,'0237 Brian Heights Apt. 827, Lake Natasha, AL 70685','2023-06-22','DHL','Delivered',341),(342,'35511 Hudson Coves Apt. 513, Lake Ashley, OK 45450','2023-05-08','FedEx','Delivered',342),(343,'38376 Toni Mountain, Stewartchester, NY 75192','2023-01-07','UPS','In Transit',343),(344,'10816 Morgan Lane, Roblesberg, WI 74582','2023-01-17','USPS','Delivered',344),(345,'6464 Fernandez Shoals, Harrisonshire, VT 12828','2023-03-21','DHL','In Transit',345),(346,'29348 Justin Island Suite 429, Lake Kristieville, MP 80737','2023-06-08','FedEx','Delivered',346),(347,'0568 Wanda Throughway Apt. 675, North Cody, IN 63342','2023-01-09','USPS','Delivered',347),(348,'47528 Lynn Lane, Nicoleshire, MA 09807','2024-02-01','UPS','Delivered',348),(349,'461 Melissa Club Apt. 928, Tracybury, DC 84940','2023-04-15','Amazon Logistics','Delivered',349),(350,'81607 Briana Prairie, West Brittanymouth, NM 73942','2023-10-05','Amazon Logistics','Delivered',350),(351,'82722 Cooper Lodge, New Sabrina, MP 37330','2023-10-11','FedEx','Delivered',351),(352,'3614 Brian Springs, West Patrickville, WY 17821',NULL,'Amazon Logistics','Pending',352),(353,'5669 Maxwell Crescent Apt. 043, South Curtis, ME 74682','2023-03-10','DHL','Delivered',353),(354,'PSC 0717, Box 5954, APO AE 15549','2023-01-26','USPS','Delivered',354),(355,'149 Cherry Course, Lake Angelabury, IA 10022','2023-11-30','DHL','Delivered',355),(356,'4388 Veronica Roads, Rogerschester, LA 14352','2023-11-24','UPS','Delivered',356),(357,'582 Tonya Manor Apt. 290, Port Kara, HI 91302','2023-10-11','Amazon Logistics','Shipped',357),(358,'30426 Brown Roads Apt. 809, Brownberg, GU 97993','2023-01-14','UPS','In Transit',358),(359,'996 Colleen Knolls Apt. 550, East Brianton, PR 44061','2023-09-21','Amazon Logistics','Delivered',359),(360,'980 Abigail Path, Port Tim, VI 63956','2023-04-17','UPS','Delivered',360),(361,'0893 Vargas Ports, West Cynthia, WY 13423','2023-11-20','Amazon Logistics','Delivered',361),(362,'3587 Dana River Apt. 585, Knightmouth, ID 44480','2023-05-24','FedEx','Delivered',362),(363,'36912 Anderson Manors Suite 896, Riosbury, CA 95471','2023-12-28','Amazon Logistics','Delivered',363),(364,'4904 English River Apt. 167, South James, NV 29809','2023-10-19','USPS','Delivered',364),(365,'6770 Penny Pines Apt. 664, East David, VT 26294','2023-12-05','DHL','Delivered',365),(366,'3799 Strickland Throughway Apt. 930, Johnshire, FL 25010','2023-06-12','Amazon Logistics','Delivered',366),(367,'7196 Christopher Causeway Suite 366, Port Andrewhaven, WI 68938','2023-08-28','Amazon Logistics','Delivered',367),(368,'PSC 5007, Box 3431, APO AA 86687','2023-07-30','DHL','In Transit',368),(369,'595 Sarah Plain Suite 119, Port Jamesbury, CO 53493',NULL,'UPS','Pending',369),(370,'380 Glass Mountain Apt. 911, Franklinview, ND 30276','2023-07-21','UPS','Delivered',370),(371,'1849 Ryan Knoll Apt. 047, North Johntown, HI 61658',NULL,'FedEx','Pending',371),(372,'1624 Julie Stream, New Samuel, VT 81538','2023-01-24','UPS','Delivered',372),(373,'9170 Dennis Path, Port Mary, FL 02005','2023-10-12','USPS','Delivered',373),(374,'46538 Samantha Glens, Clayshire, NE 86924',NULL,'USPS','Pending',374),(375,'77999 Robinson Haven Suite 963, Thompsonmouth, UT 74078','2023-02-03','FedEx','In Transit',375),(376,'Unit 1047 Box 5143, DPO AP 24072','2023-11-13','USPS','Delivered',376),(377,'74003 Joseph Fields, Edwardtown, VI 58510','2023-01-30','USPS','Delivered',377),(378,'25813 Jodi Ville Apt. 636, North Carlchester, TN 24715','2023-06-05','UPS','Shipped',378),(379,'145 Bradley Alley Suite 307, New Janice, CA 82787','2023-04-01','Amazon Logistics','Delivered',379),(380,'429 Parker Inlet, Ricetown, FL 48121','2024-01-13','USPS','Delivered',380),(381,'482 Armstrong Brooks Suite 688, New Stephanie, ND 57678','2024-01-01','DHL','Delivered',381),(382,'8784 Rich Groves Apt. 065, East Leonard, AS 72474','2023-09-17','FedEx','Delivered',382),(383,'754 Rivera Fork, West Williamfurt, AK 60347','2023-07-15','Amazon Logistics','In Transit',383),(384,'2378 Catherine Island Apt. 038, East Justinview, MH 60056','2023-08-21','Amazon Logistics','Delivered',384),(385,'677 Derek Valleys Suite 649, Markhaven, OK 41072','2023-02-23','DHL','Delivered',385),(386,'566 Carrie Way Suite 842, Hughesbury, TN 02500',NULL,'DHL','Pending',386),(387,'555 Michael Camp, Jonesshire, GA 51099','2023-09-14','FedEx','Delivered',387),(388,'52412 Erica Spurs, Douglasville, RI 11253',NULL,'DHL','Pending',388),(389,'015 Williams Crescent Suite 904, South Thomasville, PW 75171','2023-03-05','DHL','Delivered',389),(390,'07653 Miller Underpass, East Amanda, MA 93976','2023-03-02','FedEx','Delivered',390),(391,'610 Levine Pine, Kaylastad, DC 01688','2023-05-18','Amazon Logistics','Delivered',391),(392,'9469 Amy Crossroad, Burnsborough, PW 22367','2023-02-02','DHL','In Transit',392),(393,'804 Kyle Extension Suite 646, Lake Fred, HI 21295','2023-05-05','DHL','Delivered',393),(394,'2802 Morris Points Apt. 108, Doylechester, MS 67287','2024-01-20','USPS','Delivered',394),(395,'58166 Richard Lakes Apt. 815, Cruzstad, NC 46052','2023-04-08','USPS','Delivered',395),(396,'853 Grant Loaf, Jacobburgh, FL 57276',NULL,'UPS','Pending',396),(397,'050 Lindsey Trafficway Apt. 691, North Maria, AZ 58410','2023-02-19','Amazon Logistics','Delivered',397),(398,'6817 Elizabeth Vista, Lauraview, CO 85759','2023-05-29','UPS','Delivered',398),(399,'8771 Juarez Falls Suite 761, Christopherside, FM 10083','2023-03-04','FedEx','Delivered',399),(400,'9645 Alan Lodge Apt. 816, East Ryanburgh, NM 09277','2023-09-07','UPS','Delivered',400),(401,'3684 Medina Parkways Apt. 540, Debbieburgh, FM 17972','2023-05-27','FedEx','Delivered',401),(402,'2267 Jordan Well Apt. 818, Reedside, MH 38163','2023-06-30','USPS','Delivered',402),(403,'5093 Melinda Parkway, Karahaven, NH 92789','2023-09-13','USPS','Delivered',403),(404,'1727 Owen Circles Suite 461, Rogerborough, NE 68394','2023-02-06','FedEx','Delivered',404),(405,'1826 John Camp Suite 971, Medinaside, DE 25395','2023-04-11','USPS','Delivered',405),(406,'91373 Brooks Drive, Lake Debra, NE 71596',NULL,'FedEx','Pending',406),(407,'8489 Coleman Bridge Apt. 243, Martinezborough, IL 17029','2023-12-28','FedEx','Delivered',407),(408,'422 Melissa Circle Apt. 591, East Carol, KS 91592',NULL,'Amazon Logistics','Pending',408),(409,'447 Hickman Isle Suite 851, New Jessica, RI 70126','2023-03-22','DHL','Delivered',409),(410,'2153 Joshua Harbors, New Patricia, SC 52484','2023-01-21','USPS','Delivered',410),(411,'268 Harvey Forest Apt. 139, Jenkinsberg, TX 03190','2024-01-25','UPS','Delivered',411),(412,'08446 Thompson Ways, Ochoaborough, WV 61167','2023-06-21','UPS','Delivered',412),(413,'102 Pace Isle, South Kenneth, CO 38955','2023-07-09','FedEx','Delivered',413),(414,'68618 Mcgee Flats Suite 378, West Brendan, AK 76015',NULL,'USPS','Pending',414),(415,'22174 Clark Stravenue Suite 709, Jessicachester, NV 65856','2023-08-18','DHL','Delivered',415),(416,'237 Kayla Ranch Suite 522, South Cathy, MS 56767','2023-01-26','USPS','Shipped',416),(417,'628 Johnson Mills, Lake Keith, VT 52067','2023-03-28','Amazon Logistics','Shipped',417),(418,'53145 David Square Suite 850, Christiehaven, WY 76837',NULL,'USPS','Pending',418),(419,'0587 Justin Shore, Laurafurt, IN 27403','2023-10-14','USPS','Delivered',419),(420,'10585 Vargas Freeway, West Kathryn, TN 17299','2023-09-13','USPS','Shipped',420),(421,'7678 Liu Lights, Bennettchester, CA 35062','2023-01-10','DHL','Delivered',421),(422,'0007 Reynolds Well, South Vicki, TX 58971','2023-04-19','FedEx','Delivered',422),(423,'1680 Matthew Motorway Suite 796, Jamiemouth, SC 94361','2023-06-20','Amazon Logistics','Delivered',423),(424,'90544 Escobar Roads, North Gwendolynhaven, MT 91726','2023-07-08','FedEx','Delivered',424),(425,'8696 Meredith Landing, Kevinport, OH 41304','2023-06-12','USPS','Delivered',425),(426,'90666 Price Stravenue, Lindahaven, MO 92397','2023-06-23','FedEx','Delivered',426),(427,'570 Michael Courts, Randyport, RI 70761','2023-05-04','Amazon Logistics','Shipped',427),(428,'303 King Prairie, Keithburgh, HI 11496','2023-04-03','Amazon Logistics','Delivered',428),(429,'17042 Murphy Via, Port Desireestad, MA 65251','2023-11-21','UPS','In Transit',429),(430,'87323 Munoz Forge Suite 165, South Alejandroton, PW 96921','2023-12-13','Amazon Logistics','Delivered',430),(431,'6358 Hurley Shores, Ochoaville, MD 73576','2024-01-18','FedEx','Delivered',431),(432,'65850 Erica Road Apt. 028, Paynetown, SC 46242',NULL,'DHL','Pending',432),(433,'5063 Alexis Plains, East Lisa, NE 15541','2023-04-07','FedEx','Delivered',433),(434,'09696 Caroline Parkways, Wernerberg, NE 77579','2023-01-13','DHL','Delivered',434),(435,'3294 Laura Bypass, Angelafort, RI 19159','2024-01-10','FedEx','Delivered',435),(436,'Unit 6207 Box 7924, DPO AP 14949','2023-02-22','UPS','Delivered',436),(437,'0735 Paul Road Suite 437, Ochoamouth, MH 84860','2023-03-25','USPS','Delivered',437),(438,'734 Beasley Road, Sandraburgh, MT 71498','2023-01-13','FedEx','Delivered',438),(439,'588 Clifford Extension Suite 018, Mariahaven, NY 28794','2023-03-04','Amazon Logistics','Delivered',439),(440,'807 Daniel Mill, Jasonborough, MO 83663','2024-01-10','Amazon Logistics','Delivered',440),(441,'94641 Smith Park, Lake Jesse, AL 81271','2023-10-24','Amazon Logistics','Delivered',441),(442,'76161 Natasha Harbors Apt. 801, Justinmouth, IL 32275',NULL,'FedEx','Pending',442),(443,'0350 Mann Unions Apt. 741, Warrenville, DC 87365',NULL,'FedEx','Pending',443),(444,'Unit 2773 Box 7103, DPO AE 64076','2023-03-22','USPS','In Transit',444),(445,'18856 Gutierrez Manors Suite 967, Jacksonbury, PA 41506','2023-01-30','FedEx','Delivered',445),(446,'494 Kevin Brook Apt. 455, New Bradley, AR 54312','2023-12-08','DHL','In Transit',446),(447,'963 Paula Locks, Toniland, NC 75392','2023-11-24','Amazon Logistics','Delivered',447),(448,'PSC 5775, Box 3949, APO AP 40467','2023-08-28','FedEx','Delivered',448),(449,'75314 Matthew Locks, East Susanside, DE 74091','2023-06-08','FedEx','Delivered',449),(450,'PSC 6512, Box 6465, APO AA 69988','2023-04-24','USPS','Delivered',450),(451,'4376 Rebecca Loop Suite 405, Port Rogermouth, WA 95013','2023-07-03','UPS','In Transit',451),(452,'46478 Lisa Neck, East Alyssatown, OH 90979','2023-09-01','Amazon Logistics','Delivered',452),(453,'8698 Johnson Lakes, North Tiffany, DE 46613','2023-02-05','FedEx','In Transit',453),(454,'14938 Sheila Parkway Apt. 709, West Susan, NJ 33627','2023-09-02','DHL','Delivered',454),(455,'617 King Prairie Suite 334, North Wendyfort, MT 72660','2023-02-10','Amazon Logistics','Delivered',455),(456,'969 Jamie Extensions Suite 491, Richardsshire, MI 36751','2023-03-17','UPS','Delivered',456),(457,'2080 Hardin Courts Apt. 701, New Angela, OR 74215','2024-01-14','UPS','In Transit',457),(458,'003 Rodgers Turnpike, Lake Eddieland, KY 12124','2023-02-12','Amazon Logistics','Delivered',458),(459,'283 Wells Well Suite 388, East Veronicahaven, RI 48993','2023-01-20','DHL','Shipped',459),(460,'PSC 9805, Box 8152, APO AA 05304','2023-07-13','UPS','Delivered',460),(461,'98457 Brian Course, New David, ME 79924',NULL,'DHL','Pending',461),(462,'00837 Sarah Ford, Andersonhaven, PA 65438','2023-01-19','Amazon Logistics','Delivered',462),(463,'458 Ronnie Well, New Josephberg, VI 24650','2023-01-29','UPS','Delivered',463),(464,'09742 Kelly Circles Suite 076, Darrellbury, MN 63843',NULL,'USPS','Pending',464),(465,'53230 Lauren Lake, Richardsonton, VI 71178','2023-11-26','USPS','Delivered',465),(466,'920 Amy River Apt. 848, Millerstad, TX 14297','2023-08-27','UPS','Delivered',466),(467,'037 Ashley Manors Apt. 501, Michaelborough, RI 93076',NULL,'UPS','Pending',467),(468,'81524 John Islands, Ericburgh, AL 64003','2023-12-16','UPS','Delivered',468),(469,'38884 Stout Groves, Heatherstad, SC 40619','2023-09-11','UPS','Delivered',469),(470,'302 Meyer Oval, Kimberlytown, MO 74415','2023-02-11','DHL','Delivered',470),(471,'24769 Brian Spur Suite 970, North Lindseymouth, LA 44264','2024-02-03','UPS','In Transit',471),(472,'234 Simpson Junction, Lake John, WI 72052',NULL,'UPS','Pending',472),(473,'745 David Dale, North Anthonyshire, ME 98699','2024-01-23','USPS','In Transit',473),(474,'66220 Carroll Squares, Rodriguezberg, PW 93235',NULL,'Amazon Logistics','Pending',474),(475,'26752 Phillips Crescent Suite 028, Danielland, FM 11048','2023-09-17','Amazon Logistics','Delivered',475),(476,'Unit 0037 Box 9231, DPO AP 74494','2023-05-18','FedEx','In Transit',476),(477,'80525 Liu Rest Apt. 913, Mendezbury, MD 29183','2023-12-06','Amazon Logistics','Delivered',477),(478,'236 Holmes Tunnel, Elizabethport, AL 25861','2023-07-09','FedEx','Delivered',478),(479,'68958 Xavier Village, South Julie, MA 07622','2023-11-30','FedEx','Delivered',479),(480,'7754 Dawn Club, Lake Maryland, TX 72212','2023-02-09','Amazon Logistics','In Transit',480),(481,'98064 Julie Well Suite 427, Stanleyport, IL 74609','2023-06-25','Amazon Logistics','Delivered',481),(482,'6440 Jonathan Roads Suite 756, Mitchellmouth, VA 86984','2023-03-12','DHL','Shipped',482),(483,'8909 David Summit, Laurenton, WI 39550','2023-04-14','UPS','Delivered',483),(484,'5992 Myers Rue, Nicholsfort, IN 69298','2023-08-06','UPS','Delivered',484),(485,'559 Thomas Trail Suite 242, Lake Adam, CT 63360','2023-08-05','FedEx','Delivered',485),(486,'8443 Kelly Shore, South Hannahhaven, NE 51432','2023-05-31','UPS','Delivered',486),(487,'Unit 4795 Box 2252, DPO AP 11982',NULL,'Amazon Logistics','Pending',487),(488,'PSC 0654, Box 1577, APO AE 67164','2023-09-15','Amazon Logistics','In Transit',488),(489,'017 Amanda Lodge, South David, MT 99621','2023-09-13','USPS','Delivered',489),(490,'407 Gina Mount, Lake Jamesburgh, PA 61395','2024-01-25','USPS','Delivered',490),(491,'USNV Green, FPO AP 66543','2023-10-28','Amazon Logistics','Shipped',491),(492,'9974 Jennifer Shore Suite 698, Stevensonberg, KS 83826','2023-11-08','USPS','Delivered',492),(493,'7598 Melissa Fall, Karimouth, SC 40949','2023-08-16','FedEx','Delivered',493),(494,'Unit 7225 Box 4964, DPO AP 22883',NULL,'FedEx','Pending',494),(495,'66734 Ellis Ports, North James, PA 05470','2023-08-29','DHL','Delivered',495),(496,'2429 Chapman Forges, Dianeberg, PR 49099','2023-07-26','UPS','Delivered',496),(497,'9214 Lewis Walk, Penafurt, OK 58333','2023-01-25','DHL','Delivered',497),(498,'Unit 3307 Box 6672, DPO AE 51609','2024-01-31','DHL','Delivered',498),(499,'0129 Gonzalez Mills Suite 155, Lambertmouth, MH 00728','2023-02-12','UPS','Delivered',499),(500,'Unit 1398 Box 1293, DPO AP 67249',NULL,'FedEx','Pending',500);
/*!40000 ALTER TABLE `Shipment` ENABLE KEYS */;
UNLOCK TABLES;

--
-- Table structure for table `Team`
--

DROP TABLE IF EXISTS `Team`;
/*!40101 SET @saved_cs_client     = @@character_set_client */;
/*!50503 SET character_set_client = utf8mb4 */;
CREATE TABLE `Team` (
  `team_id` int(11) NOT NULL AUTO_INCREMENT,
  `team_name` varchar(100) NOT NULL,
  `team_country` varchar(100) NOT NULL,
  `team_year` smallint(6) DEFAULT NULL,
  `league_id` int(11) NOT NULL,
  PRIMARY KEY (`team_id`),
  KEY `league_id` (`league_id`),
  CONSTRAINT `1` FOREIGN KEY (`league_id`) REFERENCES `League` (`league_id`)
) ENGINE=InnoDB AUTO_INCREMENT=21 DEFAULT CHARSET=utf8mb4 COLLATE=utf8mb4_uca1400_ai_ci;
/*!40101 SET character_set_client = @saved_cs_client */;

--
-- Dumping data for table `Team`
--

LOCK TABLES `Team` WRITE;
/*!40000 ALTER TABLE `Team` DISABLE KEYS */;
INSERT INTO `Team` VALUES (1,'Arsenal','England',1886,1),(2,'Chelsea','England',1905,1),(3,'Liverpool','England',1892,1),(4,'Manchester City','England',1880,1),(5,'Manchester United','England',1878,1),(6,'Tottenham Hotspur','England',1882,1),(7,'FC Barcelona','Spain',1899,2),(8,'Real Madrid','Spain',1902,2),(9,'Atletico Madrid','Spain',1903,2),(10,'Juventus','Italy',1897,3),(11,'AC Milan','Italy',1899,3),(12,'Inter Milan','Italy',1908,3),(13,'Bayern Munich','Germany',1900,4),(14,'Borussia Dortmund','Germany',1909,4),(15,'Bayer Leverkusen','Germany',1904,4),(16,'Paris Saint-Germain','France',1970,5),(17,'Olympique de Marseille','France',1899,5),(18,'Inter Miami CF','USA',2018,6),(19,'LA Galaxy','USA',1996,6),(20,'Atlanta United FC','USA',2014,6);
/*!40000 ALTER TABLE `Team` ENABLE KEYS */;
UNLOCK TABLES;

--
-- Table structure for table `Vendor`
--

DROP TABLE IF EXISTS `Vendor`;
/*!40101 SET @saved_cs_client     = @@character_set_client */;
/*!50503 SET character_set_client = utf8mb4 */;
CREATE TABLE `Vendor` (
  `vend_id` int(11) NOT NULL AUTO_INCREMENT,
  `vend_name` varchar(100) NOT NULL,
  `vend_email` varchar(100) NOT NULL,
  `vend_phone` varchar(30) DEFAULT NULL,
  `vend_country` varchar(100) NOT NULL,
  `vend_address` varchar(250) NOT NULL,
  PRIMARY KEY (`vend_id`)
) ENGINE=InnoDB AUTO_INCREMENT=21 DEFAULT CHARSET=utf8mb4 COLLATE=utf8mb4_uca1400_ai_ci;
/*!40101 SET character_set_client = @saved_cs_client */;

--
-- Dumping data for table `Vendor`
--

LOCK TABLES `Vendor` WRITE;
/*!40000 ALTER TABLE `Vendor` DISABLE KEYS */;
INSERT INTO `Vendor` VALUES (1,'Nike Inc.','orders@nike.com','+1-503-671-6453','USA','One Bowerman Drive, Beaverton, OR'),(2,'Adidas AG','b2b@adidas.com','+49-9132-84-0','Germany','Adi-Dassler-Strasse 1, Herzogenaurach'),(3,'Puma SE','wholesale@puma.com','+49-9132-81-0','Germany','PUMA Way 1, Herzogenaurach'),(4,'New Balance','sales@newbalance.com','+1-617-783-4000','USA','100 Guest Street, Brighton, MA'),(5,'Umbro','trade@umbro.com','+44-161-834-6700','UK','Umbro House, Manchester'),(6,'Macron Sport','info@macron.com','+39-051-608-5311','Italy','Via Rosselli 90, Valsamoggia'),(7,'Kappa','sales@kappa.com','+39-011-822-7111','Italy','Via Germagnano 30, Turin'),(8,'Hummel','info@hummel.net','+45-96-172100','Denmark','Ane Staunings Vej 15, Ikast'),(9,'Castore','trade@castore.com','+44-151-909-3800','UK','The Plaza, Liverpool'),(10,'Under Armour','wholesale@underarmour.com','+1-410-454-6428','USA','1020 Hull Street, Baltimore, MD'),(11,'Authentic XI Direct','stock@authenticxi.com','+1-813-555-0101','USA','123 Kit Lane, Tampa, FL'),(12,'Euro Kit Imports','buy@eurokitimports.com','+1-305-555-0202','USA','456 Merch Blvd, Miami, FL'),(13,'Sport Direct','trade@sportdirect.com','+44-845-129-9100','UK','Brook Park East, Shirebrook'),(14,'Pro Direct Soccer','trade@prodirectsoccer.com','+44-1392-456789','UK','Marsh Barton, Exeter'),(15,'Soccer.com','orders@soccer.com','+1-800-950-3611','USA','431 US Hwy 70A, Hillsborough, NC'),(16,'Subside Sports','info@subsidesports.com','+31-543-479700','Netherlands','Haaksbergerveen 55, Haaksbergen'),(17,'Classic Football Shirts','info@classicfootballshirts.co.uk','+44-161-888-2500','UK','Manchester'),(18,'Kit Heritage','sales@kitheritagestore.com','+1-212-555-0303','USA','789 Heritage Ave, New York, NY'),(19,'Retro Football Kits','orders@retrofootballkits.com','+44-20-7946-0404','UK','London, UK'),(20,'World Soccer Shop','service@worldsoccershop.com','+1-877-417-7625','USA','Atlanta, GA');
/*!40000 ALTER TABLE `Vendor` ENABLE KEYS */;
UNLOCK TABLES;
/*!40103 SET TIME_ZONE=@OLD_TIME_ZONE */;

/*!40101 SET SQL_MODE=@OLD_SQL_MODE */;
/*!40014 SET FOREIGN_KEY_CHECKS=@OLD_FOREIGN_KEY_CHECKS */;
/*!40014 SET UNIQUE_CHECKS=@OLD_UNIQUE_CHECKS */;
/*!40101 SET CHARACTER_SET_CLIENT=@OLD_CHARACTER_SET_CLIENT */;
/*!40101 SET CHARACTER_SET_RESULTS=@OLD_CHARACTER_SET_RESULTS */;
/*!40101 SET COLLATION_CONNECTION=@OLD_COLLATION_CONNECTION */;
/*!40111 SET SQL_NOTES=@OLD_SQL_NOTES */;

-- Dump completed on 2026-04-20 14:12:55